Date,USD_to_Euro_spot
2010-01-01,
2010-01-04,1.4419
2010-01-05,1.4402
2010-01-06,1.4404
2010-01-07,1.4314
2010-01-08,1.4357
2010-01-11,1.4536
2010-01-12,1.4523
2010-01-13,1.4492
2010-01-14,1.4478
2010-01-15,1.4376
2010-01-18,
2010-01-19,1.4269
2010-01-20,1.4094
2010-01-21,1.4106
2010-01-22,1.4154
2010-01-25,1.4146
2010-01-26,1.4063
2010-01-27,1.4053
2010-01-28,1.3993
2010-01-29,1.387
2010-02-01,1.3904
2010-02-02,1.3955
2010-02-03,1.3907
2010-02-04,1.3759
2010-02-05,1.3608
2010-02-08,1.3699
2010-02-09,1.3795
2010-02-10,1.3722
2010-02-11,1.364
2010-02-12,1.3625
2010-02-15,
2010-02-16,1.3742
2010-02-17,1.3623
2010-02-18,1.3563
2010-02-19,1.3538
2010-02-22,1.359
2010-02-23,1.3537
2010-02-24,1.3576
2010-02-25,1.3476
2010-02-26,1.366
2010-03-01,1.3516
2010-03-02,1.3564
2010-03-03,1.3731
2010-03-04,1.3571
2010-03-05,1.3608
2010-03-08,1.3613
2010-03-09,1.3586
2010-03-10,1.3658
2010-03-11,1.3674
2010-03-12,1.3753
2010-03-15,1.3652
2010-03-16,1.3758
2010-03-17,1.3739
2010-03-18,1.3603
2010-03-19,1.353
2010-03-22,1.3531
2010-03-23,1.3535
2010-03-24,1.3347
2010-03-25,1.3344
2010-03-26,1.3398
2010-03-29,1.3465
2010-03-30,1.3409
2010-03-31,1.3526
2010-04-01,1.3569
2010-04-02,1.3487
2010-04-05,1.3486
2010-04-06,1.3378
2010-04-07,1.3364
2010-04-08,1.336
2010-04-09,1.3468
2010-04-12,1.3587
2010-04-13,1.3592
2010-04-14,1.3666
2010-04-15,1.354
2010-04-16,1.3487
2010-04-19,1.3458
2010-04-20,1.3446
2010-04-21,1.3383
2010-04-22,1.3298
2010-04-23,1.336
2010-04-26,1.3336
2010-04-27,1.323
2010-04-28,1.313
2010-04-29,1.3243
2010-04-30,1.3302
2010-05-03,1.3183
2010-05-04,1.3037
2010-05-05,1.289
2010-05-06,1.2689
2010-05-07,1.2721
2010-05-10,1.2861
2010-05-11,1.2715
2010-05-12,1.2642
2010-05-13,1.2568
2010-05-14,1.239
2010-05-17,1.2299
2010-05-18,1.2358
2010-05-19,1.2317
2010-05-20,1.237
2010-05-21,1.2575
2010-05-24,1.2406
2010-05-25,1.2279
2010-05-26,1.2224
2010-05-27,1.237
2010-05-28,1.2369
2010-05-31,
2010-06-01,1.2266
2010-06-02,1.2206
2010-06-03,1.2193
2010-06-04,1.1998
2010-06-07,1.1959
2010-06-08,1.1995
2010-06-09,1.2045
2010-06-10,1.2111
2010-06-11,1.2077
2010-06-14,1.2277
2010-06-15,1.2327
2010-06-16,1.2323
2010-06-17,1.2365
2010-06-18,1.236
2010-06-21,1.2385
2010-06-22,1.2303
2010-06-23,1.231
2010-06-24,1.2288
2010-06-25,1.2332
2010-06-28,1.2316
2010-06-29,1.2187
2010-06-30,1.2291
2010-07-01,1.2464
2010-07-02,1.2577
2010-07-05,
2010-07-06,1.2646
2010-07-07,1.2594
2010-07-08,1.2683
2010-07-09,1.2639
2010-07-12,1.2573
2010-07-13,1.2719
2010-07-14,1.2755
2010-07-15,1.2893
2010-07-16,1.2919
2010-07-19,1.2963
2010-07-20,1.2905
2010-07-21,1.2818
2010-07-22,1.2903
2010-07-23,1.2874
2010-07-26,1.2983
2010-07-27,1.2983
2010-07-28,1.2998
2010-07-29,1.3064
2010-07-30,1.3069
2010-08-02,1.3174
2010-08-03,1.3239
2010-08-04,1.3158
2010-08-05,1.3157
2010-08-06,1.3282
2010-08-09,1.3241
2010-08-10,1.3095
2010-08-11,1.2899
2010-08-12,1.2866
2010-08-13,1.2767
2010-08-16,1.2838
2010-08-17,1.289
2010-08-18,1.2872
2010-08-19,1.2837
2010-08-20,1.2687
2010-08-23,1.2663
2010-08-24,1.2675
2010-08-25,1.2652
2010-08-26,1.2717
2010-08-27,1.2765
2010-08-30,1.2686
2010-08-31,1.2704
2010-09-01,1.2813
2010-09-02,1.2824
2010-09-03,1.2885
2010-09-06,
2010-09-07,1.2723
2010-09-08,1.2727
2010-09-09,1.2708
2010-09-10,1.2731
2010-09-13,1.289
2010-09-14,1.3014
2010-09-15,1.3008
2010-09-16,1.3079
2010-09-17,1.3046
2010-09-20,1.3074
2010-09-21,1.3136
2010-09-22,1.3385
2010-09-23,1.3344
2010-09-24,1.3476
2010-09-27,1.3475
2010-09-28,1.3583
2010-09-29,1.3638
2010-09-30,1.3601
2010-10-01,1.3754
2010-10-04,1.3688
2010-10-05,1.3834
2010-10-06,1.3924
2010-10-07,1.3921
2010-10-08,1.3923
2010-10-11,
2010-10-12,1.3846
2010-10-13,1.3964
2010-10-14,1.4066
2010-10-15,1.3998
2010-10-18,1.3978
2010-10-19,1.3827
2010-10-20,1.3949
2010-10-21,1.3973
2010-10-22,1.3904
2010-10-25,1.3986
2010-10-26,1.3873
2010-10-27,1.3788
2010-10-28,1.3929
2010-10-29,1.3894
2010-11-01,1.3888
2010-11-02,1.4026
2010-11-03,1.4014
2010-11-04,1.4224
2010-11-05,1.4033
2010-11-08,1.3927
2010-11-09,1.3865
2010-11-10,1.3728
2010-11-11,
2010-11-12,1.37
2010-11-15,1.3615
2010-11-16,1.3517
2010-11-17,1.3555
2010-11-18,1.3618
2010-11-19,1.3654
2010-11-22,1.3612
2010-11-23,1.3388
2010-11-24,1.335
2010-11-25,
2010-11-26,1.3243
2010-11-29,1.3092
2010-11-30,1.3036
2010-12-01,1.3149
2010-12-02,1.3228
2010-12-03,1.3367
2010-12-06,1.3275
2010-12-07,1.3323
2010-12-08,1.3242
2010-12-09,1.3206
2010-12-10,1.3242
2010-12-13,1.3389
2010-12-14,1.3395
2010-12-15,1.3306
2010-12-16,1.3206
2010-12-17,1.3155
2010-12-20,1.3124
2010-12-21,1.3131
2010-12-22,1.3089
2010-12-23,1.3101
2010-12-24,
2010-12-27,1.3146
2010-12-28,1.3122
2010-12-29,1.3183
2010-12-30,1.3269
2010-12-31,
2011-01-03,1.3371
2011-01-04,1.3306
2011-01-05,1.3171
2011-01-06,1.3027
2011-01-07,1.2944
2011-01-10,1.2945
2011-01-11,1.2978
2011-01-12,1.3066
2011-01-13,1.3364
2011-01-14,1.3328
2011-01-17,
2011-01-18,1.3399
2011-01-19,1.3495
2011-01-20,1.3443
2011-01-21,1.3581
2011-01-24,1.3653
2011-01-25,1.3644
2011-01-26,1.3688
2011-01-27,1.3688
2011-01-28,1.3607
2011-01-31,1.3715
2011-02-01,1.3793
2011-02-02,1.3779
2011-02-03,1.3654
2011-02-04,1.3584
2011-02-07,1.3557
2011-02-08,1.3687
2011-02-09,1.3688
2011-02-10,1.3637
2011-02-11,1.352
2011-02-14,1.3474
2011-02-15,1.3494
2011-02-16,1.3547
2011-02-17,1.3612
2011-02-18,1.3673
2011-02-21,
2011-02-22,1.3661
2011-02-23,1.3758
2011-02-24,1.3794
2011-02-25,1.3757
2011-02-28,1.3793
2011-03-01,1.3813
2011-03-02,1.3869
2011-03-03,1.3947
2011-03-04,1.3983
2011-03-07,1.3976
2011-03-08,1.3912
2011-03-09,1.3906
2011-03-10,1.3823
2011-03-11,1.3864
2011-03-14,1.3975
2011-03-15,1.3968
2011-03-16,1.3922
2011-03-17,1.4021
2011-03-18,1.4141
2011-03-21,1.4184
2011-03-22,1.4212
2011-03-23,1.4124
2011-03-24,1.42
2011-03-25,1.4144
2011-03-28,1.4104
2011-03-29,1.409
2011-03-30,1.4095
2011-03-31,1.4183
2011-04-01,1.4215
2011-04-04,1.4221
2011-04-05,1.423
2011-04-06,1.4333
2011-04-07,1.4287
2011-04-08,1.4437
2011-04-11,1.4454
2011-04-12,1.4455
2011-04-13,1.4477
2011-04-14,1.4464
2011-04-15,1.4443
2011-04-18,1.4211
2011-04-19,1.4319
2011-04-20,1.4513
2011-04-21,1.4585
2011-04-22,1.4545
2011-04-25,1.4576
2011-04-26,1.4625
2011-04-27,1.4659
2011-04-28,1.4785
2011-04-29,1.4821
2011-05-02,1.487
2011-05-03,1.4875
2011-05-04,1.4859
2011-05-05,1.4583
2011-05-06,1.4495
2011-05-09,1.4301
2011-05-10,1.4358
2011-05-11,1.4269
2011-05-12,1.4229
2011-05-13,1.4141
2011-05-16,1.4219
2011-05-17,1.4155
2011-05-18,1.427
2011-05-19,1.4254
2011-05-20,1.4172
2011-05-23,1.4015
2011-05-24,1.4107
2011-05-25,1.4102
2011-05-26,1.4088
2011-05-27,1.4287
2011-05-30,
2011-05-31,1.4376
2011-06-01,1.4431
2011-06-02,1.4426
2011-06-03,1.4604
2011-06-06,1.462
2011-06-07,1.4675
2011-06-08,1.4587
2011-06-09,1.4534
2011-06-10,1.4365
2011-06-13,1.4368
2011-06-14,1.4473
2011-06-15,1.4221
2011-06-16,1.4155
2011-06-17,1.4326
2011-06-20,1.432
2011-06-21,1.4399
2011-06-22,1.4403
2011-06-23,1.4166
2011-06-24,1.4189
2011-06-27,1.4282
2011-06-28,1.4368
2011-06-29,1.4428
2011-06-30,1.4523
2011-07-01,1.4508
2011-07-04,
2011-07-05,1.447
2011-07-06,1.4329
2011-07-07,1.4349
2011-07-08,1.4251
2011-07-11,1.4034
2011-07-12,1.4014
2011-07-13,1.4167
2011-07-14,1.4182
2011-07-15,1.4156
2011-07-18,1.4042
2011-07-19,1.4156
2011-07-20,1.4188
2011-07-21,1.4372
2011-07-22,1.4366
2011-07-25,1.4357
2011-07-26,1.4495
2011-07-27,1.4373
2011-07-28,1.4303
2011-07-29,1.4388
2011-08-01,1.4202
2011-08-02,1.4232
2011-08-03,1.432
2011-08-04,1.4158
2011-08-05,1.4158
2011-08-08,1.4241
2011-08-09,1.4242
2011-08-10,1.4193
2011-08-11,1.423
2011-08-12,1.4239
2011-08-15,1.4452
2011-08-16,1.4421
2011-08-17,1.4436
2011-08-18,1.432
2011-08-19,1.4408
2011-08-22,1.4384
2011-08-23,1.4431
2011-08-24,1.4402
2011-08-25,1.438
2011-08-26,1.4463
2011-08-29,1.451
2011-08-30,1.4435
2011-08-31,1.4406
2011-09-01,1.4283
2011-09-02,1.4203
2011-09-05,
2011-09-06,1.3999
2011-09-07,1.4058
2011-09-08,1.3947
2011-09-09,1.3666
2011-09-12,1.3635
2011-09-13,1.368
2011-09-14,1.371
2011-09-15,1.3858
2011-09-16,1.3783
2011-09-19,1.3636
2011-09-20,1.3697
2011-09-21,1.3724
2011-09-22,1.3446
2011-09-23,1.3518
2011-09-26,1.3516
2011-09-27,1.3606
2011-09-28,1.3628
2011-09-29,1.3639
2011-09-30,1.3449
2011-10-03,1.3281
2011-10-04,1.3294
2011-10-05,1.3328
2011-10-06,1.3408
2011-10-07,1.3512
2011-10-10,
2011-10-11,1.3657
2011-10-12,1.3805
2011-10-13,1.373
2011-10-14,1.3861
2011-10-17,1.377
2011-10-18,1.3719
2011-10-19,1.3775
2011-10-20,1.3672
2011-10-21,1.3873
2011-10-24,1.3932
2011-10-25,1.3911
2011-10-26,1.3838
2011-10-27,1.4172
2011-10-28,1.4164
2011-10-31,1.3947
2011-11-01,1.3676
2011-11-02,1.3803
2011-11-03,1.3744
2011-11-04,1.3761
2011-11-07,1.3744
2011-11-08,1.3785
2011-11-09,1.3596
2011-11-10,1.36
2011-11-11,
2011-11-14,1.3625
2011-11-15,1.3524
2011-11-16,1.3505
2011-11-17,1.3522
2011-11-18,1.3521
2011-11-21,1.3525
2011-11-22,1.35
2011-11-23,1.3347
2011-11-24,
2011-11-25,1.3244
2011-11-28,1.3334
2011-11-29,1.3343
2011-11-30,1.3453
2011-12-01,1.3487
2011-12-02,1.3386
2011-12-05,1.3463
2011-12-06,1.3397
2011-12-07,1.3386
2011-12-08,1.3324
2011-12-09,1.3368
2011-12-12,1.3188
2011-12-13,1.3094
2011-12-14,1.2972
2011-12-15,1.3013
2011-12-16,1.3025
2011-12-19,1.3017
2011-12-20,1.3076
2011-12-21,1.304
2011-12-22,1.3045
2011-12-23,1.304
2011-12-26,
2011-12-27,1.3074
2011-12-28,1.2926
2011-12-29,1.2952
2011-12-30,1.2973
2012-01-02,
2012-01-03,1.3061
2012-01-04,1.293
2012-01-05,1.2783
2012-01-06,1.2723
2012-01-09,1.2745
2012-01-10,1.2782
2012-01-11,1.2686
2012-01-12,1.2818
2012-01-13,1.2682
2012-01-16,
2012-01-17,1.274
2012-01-18,1.2825
2012-01-19,1.2937
2012-01-20,1.2948
2012-01-23,1.3035
2012-01-24,1.3004
2012-01-25,1.2978
2012-01-26,1.3152
2012-01-27,1.3192
2012-01-30,1.3123
2012-01-31,1.3053
2012-02-01,1.3179
2012-02-02,1.3167
2012-02-03,1.3106
2012-02-06,1.313
2012-02-07,1.3244
2012-02-08,1.3253
2012-02-09,1.3297
2012-02-10,1.3187
2012-02-13,1.3211
2012-02-14,1.3149
2012-02-15,1.3087
2012-02-16,1.311
2012-02-17,1.3149
2012-02-20,
2012-02-21,1.3255
2012-02-22,1.3251
2012-02-23,1.3308
2012-02-24,1.3463
2012-02-27,1.341
2012-02-28,1.3452
2012-02-29,1.3359
2012-03-01,1.332
2012-03-02,1.3202
2012-03-05,1.3226
2012-03-06,1.3114
2012-03-07,1.3149
2012-03-08,1.3256
2012-03-09,1.3108
2012-03-12,1.3141
2012-03-13,1.3109
2012-03-14,1.3025
2012-03-15,1.307
2012-03-16,1.3171
2012-03-19,1.3242
2012-03-20,1.3222
2012-03-21,1.319
2012-03-22,1.3194
2012-03-23,1.3263
2012-03-26,1.3328
2012-03-27,1.3336
2012-03-28,1.33
2012-03-29,1.3265
2012-03-30,1.3334
2012-04-02,1.3325
2012-04-03,1.3337
2012-04-04,1.3126
2012-04-05,1.3064
2012-04-06,1.3089
2012-04-09,1.3087
2012-04-10,1.3068
2012-04-11,1.3104
2012-04-12,1.3171
2012-04-13,1.3082
2012-04-16,1.3067
2012-04-17,1.3123
2012-04-18,1.3122
2012-04-19,1.3132
2012-04-20,1.3212
2012-04-23,1.3129
2012-04-24,1.3207
2012-04-25,1.321
2012-04-26,1.3232
2012-04-27,1.3248
2012-04-30,1.3229
2012-05-01,1.3226
2012-05-02,1.3154
2012-05-03,1.3147
2012-05-04,1.3091
2012-05-07,1.3052
2012-05-08,1.3015
2012-05-09,1.2954
2012-05-10,1.2959
2012-05-11,1.2937
2012-05-14,1.2847
2012-05-15,1.2769
2012-05-16,1.273
2012-05-17,1.2709
2012-05-18,1.2721
2012-05-21,1.2769
2012-05-22,1.2735
2012-05-23,1.2569
2012-05-24,1.2583
2012-05-25,1.2518
2012-05-28,
2012-05-29,1.2488
2012-05-30,1.2405
2012-05-31,1.2364
2012-06-01,1.242
2012-06-04,1.2495
2012-06-05,1.2437
2012-06-06,1.2535
2012-06-07,1.2568
2012-06-08,1.2482
2012-06-11,1.2504
2012-06-12,1.2477
2012-06-13,1.2596
2012-06-14,1.2608
2012-06-15,1.2633
2012-06-18,1.2578
2012-06-19,1.2692
2012-06-20,1.2703
2012-06-21,1.2586
2012-06-22,1.2545
2012-06-25,1.248
2012-06-26,1.2471
2012-06-27,1.2457
2012-06-28,1.2433
2012-06-29,1.2668
2012-07-02,1.2584
2012-07-03,1.262
2012-07-04,
2012-07-05,1.2384
2012-07-06,1.2283
2012-07-09,1.2299
2012-07-10,1.2255
2012-07-11,1.2244
2012-07-12,1.2199
2012-07-13,1.2232
2012-07-16,1.2267
2012-07-17,1.2234
2012-07-18,1.2261
2012-07-19,1.2257
2012-07-20,1.2176
2012-07-23,1.2126
2012-07-24,1.2062
2012-07-25,1.2132
2012-07-26,1.228
2012-07-27,1.237
2012-07-30,1.225
2012-07-31,1.2315
2012-08-01,1.2299
2012-08-02,1.2149
2012-08-03,1.239
2012-08-06,1.2422
2012-08-07,1.2422
2012-08-08,1.2364
2012-08-09,1.2278
2012-08-10,1.2298
2012-08-13,1.2339
2012-08-14,1.2329
2012-08-15,1.2288
2012-08-16,1.2356
2012-08-17,1.2315
2012-08-20,1.2343
2012-08-21,1.2472
2012-08-22,1.2472
2012-08-23,1.2583
2012-08-24,1.2533
2012-08-27,1.2514
2012-08-28,1.2564
2012-08-29,1.2538
2012-08-30,1.2497
2012-08-31,1.2578
2012-09-03,
2012-09-04,1.2566
2012-09-05,1.2603
2012-09-06,1.2626
2012-09-07,1.2796
2012-09-10,1.2795
2012-09-11,1.2858
2012-09-12,1.2894
2012-09-13,1.2912
2012-09-14,1.3142
2012-09-17,1.3125
2012-09-18,1.3051
2012-09-19,1.3065
2012-09-20,1.2948
2012-09-21,1.299
2012-09-24,1.2909
2012-09-25,1.2945
2012-09-26,1.2852
2012-09-27,1.2874
2012-09-28,1.2856
2012-10-01,1.29
2012-10-02,1.2951
2012-10-03,1.2909
2012-10-04,1.3001
2012-10-05,1.3059
2012-10-08,
2012-10-09,1.2876
2012-10-10,1.2888
2012-10-11,1.2928
2012-10-12,1.2946
2012-10-15,1.295
2012-10-16,1.3036
2012-10-17,1.3133
2012-10-18,1.3106
2012-10-19,1.3022
2012-10-22,1.3063
2012-10-23,1.2971
2012-10-24,1.2946
2012-10-25,1.2958
2012-10-26,1.2938
2012-10-29,1.2906
2012-10-30,1.2979
2012-10-31,1.2958
2012-11-01,1.2937
2012-11-02,1.2848
2012-11-05,1.279
2012-11-06,1.2818
2012-11-07,1.2759
2012-11-08,1.274
2012-11-09,1.2715
2012-11-12,
2012-11-13,1.2716
2012-11-14,1.274
2012-11-15,1.2783
2012-11-16,1.2715
2012-11-19,1.2806
2012-11-20,1.2814
2012-11-21,1.2816
2012-11-22,
2012-11-23,1.2959
2012-11-26,1.2966
2012-11-27,1.294
2012-11-28,1.2923
2012-11-29,1.2953
2012-11-30,1.301
2012-12-03,1.3066
2012-12-04,1.3081
2012-12-05,1.3077
2012-12-06,1.2968
2012-12-07,1.2942
2012-12-10,1.293
2012-12-11,1.2992
2012-12-12,1.3038
2012-12-13,1.3077
2012-12-14,1.3134
2012-12-17,1.3169
2012-12-18,1.3224
2012-12-19,1.326
2012-12-20,1.3224
2012-12-21,1.3166
2012-12-24,1.3179
2012-12-25,
2012-12-26,1.3228
2012-12-27,1.3228
2012-12-28,1.322
2012-12-31,1.3186
2013-01-01,
2013-01-02,1.3195
2013-01-03,1.311
2013-01-04,1.3047
2013-01-07,1.3099
2013-01-08,1.3068
2013-01-09,1.3078
2013-01-10,1.322
2013-01-11,1.3353
2013-01-14,1.3369
2013-01-15,1.3342
2013-01-16,1.3305
2013-01-17,1.3356
2013-01-18,1.3303
2013-01-21,
2013-01-22,1.3304
2013-01-23,1.3308
2013-01-24,1.3378
2013-01-25,1.3456
2013-01-28,1.3459
2013-01-29,1.3484
2013-01-30,1.3564
2013-01-31,1.3584
2013-02-01,1.3692
2013-02-04,1.3527
2013-02-05,1.3569
2013-02-06,1.3528
2013-02-07,1.3382
2013-02-08,1.3366
2013-02-11,1.3414
2013-02-12,1.345
2013-02-13,1.3448
2013-02-14,1.3334
2013-02-15,1.3362
2013-02-18,
2013-02-19,1.3387
2013-02-20,1.335
2013-02-21,1.3204
2013-02-22,1.3166
2013-02-25,1.3172
2013-02-26,1.3054
2013-02-27,1.3104
2013-02-28,1.3079
2013-03-01,1.2988
2013-03-04,1.2996
2013-03-05,1.3019
2013-03-06,1.299
2013-03-07,1.3098
2013-03-08,1.2992
2013-03-11,1.3014
2013-03-12,1.3023
2013-03-13,1.2949
2013-03-14,1.2974
2013-03-15,1.3076
2013-03-18,1.2956
2013-03-19,1.2888
2013-03-20,1.295
2013-03-21,1.2928
2013-03-22,1.2996
2013-03-25,1.2881
2013-03-26,1.2858
2013-03-27,1.2782
2013-03-28,1.2842
2013-03-29,1.2816
2013-04-01,1.2857
2013-04-02,1.2836
2013-04-03,1.2847
2013-04-04,1.2854
2013-04-05,1.3027
2013-04-08,1.3008
2013-04-09,1.3092
2013-04-10,1.306
2013-04-11,1.3124
2013-04-12,1.3094
2013-04-15,1.3082
2013-04-16,1.3141
2013-04-17,1.3049
2013-04-18,1.3072
2013-04-19,1.3066
2013-04-22,1.305
2013-04-23,1.3012
2013-04-24,1.2997
2013-04-25,1.3004
2013-04-26,1.3024
2013-04-29,1.309
2013-04-30,1.3168
2013-05-01,1.3192
2013-05-02,1.3066
2013-05-03,1.3112
2013-05-06,1.3067
2013-05-07,1.3085
2013-05-08,1.3177
2013-05-09,1.3105
2013-05-10,1.2955
2013-05-13,1.2981
2013-05-14,1.2969
2013-05-15,1.2857
2013-05-16,1.2898
2013-05-17,1.2818
2013-05-20,1.2865
2013-05-21,1.291
2013-05-22,1.2864
2013-05-23,1.2944
2013-05-24,1.292
2013-05-27,
2013-05-28,1.287
2013-05-29,1.2944
2013-05-30,1.3042
2013-05-31,1.2988
2013-06-03,1.3098
2013-06-04,1.3075
2013-06-05,1.3088
2013-06-06,1.3248
2013-06-07,1.3242
2013-06-10,1.3234
2013-06-11,1.3278
2013-06-12,1.3354
2013-06-13,1.3314
2013-06-14,1.333
2013-06-17,1.3341
2013-06-18,1.3407
2013-06-19,1.3404
2013-06-20,1.3214
2013-06-21,1.3113
2013-06-24,1.3091
2013-06-25,1.308
2013-06-26,1.3006
2013-06-27,1.3016
2013-06-28,1.301
2013-07-01,1.306
2013-07-02,1.3017
2013-07-03,1.3005
2013-07-04,
2013-07-05,1.2831
2013-07-08,1.2863
2013-07-09,1.2774
2013-07-10,1.2846
2013-07-11,1.3046
2013-07-12,1.3048
2013-07-15,1.3039
2013-07-16,1.3144
2013-07-17,1.3094
2013-07-18,1.3078
2013-07-19,1.3142
2013-07-22,1.3193
2013-07-23,1.3212
2013-07-24,1.3228
2013-07-25,1.3234
2013-07-26,1.3269
2013-07-29,1.3262
2013-07-30,1.3266
2013-07-31,1.3282
2013-08-01,1.3217
2013-08-02,1.3268
2013-08-05,1.3257
2013-08-06,1.3296
2013-08-07,1.3329
2013-08-08,1.3392
2013-08-09,1.3338
2013-08-12,1.3312
2013-08-13,1.3247
2013-08-14,1.3256
2013-08-15,1.3263
2013-08-16,1.3321
2013-08-19,1.3348
2013-08-20,1.3426
2013-08-21,1.3368
2013-08-22,1.3362
2013-08-23,1.3392
2013-08-26,1.3369
2013-08-27,1.3387
2013-08-28,1.3326
2013-08-29,1.3228
2013-08-30,1.3196
2013-09-02,
2013-09-03,1.3164
2013-09-04,1.3212
2013-09-05,1.312
2013-09-06,1.3166
2013-09-09,1.326
2013-09-10,1.326
2013-09-11,1.3301
2013-09-12,1.3315
2013-09-13,1.3276
2013-09-16,1.335
2013-09-17,1.3357
2013-09-18,1.3351
2013-09-19,1.3527
2013-09-20,1.3522
2013-09-23,1.352
2013-09-24,1.349
2013-09-25,1.3536
2013-09-26,1.3484
2013-09-27,1.3537
2013-09-30,1.3535
2013-10-01,1.3534
2013-10-02,1.3592
2013-10-03,1.3642
2013-10-04,1.3582
2013-10-07,1.3569
2013-10-08,1.3582
2013-10-09,1.3513
2013-10-10,1.3535
2013-10-11,1.3559
2013-10-14,
2013-10-15,1.3494
2013-10-16,1.349
2013-10-17,1.3664
2013-10-18,1.3693
2013-10-21,1.3672
2013-10-22,1.3778
2013-10-23,1.3786
2013-10-24,1.381
2013-10-25,1.3794
2013-10-28,1.3786
2013-10-29,1.377
2013-10-30,1.3771
2013-10-31,1.3594
2013-11-01,1.3488
2013-11-04,1.3516
2013-11-05,1.347
2013-11-06,1.353
2013-11-07,1.339
2013-11-08,1.3357
2013-11-11,
2013-11-12,1.3428
2013-11-13,1.3456
2013-11-14,1.3468
2013-11-15,1.348
2013-11-18,1.352
2013-11-19,1.3529
2013-11-20,1.3451
2013-11-21,1.347
2013-11-22,1.3547
2013-11-25,1.3502
2013-11-26,1.3555
2013-11-27,1.3563
2013-11-28,
2013-11-29,1.3606
2013-12-02,1.3552
2013-12-03,1.3604
2013-12-04,1.3555
2013-12-05,1.3664
2013-12-06,1.369
2013-12-09,1.3726
2013-12-10,1.3765
2013-12-11,1.3798
2013-12-12,1.3752
2013-12-13,1.3724
2013-12-16,1.3757
2013-12-17,1.3748
2013-12-18,1.3766
2013-12-19,1.3666
2013-12-20,1.3673
2013-12-23,1.3701
2013-12-24,1.3676
2013-12-25,
2013-12-26,1.369
2013-12-27,1.3766
2013-12-30,1.3816
2013-12-31,1.3779
2014-01-01,
2014-01-02,1.367
2014-01-03,1.3606
2014-01-06,1.3636
2014-01-07,1.3618
2014-01-08,1.3586
2014-01-09,1.3591
2014-01-10,1.3664
2014-01-13,1.3647
2014-01-14,1.3682
2014-01-15,1.3604
2014-01-16,1.36
2014-01-17,1.3554
2014-01-20,
2014-01-21,1.356
2014-01-22,1.3546
2014-01-23,1.368
2014-01-24,1.368
2014-01-27,1.3679
2014-01-28,1.3662
2014-01-29,1.3663
2014-01-30,1.3549
2014-01-31,1.35
2014-02-03,1.3523
2014-02-04,1.3507
2014-02-05,1.3519
2014-02-06,1.3604
2014-02-07,1.3614
2014-02-10,1.3644
2014-02-11,1.3654
2014-02-12,1.3592
2014-02-13,1.3669
2014-02-14,1.369
2014-02-17,
2014-02-18,1.3758
2014-02-19,1.3762
2014-02-20,1.369
2014-02-21,1.3722
2014-02-24,1.3744
2014-02-25,1.3749
2014-02-26,1.3668
2014-02-27,1.3724
2014-02-28,1.3806
2014-03-03,1.3763
2014-03-04,1.3731
2014-03-05,1.3734
2014-03-06,1.3848
2014-03-07,1.3868
2014-03-10,1.388
2014-03-11,1.3867
2014-03-12,1.3904
2014-03-13,1.3927
2014-03-14,1.3924
2014-03-17,1.3927
2014-03-18,1.3913
2014-03-19,1.391
2014-03-20,1.3784
2014-03-21,1.3783
2014-03-24,1.3784
2014-03-25,1.3777
2014-03-26,1.3786
2014-03-27,1.3752
2014-03-28,1.3753
2014-03-31,1.3777
2014-04-01,1.3804
2014-04-02,1.3761
2014-04-03,1.3708
2014-04-04,1.3704
2014-04-07,1.3745
2014-04-08,1.3802
2014-04-09,1.3816
2014-04-10,1.3892
2014-04-11,1.3898
2014-04-14,1.3824
2014-04-15,1.3806
2014-04-16,1.382
2014-04-17,1.3832
2014-04-18,1.3816
2014-04-21,1.379
2014-04-22,1.3804
2014-04-23,1.3814
2014-04-24,1.3828
2014-04-25,1.3838
2014-04-28,1.3844
2014-04-29,1.3808
2014-04-30,1.387
2014-05-01,1.3867
2014-05-02,1.3864
2014-05-05,1.3884
2014-05-06,1.3924
2014-05-07,1.3917
2014-05-08,1.3864
2014-05-09,1.3763
2014-05-12,1.376
2014-05-13,1.3711
2014-05-14,1.3718
2014-05-15,1.3712
2014-05-16,1.3708
2014-05-19,1.3716
2014-05-20,1.3702
2014-05-21,1.3657
2014-05-22,1.3652
2014-05-23,1.3628
2014-05-26,
2014-05-27,1.3618
2014-05-28,1.3596
2014-05-29,1.3608
2014-05-30,1.364
2014-06-02,1.3606
2014-06-03,1.3624
2014-06-04,1.3619
2014-06-05,1.3618
2014-06-06,1.3639
2014-06-09,1.3589
2014-06-10,1.3543
2014-06-11,1.3532
2014-06-12,1.3556
2014-06-13,1.3522
2014-06-16,1.3578
2014-06-17,1.3543
2014-06-18,1.3567
2014-06-19,1.362
2014-06-20,1.3586
2014-06-23,1.3593
2014-06-24,1.3588
2014-06-25,1.3638
2014-06-26,1.361
2014-06-27,1.3631
2014-06-30,1.369
2014-07-01,1.3681
2014-07-02,1.3656
2014-07-03,1.361
2014-07-04,
2014-07-07,1.3604
2014-07-08,1.3614
2014-07-09,1.363
2014-07-10,1.36
2014-07-11,1.3598
2014-07-14,1.362
2014-07-15,1.3573
2014-07-16,1.353
2014-07-17,1.353
2014-07-18,1.3515
2014-07-21,1.3524
2014-07-22,1.347
2014-07-23,1.3462
2014-07-24,1.3468
2014-07-25,1.3431
2014-07-28,1.344
2014-07-29,1.341
2014-07-30,1.3378
2014-07-31,1.339
2014-08-01,1.3436
2014-08-04,1.3414
2014-08-05,1.3366
2014-08-06,1.3355
2014-08-07,1.3362
2014-08-08,1.3412
2014-08-11,1.3385
2014-08-12,1.3357
2014-08-13,1.3367
2014-08-14,1.3376
2014-08-15,1.3392
2014-08-18,1.3358
2014-08-19,1.332
2014-08-20,1.3284
2014-08-21,1.3284
2014-08-22,1.3237
2014-08-25,1.3206
2014-08-26,1.3189
2014-08-27,1.3192
2014-08-28,1.3178
2014-08-29,1.315
2014-09-01,
2014-09-02,1.3124
2014-09-03,1.3136
2014-09-04,1.2926
2014-09-05,1.2956
2014-09-08,1.2948
2014-09-09,1.2909
2014-09-10,1.2908
2014-09-11,1.2936
2014-09-12,1.2955
2014-09-15,1.2951
2014-09-16,1.2976
2014-09-17,1.2958
2014-09-18,1.2913
2014-09-19,1.2835
2014-09-22,1.2829
2014-09-23,1.2858
2014-09-24,1.2788
2014-09-25,1.2748
2014-09-26,1.2686
2014-09-29,1.2703
2014-09-30,1.2628
2014-10-01,1.2618
2014-10-02,1.267
2014-10-03,1.2517
2014-10-06,1.2592
2014-10-07,1.2626
2014-10-08,1.2683
2014-10-09,1.2683
2014-10-10,1.2636
2014-10-13,
2014-10-14,1.266
2014-10-15,1.2778
2014-10-16,1.2812
2014-10-17,1.2755
2014-10-20,1.2783
2014-10-21,1.2724
2014-10-22,1.2658
2014-10-23,1.2658
2014-10-24,1.2675
2014-10-27,1.2712
2014-10-28,1.2747
2014-10-29,1.2762
2014-10-30,1.2622
2014-10-31,1.253
2014-11-03,1.2487
2014-11-04,1.2554
2014-11-05,1.2488
2014-11-06,1.2414
2014-11-07,1.2422
2014-11-10,1.2425
2014-11-11,
2014-11-12,1.2456
2014-11-13,1.2476
2014-11-14,1.2494
2014-11-17,1.2447
2014-11-18,1.2534
2014-11-19,1.2548
2014-11-20,1.2526
2014-11-21,1.2394
2014-11-24,1.2427
2014-11-25,1.2472
2014-11-26,1.2503
2014-11-27,
2014-11-28,1.2438
2014-12-01,1.249
2014-12-02,1.239
2014-12-03,1.2304
2014-12-04,1.2432
2014-12-05,1.2304
2014-12-08,1.2292
2014-12-09,1.2415
2014-12-10,1.2425
2014-12-11,1.2397
2014-12-12,1.2484
2014-12-15,1.247
2014-12-16,1.2504
2014-12-17,1.2406
2014-12-18,1.2291
2014-12-19,1.2235
2014-12-22,1.2252
2014-12-23,1.218
2014-12-24,1.2188
2014-12-25,
2014-12-26,
2014-12-29,1.2179
2014-12-30,1.2174
2014-12-31,1.2101
2015-01-01,
2015-01-02,1.2015
2015-01-05,1.1918
2015-01-06,1.1936
2015-01-07,1.182
2015-01-08,1.1811
2015-01-09,1.183
2015-01-12,1.1832
2015-01-13,1.1779
2015-01-14,1.1806
2015-01-15,1.1598
2015-01-16,1.1517
2015-01-19,
2015-01-20,1.1559
2015-01-21,1.1584
2015-01-22,1.1414
2015-01-23,1.1279
2015-01-26,1.129
2015-01-27,1.137
2015-01-28,1.1342
2015-01-29,1.1308
2015-01-30,1.129
2015-02-02,1.1337
2015-02-03,1.1462
2015-02-04,1.1418
2015-02-05,1.1432
2015-02-06,1.133
2015-02-09,1.1316
2015-02-10,1.1316
2015-02-11,1.13
2015-02-12,1.141
2015-02-13,1.1408
2015-02-16,
2015-02-17,1.1395
2015-02-18,1.1342
2015-02-19,1.1392
2015-02-20,1.1372
2015-02-23,1.1346
2015-02-24,1.1307
2015-02-25,1.1363
2015-02-26,1.1212
2015-02-27,1.1197
2015-03-02,1.119
2015-03-03,1.1212
2015-03-04,1.107
2015-03-05,1.1006
2015-03-06,1.0855
2015-03-09,1.0846
2015-03-10,1.0707
2015-03-11,1.0576
2015-03-12,1.0615
2015-03-13,1.0524
2015-03-16,1.0575
2015-03-17,1.0605
2015-03-18,1.0643
2015-03-19,1.0621
2015-03-20,1.0792
2015-03-23,1.0928
2015-03-24,1.0908
2015-03-25,1.0986
2015-03-26,1.0919
2015-03-27,1.0891
2015-03-30,1.0818
2015-03-31,1.0741
2015-04-01,1.0768
2015-04-02,1.0874
2015-04-03,1.099
2015-04-06,1.1008
2015-04-07,1.085
2015-04-08,1.0818
2015-04-09,1.0671
2015-04-10,1.0598
2015-04-13,1.0582
2015-04-14,1.0672
2015-04-15,1.0596
2015-04-16,1.0742
2015-04-17,1.078
2015-04-20,1.0763
2015-04-21,1.0758
2015-04-22,1.0729
2015-04-23,1.0803
2015-04-24,1.0876
2015-04-27,1.0892
2015-04-28,1.0979
2015-04-29,1.1174
2015-04-30,1.1162
2015-05-01,1.1194
2015-05-04,1.1145
2015-05-05,1.1174
2015-05-06,1.1345
2015-05-07,1.1283
2015-05-08,1.1241
2015-05-11,1.1142
2015-05-12,1.124
2015-05-13,1.1372
2015-05-14,1.1368
2015-05-15,1.1428
2015-05-18,1.1354
2015-05-19,1.1151
2015-05-20,1.1079
2015-05-21,1.1126
2015-05-22,1.1033
2015-05-25,
2015-05-26,1.0876
2015-05-27,1.0888
2015-05-28,1.0914
2015-05-29,1.0994
2015-06-01,1.0913
2015-06-02,1.113
2015-06-03,1.1285
2015-06-04,1.1271
2015-06-05,1.1108
2015-06-08,1.1232
2015-06-09,1.1284
2015-06-10,1.1307
2015-06-11,1.1236
2015-06-12,1.1278
2015-06-15,1.1266
2015-06-16,1.1238
2015-06-17,1.1244
2015-06-18,1.1404
2015-06-19,1.1335
2015-06-22,1.1378
2015-06-23,1.119
2015-06-24,1.1178
2015-06-25,1.1196
2015-06-26,1.1156
2015-06-29,1.118
2015-06-30,1.1154
2015-07-01,1.1084
2015-07-02,1.109
2015-07-03,
2015-07-06,1.1076
2015-07-07,1.0952
2015-07-08,1.1072
2015-07-09,1.1025
2015-07-10,1.115
2015-07-13,1.102
2015-07-14,1.1015
2015-07-15,1.0965
2015-07-16,1.0898
2015-07-17,1.0848
2015-07-20,1.085
2015-07-21,1.0927
2015-07-22,1.0884
2015-07-23,1.0976
2015-07-24,1.0976
2015-07-27,1.1112
2015-07-28,1.1055
2015-07-29,1.1026
2015-07-30,1.0914
2015-07-31,1.1028
2015-08-03,1.0962
2015-08-04,1.0953
2015-08-05,1.0868
2015-08-06,1.0922
2015-08-07,1.0958
2015-08-10,1.0994
2015-08-11,1.1042
2015-08-12,1.1198
2015-08-13,1.1144
2015-08-14,1.111
2015-08-17,1.1078
2015-08-18,1.1028
2015-08-19,1.1061
2015-08-20,1.12
2015-08-21,1.1356
2015-08-24,1.158
2015-08-25,1.141
2015-08-26,1.139
2015-08-27,1.1239
2015-08-28,1.1172
2015-08-31,1.1194
2015-09-01,1.1263
2015-09-02,1.1242
2015-09-03,1.1104
2015-09-04,1.1117
2015-09-07,
2015-09-08,1.1182
2015-09-09,1.1165
2015-09-10,1.1262
2015-09-11,1.1338
2015-09-14,1.1307
2015-09-15,1.126
2015-09-16,1.1304
2015-09-17,1.1312
2015-09-18,1.1358
2015-09-21,1.1204
2015-09-22,1.1133
2015-09-23,1.116
2015-09-24,1.1252
2015-09-25,1.1192
2015-09-28,1.1236
2015-09-29,1.1246
2015-09-30,1.1162
2015-10-01,1.12
2015-10-02,1.1276
2015-10-05,1.12
2015-10-06,1.1266
2015-10-07,1.1249
2015-10-08,1.1282
2015-10-09,1.1363
2015-10-12,
2015-10-13,1.1382
2015-10-14,1.1437
2015-10-15,1.1418
2015-10-16,1.136
2015-10-19,1.132
2015-10-20,1.1359
2015-10-21,1.1345
2015-10-22,1.114
2015-10-23,1.1016
2015-10-26,1.1051
2015-10-27,1.1052
2015-10-28,1.1066
2015-10-29,1.0963
2015-10-30,1.1042
2015-11-02,1.1026
2015-11-03,1.0946
2015-11-04,1.0861
2015-11-05,1.0869
2015-11-06,1.0746
2015-11-09,1.0767
2015-11-10,1.0686
2015-11-11,
2015-11-12,1.0768
2015-11-13,1.0722
2015-11-16,1.0708
2015-11-17,1.0634
2015-11-18,1.0638
2015-11-19,1.0746
2015-11-20,1.066
2015-11-23,1.0602
2015-11-24,1.0652
2015-11-25,1.0616
2015-11-26,
2015-11-27,1.0596
2015-11-30,1.0562
2015-12-01,1.062
2015-12-02,1.0573
2015-12-03,1.0902
2015-12-04,1.0884
2015-12-07,1.084
2015-12-08,1.0876
2015-12-09,1.0984
2015-12-10,1.0948
2015-12-11,1.1002
2015-12-14,1.1025
2015-12-15,1.0911
2015-12-16,1.0937
2015-12-17,1.0804
2015-12-18,1.0847
2015-12-21,1.092
2015-12-22,1.0978
2015-12-23,1.0875
2015-12-24,1.0955
2015-12-25,
2015-12-28,1.0983
2015-12-29,1.0916
2015-12-30,1.0912
2015-12-31,1.0859
2016-01-01,
2016-01-04,1.0803
2016-01-05,1.0743
2016-01-06,1.0762
2016-01-07,1.086
2016-01-08,1.0885
2016-01-11,1.0878
2016-01-12,1.0837
2016-01-13,1.0862
2016-01-14,1.0862
2016-01-15,1.0964
2016-01-18,
2016-01-19,1.0906
2016-01-20,1.0908
2016-01-21,1.0833
2016-01-22,1.0814
2016-01-25,1.0832
2016-01-26,1.0846
2016-01-27,1.0867
2016-01-28,1.0952
2016-01-29,1.0832
2016-02-01,1.0888
2016-02-02,1.0908
2016-02-03,1.1051
2016-02-04,1.1199
2016-02-05,1.1131
2016-02-08,1.117
2016-02-09,1.13
2016-02-10,1.1222
2016-02-11,1.1362
2016-02-12,1.1235
2016-02-15,
2016-02-16,1.114
2016-02-17,1.114
2016-02-18,1.1092
2016-02-19,1.1127
2016-02-22,1.1018
2016-02-23,1.1016
2016-02-24,1.1021
2016-02-25,1.1026
2016-02-26,1.0932
2016-02-29,1.0868
2016-03-01,1.0847
2016-03-02,1.0845
2016-03-03,1.0948
2016-03-04,1.101
2016-03-07,1.1004
2016-03-08,1.1028
2016-03-09,1.1022
2016-03-10,1.1162
2016-03-11,1.118
2016-03-14,1.1107
2016-03-15,1.1112
2016-03-16,1.1075
2016-03-17,1.1316
2016-03-18,1.1292
2016-03-21,1.126
2016-03-22,1.1228
2016-03-23,1.1174
2016-03-24,1.1163
2016-03-25,1.1164
2016-03-28,1.121
2016-03-29,1.1204
2016-03-30,1.133
2016-03-31,1.139
2016-04-01,1.1385
2016-04-04,1.1386
2016-04-05,1.1374
2016-04-06,1.143
2016-04-07,1.1386
2016-04-08,1.1406
2016-04-11,1.1412
2016-04-12,1.1395
2016-04-13,1.1281
2016-04-14,1.1262
2016-04-15,1.1295
2016-04-18,1.1322
2016-04-19,1.1375
2016-04-20,1.133
2016-04-21,1.1301
2016-04-22,1.1239
2016-04-25,1.1274
2016-04-26,1.1318
2016-04-27,1.1322
2016-04-28,1.1325
2016-04-29,1.1441
2016-05-02,1.1516
2016-05-03,1.1508
2016-05-04,1.1486
2016-05-05,1.1404
2016-05-06,1.1421
2016-05-09,1.1402
2016-05-10,1.1386
2016-05-11,1.1444
2016-05-12,1.138
2016-05-13,1.1294
2016-05-16,1.1328
2016-05-17,1.1337
2016-05-18,1.1276
2016-05-19,1.1214
2016-05-20,1.1207
2016-05-23,1.1192
2016-05-24,1.1145
2016-05-25,1.1154
2016-05-26,1.1184
2016-05-27,1.114
2016-05-30,
2016-05-31,1.1135
2016-06-01,1.1165
2016-06-02,1.1157
2016-06-03,1.133
2016-06-06,1.1354
2016-06-07,1.135
2016-06-08,1.14
2016-06-09,1.1329
2016-06-10,1.1281
2016-06-13,1.1282
2016-06-14,1.1206
2016-06-15,1.1239
2016-06-16,1.1158
2016-06-17,1.1256
2016-06-20,1.1318
2016-06-21,1.1262
2016-06-22,1.1286
2016-06-23,1.1373
2016-06-24,1.1126
2016-06-27,1.1024
2016-06-28,1.1054
2016-06-29,1.1117
2016-06-30,1.1032
2016-07-01,1.1145
2016-07-04,
2016-07-05,1.108
2016-07-06,1.1077
2016-07-07,1.1065
2016-07-08,1.1038
2016-07-11,1.1045
2016-07-12,1.1074
2016-07-13,1.1112
2016-07-14,1.1109
2016-07-15,1.1059
2016-07-18,1.1076
2016-07-19,1.1014
2016-07-20,1.1007
2016-07-21,1.1016
2016-07-22,1.0968
2016-07-25,1.098
2016-07-26,1.0984
2016-07-27,1.0988
2016-07-28,1.1094
2016-07-29,1.1168
2016-08-01,1.1176
2016-08-02,1.1225
2016-08-03,1.117
2016-08-04,1.1134
2016-08-05,1.108
2016-08-08,1.1078
2016-08-09,1.111
2016-08-10,1.1171
2016-08-11,1.1168
2016-08-12,1.1172
2016-08-15,1.1199
2016-08-16,1.1277
2016-08-17,1.1263
2016-08-18,1.1334
2016-08-19,1.1326
2016-08-22,1.1314
2016-08-23,1.1308
2016-08-24,1.1256
2016-08-25,1.1274
2016-08-26,1.1237
2016-08-29,1.1182
2016-08-30,1.115
2016-08-31,1.1146
2016-09-01,1.1194
2016-09-02,1.1158
2016-09-05,
2016-09-06,1.1237
2016-09-07,1.1238
2016-09-08,1.1256
2016-09-09,1.1214
2016-09-12,1.123
2016-09-13,1.1242
2016-09-14,1.1271
2016-09-15,1.1246
2016-09-16,1.116
2016-09-19,1.1179
2016-09-20,1.1172
2016-09-21,1.1165
2016-09-22,1.1229
2016-09-23,1.1223
2016-09-26,1.127
2016-09-27,1.1208
2016-09-28,1.12
2016-09-29,1.1244
2016-09-30,1.1238
2016-10-03,1.121
2016-10-04,1.1212
2016-10-05,1.1196
2016-10-06,1.1158
2016-10-07,1.1156
2016-10-10,
2016-10-11,1.1062
2016-10-12,1.1014
2016-10-13,1.1038
2016-10-14,1.0985
2016-10-17,1.1
2016-10-18,1.0997
2016-10-19,1.0966
2016-10-20,1.0934
2016-10-21,1.0866
2016-10-24,1.0888
2016-10-25,1.089
2016-10-26,1.0916
2016-10-27,1.0904
2016-10-28,1.0934
2016-10-31,1.0962
2016-11-01,1.1042
2016-11-02,1.1119
2016-11-03,1.1094
2016-11-04,1.1121
2016-11-07,1.1038
2016-11-08,1.1034
2016-11-09,1.0952
2016-11-10,1.0882
2016-11-11,
2016-11-14,1.0723
2016-11-15,1.0726
2016-11-16,1.0699
2016-11-17,1.0656
2016-11-18,1.06
2016-11-21,1.0597
2016-11-22,1.0618
2016-11-23,1.056
2016-11-24,
2016-11-25,1.0595
2016-11-28,1.0576
2016-11-29,1.0626
2016-11-30,1.0578
2016-12-01,1.0634
2016-12-02,1.0666
2016-12-05,1.0723
2016-12-06,1.0717
2016-12-07,1.0758
2016-12-08,1.0625
2016-12-09,1.0541
2016-12-12,1.0606
2016-12-13,1.0635
2016-12-14,1.0656
2016-12-15,1.0375
2016-12-16,1.0456
2016-12-19,1.0444
2016-12-20,1.039
2016-12-21,1.0425
2016-12-22,1.0452
2016-12-23,1.0449
2016-12-26,
2016-12-27,1.0458
2016-12-28,1.0389
2016-12-29,1.0486
2016-12-30,1.0552
2017-01-02,
2017-01-03,1.0416
2017-01-04,1.0476
2017-01-05,1.0598
2017-01-06,1.056
2017-01-09,1.0576
2017-01-10,1.0572
2017-01-11,1.0501
2017-01-12,1.0666
2017-01-13,1.0625
2017-01-16,
2017-01-17,1.0695
2017-01-18,1.0682
2017-01-19,1.063
2017-01-20,
2017-01-23,1.074
2017-01-24,1.0749
2017-01-25,1.0743
2017-01-26,1.067
2017-01-27,1.069
2017-01-30,1.0681
2017-01-31,1.0794
2017-02-01,1.0758
2017-02-02,1.0802
2017-02-03,1.0792
2017-02-06,1.0731
2017-02-07,1.069
2017-02-08,1.0708
2017-02-09,1.0658
2017-02-10,1.065
2017-02-13,1.0603
2017-02-14,1.0577
2017-02-15,1.0597
2017-02-16,1.066
2017-02-17,1.0614
2017-02-20,
2017-02-21,1.0551
2017-02-22,1.0555
2017-02-23,1.0586
2017-02-24,1.058
2017-02-27,1.0624
2017-02-28,1.0618
2017-03-01,1.0564
2017-03-02,1.0514
2017-03-03,1.0552
2017-03-06,1.0586
2017-03-07,1.0582
2017-03-08,1.0547
2017-03-09,1.0586
2017-03-10,1.0667
2017-03-13,1.067
2017-03-14,1.0645
2017-03-15,1.063
2017-03-16,1.0738
2017-03-17,1.0742
2017-03-20,1.0754
2017-03-21,1.081
2017-03-22,1.08
2017-03-23,1.0787
2017-03-24,1.0806
2017-03-27,1.0882
2017-03-28,1.0852
2017-03-29,1.0756
2017-03-30,1.0726
2017-03-31,1.0698
2017-04-03,1.0655
2017-04-04,1.0664
2017-04-05,1.0661
2017-04-06,1.0651
2017-04-07,1.0616
2017-04-10,1.0606
2017-04-11,1.0614
2017-04-12,1.0611
2017-04-13,1.063
2017-04-14,1.0625
2017-04-17,1.066
2017-04-18,1.0706
2017-04-19,1.0707
2017-04-20,1.0758
2017-04-21,1.0694
2017-04-24,1.0846
2017-04-25,1.0941
2017-04-26,1.0872
2017-04-27,1.0864
2017-04-28,1.0895
2017-05-01,1.0912
2017-05-02,1.091
2017-05-03,1.092
2017-05-04,1.0967
2017-05-05,1.0996
2017-05-08,1.0928
2017-05-09,1.0875
2017-05-10,1.0873
2017-05-11,1.0869
2017-05-12,1.0926
2017-05-15,1.0979
2017-05-16,1.1072
2017-05-17,1.1134
2017-05-18,1.113
2017-05-19,1.119
2017-05-22,1.1236
2017-05-23,1.1198
2017-05-24,1.1175
2017-05-25,1.1218
2017-05-26,1.117
2017-05-29,
2017-05-30,1.1183
2017-05-31,1.1236
2017-06-01,1.1214
2017-06-02,1.127
2017-06-05,1.125
2017-06-06,1.1266
2017-06-07,1.1236
2017-06-08,1.1217
2017-06-09,1.119
2017-06-12,1.1204
2017-06-13,1.1194
2017-06-14,1.1277
2017-06-15,1.1152
2017-06-16,1.1194
2017-06-19,1.116
2017-06-20,1.1124
2017-06-21,1.1143
2017-06-22,1.1148
2017-06-23,1.1196
2017-06-26,1.1196
2017-06-27,1.13
2017-06-28,1.1364
2017-06-29,1.142
2017-06-30,1.1411
2017-07-03,1.1367
2017-07-04,
2017-07-05,1.1336
2017-07-06,1.1409
2017-07-07,1.1396
2017-07-10,1.1396
2017-07-11,1.143
2017-07-12,1.1411
2017-07-13,1.1385
2017-07-14,1.1452
2017-07-17,1.147
2017-07-18,1.1578
2017-07-19,1.1518
2017-07-20,1.1634
2017-07-21,1.1655
2017-07-24,1.1642
2017-07-25,1.1656
2017-07-26,1.1632
2017-07-27,1.1656
2017-07-28,1.1754
2017-07-31,1.1826
2017-08-01,1.1799
2017-08-02,1.1861
2017-08-03,1.188
2017-08-04,1.1754
2017-08-07,1.1788
2017-08-08,1.1724
2017-08-09,1.1748
2017-08-10,1.1751
2017-08-11,1.1811
2017-08-14,1.1786
2017-08-15,1.1736
2017-08-16,1.1703
2017-08-17,1.1736
2017-08-18,1.1748
2017-08-21,1.1814
2017-08-22,1.1762
2017-08-23,1.1802
2017-08-24,1.1801
2017-08-25,1.1874
2017-08-28,1.1973
2017-08-29,1.2025
2017-08-30,1.1927
2017-08-31,1.1894
2017-09-01,1.1878
2017-09-04,
2017-09-05,1.1911
2017-09-06,1.1943
2017-09-07,1.2028
2017-09-08,1.2041
2017-09-11,1.1964
2017-09-12,1.1968
2017-09-13,1.1898
2017-09-14,1.1886
2017-09-15,1.1959
2017-09-18,1.1938
2017-09-19,1.198
2017-09-20,1.1998
2017-09-21,1.1946
2017-09-22,1.1969
2017-09-25,1.1852
2017-09-26,1.1772
2017-09-27,1.1747
2017-09-28,1.1776
2017-09-29,1.1813
2017-10-02,1.1745
2017-10-03,1.1759
2017-10-04,1.176
2017-10-05,1.1706
2017-10-06,1.1732
2017-10-09,
2017-10-10,1.1804
2017-10-11,1.1847
2017-10-12,1.184
2017-10-13,1.1837
2017-10-16,1.181
2017-10-17,1.1754
2017-10-18,1.1775
2017-10-19,1.1842
2017-10-20,1.177
2017-10-23,1.1762
2017-10-24,1.1766
2017-10-25,1.1802
2017-10-26,1.17
2017-10-27,1.158
2017-10-30,1.1626
2017-10-31,1.1648
2017-11-01,1.1618
2017-11-02,1.1672
2017-11-03,1.1616
2017-11-06,1.16
2017-11-07,1.1577
2017-11-08,1.1591
2017-11-09,1.1648
2017-11-10,
2017-11-13,1.1656
2017-11-14,1.1764
2017-11-15,1.1794
2017-11-16,1.1772
2017-11-17,1.1799
2017-11-20,1.1741
2017-11-21,1.1741
2017-11-22,1.1789
2017-11-23,
2017-11-24,1.1936
2017-11-27,1.1911
2017-11-28,1.1878
2017-11-29,1.1858
2017-11-30,1.1898
2017-12-01,1.191
2017-12-04,1.1848
2017-12-05,1.182
2017-12-06,1.1788
2017-12-07,1.179
2017-12-08,1.1761
2017-12-11,1.1802
2017-12-12,1.1725
2017-12-13,1.1762
2017-12-14,1.1778
2017-12-15,1.1778
2017-12-18,1.1804
2017-12-19,1.1822
2017-12-20,1.1881
2017-12-21,1.1872
2017-12-22,1.1839
2017-12-25,
2017-12-26,1.1867
2017-12-27,1.1902
2017-12-28,1.1952
2017-12-29,1.2022
2018-01-01,
2018-01-02,1.205
2018-01-03,1.203
2018-01-04,1.2064
2018-01-05,1.2039
2018-01-08,1.1973
2018-01-09,1.1922
2018-01-10,1.1958
2018-01-11,1.2035
2018-01-12,1.213
2018-01-15,
2018-01-16,1.2244
2018-01-17,1.2229
2018-01-18,1.2238
2018-01-19,1.2238
2018-01-22,1.223
2018-01-23,1.2277
2018-01-24,1.239
2018-01-25,1.2488
2018-01-26,1.2422
2018-01-29,1.2352
2018-01-30,1.239
2018-01-31,1.2428
2018-02-01,1.2482
2018-02-02,1.2446
2018-02-05,1.2418
2018-02-06,1.2381
2018-02-07,1.2281
2018-02-08,1.2238
2018-02-09,1.2226
2018-02-12,1.2267
2018-02-13,1.2363
2018-02-14,1.2396
2018-02-15,1.2482
2018-02-16,1.2442
2018-02-19,
2018-02-20,1.2348
2018-02-21,1.2314
2018-02-22,1.2326
2018-02-23,1.2298
2018-02-26,1.2296
2018-02-27,1.2239
2018-02-28,1.2211
2018-03-01,1.2216
2018-03-02,1.2314
2018-03-05,1.233
2018-03-06,1.2415
2018-03-07,1.2397
2018-03-08,1.2314
2018-03-09,1.2326
2018-03-12,1.2318
2018-03-13,1.2398
2018-03-14,1.2362
2018-03-15,1.2321
2018-03-16,1.228
2018-03-19,1.2329
2018-03-20,1.2271
2018-03-21,1.2268
2018-03-22,1.231
2018-03-23,1.236
2018-03-26,1.244
2018-03-27,1.241
2018-03-28,1.2351
2018-03-29,1.2297
2018-03-30,1.232
2018-04-02,1.2288
2018-04-03,1.2261
2018-04-04,1.2292
2018-04-05,1.223
2018-04-06,1.2274
2018-04-09,1.232
2018-04-10,1.2338
2018-04-11,1.2384
2018-04-12,1.232
2018-04-13,1.2322
2018-04-16,1.2373
2018-04-17,1.2345
2018-04-18,1.238
2018-04-19,1.2336
2018-04-20,1.2282
2018-04-23,1.2216
2018-04-24,1.2226
2018-04-25,1.2178
2018-04-26,1.2113
2018-04-27,1.2108
2018-04-30,1.2074
2018-05-01,1.2
2018-05-02,1.1968
2018-05-03,1.197
2018-05-04,1.1946
2018-05-07,1.1927
2018-05-08,1.1863
2018-05-09,1.1852
2018-05-10,1.1896
2018-05-11,1.1951
2018-05-14,1.1976
2018-05-15,1.1864
2018-05-16,1.1788
2018-05-17,1.1798
2018-05-18,1.1775
2018-05-21,1.1768
2018-05-22,1.1783
2018-05-23,1.1693
2018-05-24,1.1729
2018-05-25,1.1666
2018-05-28,
2018-05-29,1.1551
2018-05-30,1.1664
2018-05-31,1.167
2018-06-01,1.1679
2018-06-04,1.1696
2018-06-05,1.1672
2018-06-06,1.1778
2018-06-07,1.1815
2018-06-08,1.1773
2018-06-11,1.1802
2018-06-12,1.1792
2018-06-13,1.1784
2018-06-14,1.1634
2018-06-15,1.1616
2018-06-18,1.1606
2018-06-19,1.1577
2018-06-20,1.1592
2018-06-21,1.16
2018-06-22,1.163
2018-06-25,1.1694
2018-06-26,1.1675
2018-06-27,1.1588
2018-06-28,1.1582
2018-06-29,1.1677
2018-07-02,1.1604
2018-07-03,1.1653
2018-07-04,
2018-07-05,1.1697
2018-07-06,1.1738
2018-07-09,1.1744
2018-07-10,1.1728
2018-07-11,1.1722
2018-07-12,1.1692
2018-07-13,1.1667
2018-07-16,1.171
2018-07-17,1.1664
2018-07-18,1.1645
2018-07-19,1.1604
2018-07-20,1.1708
2018-07-23,1.1702
2018-07-24,1.1684
2018-07-25,1.1677
2018-07-26,1.1654
2018-07-27,1.166
2018-07-30,1.1718
2018-07-31,1.1706
2018-08-01,1.1666
2018-08-02,1.1612
2018-08-03,1.1597
2018-08-06,1.1564
2018-08-07,1.1597
2018-08-08,1.1598
2018-08-09,1.1566
2018-08-10,1.1399
2018-08-13,1.1396
2018-08-14,1.1351
2018-08-15,1.1332
2018-08-16,1.1388
2018-08-17,1.141
2018-08-20,1.1438
2018-08-21,1.1534
2018-08-22,1.1595
2018-08-23,1.1567
2018-08-24,1.1625
2018-08-27,1.1676
2018-08-28,1.172
2018-08-29,1.1699
2018-08-30,1.1646
2018-08-31,1.1596
2018-09-03,
2018-09-04,1.1566
2018-09-05,1.162
2018-09-06,1.1624
2018-09-07,1.1572
2018-09-10,1.1604
2018-09-11,1.1591
2018-09-12,1.1626
2018-09-13,1.1672
2018-09-14,1.1656
2018-09-17,1.1687
2018-09-18,1.1693
2018-09-19,1.1685
2018-09-20,1.1744
2018-09-21,1.1739
2018-09-24,1.1773
2018-09-25,1.177
2018-09-26,1.1758
2018-09-27,1.167
2018-09-28,1.1622
2018-10-01,1.1567
2018-10-02,1.156
2018-10-03,1.1525
2018-10-04,1.1508
2018-10-05,1.1502
2018-10-08,
2018-10-09,1.1482
2018-10-10,1.1541
2018-10-11,1.1565
2018-10-12,1.1559
2018-10-15,1.1594
2018-10-16,1.1593
2018-10-17,1.154
2018-10-18,1.1494
2018-10-19,1.1513
2018-10-22,1.1467
2018-10-23,1.148
2018-10-24,1.1389
2018-10-25,1.1374
2018-10-26,1.1388
2018-10-29,1.139
2018-10-30,1.1364
2018-10-31,1.1332
2018-11-01,1.1396
2018-11-02,1.1378
2018-11-05,1.1394
2018-11-06,1.1412
2018-11-07,1.1459
2018-11-08,1.1416
2018-11-09,1.1325
2018-11-12,
2018-11-13,1.1288
2018-11-14,1.1312
2018-11-15,1.1324
2018-11-16,1.1402
2018-11-19,1.1448
2018-11-20,1.1391
2018-11-21,1.1393
2018-11-22,
2018-11-23,1.1332
2018-11-26,1.1336
2018-11-27,1.1281
2018-11-28,1.1286
2018-11-29,1.1382
2018-11-30,1.1323
2018-12-03,1.1356
2018-12-04,1.1345
2018-12-05,
2018-12-06,1.1374
2018-12-07,1.139
2018-12-10,1.1368
2018-12-11,1.1314
2018-12-12,1.1362
2018-12-13,1.1358
2018-12-14,1.13
2018-12-17,1.1339
2018-12-18,1.1364
2018-12-19,1.1422
2018-12-20,1.1432
2018-12-21,1.1402
2018-12-24,
2018-12-25,
2018-12-26,1.1408
2018-12-27,1.1412
2018-12-28,1.1445
2018-12-31,1.1456
2019-01-01,
2019-01-02,1.1357
2019-01-03,1.1399
2019-01-04,1.141
2019-01-07,1.1468
2019-01-08,1.1444
2019-01-09,1.1524
2019-01-10,1.1517
2019-01-11,1.1479
2019-01-14,
2019-01-15,1.1392
2019-01-16,1.1408
2019-01-17,1.1386
2019-01-18,1.1362
2019-01-21,
2019-01-22,1.1359
2019-01-23,1.139
2019-01-24,1.1322
2019-01-25,1.1407
2019-01-28,1.1438
2019-01-29,1.1424
2019-01-30,1.1418
2019-01-31,1.1454
2019-02-01,1.1474
2019-02-04,1.1438
2019-02-05,1.1406
2019-02-06,1.138
2019-02-07,1.1357
2019-02-08,1.1326
2019-02-11,1.1277
2019-02-12,1.1316
2019-02-13,1.1288
2019-02-14,1.1284
2019-02-15,1.1268
2019-02-18,
2019-02-19,1.1328
2019-02-20,
2019-02-21,1.1338
2019-02-22,1.1342
2019-02-25,1.1345
2019-02-26,1.1374
2019-02-27,1.137
2019-02-28,1.1379
2019-03-01,1.1376
2019-03-04,1.1328
2019-03-05,1.13
2019-03-06,1.132
2019-03-07,1.1214
2019-03-08,1.1243
2019-03-11,1.1226
2019-03-12,1.1276
2019-03-13,1.131
2019-03-14,1.1304
2019-03-15,1.1326
2019-03-18,1.1337
2019-03-19,1.1346
2019-03-20,1.1352
2019-03-21,1.1361
2019-03-22,1.1282
2019-03-25,1.1324
2019-03-26,1.128
2019-03-27,1.125
2019-03-28,1.1236
2019-03-29,1.1228
2019-04-01,1.121
2019-04-02,1.1186
2019-04-03,1.1242
2019-04-04,1.1216
2019-04-05,1.1217
2019-04-08,1.1262
2019-04-09,1.1278
2019-04-10,1.1266
2019-04-11,1.1262
2019-04-12,1.1304
2019-04-15,1.1304
2019-04-16,1.1293
2019-04-17,1.1297
2019-04-18,1.1241
2019-04-19,1.1246
2019-04-22,1.1258
2019-04-23,1.1213
2019-04-24,1.1192
2019-04-25,1.114
2019-04-26,1.1154
2019-04-29,1.1166
2019-04-30,1.1201
2019-05-01,1.1246
2019-05-02,1.1184
2019-05-03,1.1186
2019-05-06,1.1197
2019-05-07,1.1178
2019-05-08,1.1206
2019-05-09,1.1228
2019-05-10,1.1241
2019-05-13,1.1232
2019-05-14,1.1207
2019-05-15,1.1208
2019-05-16,1.1178
2019-05-17,1.1166
2019-05-20,1.117
2019-05-21,1.1158
2019-05-22,1.1156
2019-05-23,1.1172
2019-05-24,1.1197
2019-05-27,
2019-05-28,1.1177
2019-05-29,1.1136
2019-05-30,1.114
2019-05-31,1.1149
2019-06-03,1.1206
2019-06-04,1.1236
2019-06-05,1.1242
2019-06-06,1.1294
2019-06-07,1.1324
2019-06-10,1.1311
2019-06-11,1.1316
2019-06-12,1.131
2019-06-13,1.1275
2019-06-14,1.1217
2019-06-17,1.1235
2019-06-18,1.1196
2019-06-19,1.1214
2019-06-20,1.1284
2019-06-21,1.1328
2019-06-24,1.1393
2019-06-25,1.1386
2019-06-26,1.139
2019-06-27,1.1372
2019-06-28,1.1374
2019-07-01,1.1307
2019-07-02,1.1301
2019-07-03,1.1275
2019-07-04,
2019-07-05,1.1216
2019-07-08,1.1208
2019-07-09,1.121
2019-07-10,1.126
2019-07-11,1.1261
2019-07-12,1.1254
2019-07-15,1.126
2019-07-16,1.1212
2019-07-17,1.1232
2019-07-18,1.1228
2019-07-19,1.122
2019-07-22,1.1214
2019-07-23,1.1156
2019-07-24,1.1141
2019-07-25,1.1156
2019-07-26,1.1121
2019-07-29,1.1142
2019-07-30,1.1148
2019-07-31,1.113
2019-08-01,1.1062
2019-08-02,1.1112
2019-08-05,1.1197
2019-08-06,1.1196
2019-08-07,1.1236
2019-08-08,1.121
2019-08-09,1.1222
2019-08-12,1.1212
2019-08-13,1.1182
2019-08-14,1.1144
2019-08-15,1.1106
2019-08-16,1.1091
2019-08-19,1.1096
2019-08-20,1.1092
2019-08-21,1.1098
2019-08-22,1.1089
2019-08-23,1.1148
2019-08-26,1.1112
2019-08-27,1.1094
2019-08-28,1.1084
2019-08-29,1.1059
2019-08-30,1.0989
2019-09-02,
2019-09-03,1.0968
2019-09-04,1.1025
2019-09-05,1.1038
2019-09-06,1.1042
2019-09-09,1.1056
2019-09-10,1.1042
2019-09-11,1.1001
2019-09-12,1.1074
2019-09-13,1.1074
2019-09-16,1.1006
2019-09-17,1.1063
2019-09-18,1.1061
2019-09-19,1.1046
2019-09-20,1.1004
2019-09-23,1.0991
2019-09-24,1.0999
2019-09-25,1.0949
2019-09-26,1.0938
2019-09-27,1.0942
2019-09-30,1.0905
2019-10-01,1.0932
2019-10-02,1.0951
2019-10-03,1.0991
2019-10-04,1.0974
2019-10-07,1.0984
2019-10-08,1.0949
2019-10-09,1.0978
2019-10-10,1.1018
2019-10-11,1.1039
2019-10-14,
2019-10-15,1.1036
2019-10-16,1.1075
2019-10-17,1.1129
2019-10-18,1.1155
2019-10-21,1.1145
2019-10-22,1.1138
2019-10-23,1.1118
2019-10-24,1.1098
2019-10-25,1.1081
2019-10-28,1.1094
2019-10-29,1.1117
2019-10-30,1.1123
2019-10-31,1.1155
2019-11-01,1.1169
2019-11-04,1.1144
2019-11-05,1.107
2019-11-06,1.1076
2019-11-07,1.1045
2019-11-08,1.1019
2019-11-11,
2019-11-12,1.1017
2019-11-13,1.1004
2019-11-14,1.1016
2019-11-15,1.1046
2019-11-18,1.1079
2019-11-19,1.1075
2019-11-20,1.1063
2019-11-21,1.1067
2019-11-22,1.1029
2019-11-25,1.1009
2019-11-26,1.1012
2019-11-27,1.1002
2019-11-28,
2019-11-29,1.1019
2019-12-02,1.1075
2019-12-03,1.1089
2019-12-04,1.1076
2019-12-05,1.1104
2019-12-06,1.1052
2019-12-09,1.1067
2019-12-10,1.109
2019-12-11,1.1092
2019-12-12,1.1115
2019-12-13,1.1128
2019-12-16,1.1139
2019-12-17,1.1148
2019-12-18,1.1113
2019-12-19,1.1128
2019-12-20,1.1076
2019-12-23,1.1091
2019-12-24,1.1084
2019-12-25,
2019-12-26,1.1102
2019-12-27,1.1174
2019-12-30,1.1217
2019-12-31,1.1227
2020-01-01,
2020-01-02,1.1166
2020-01-03,1.1173
2020-01-06,1.1187
2020-01-07,1.1138
2020-01-08,1.1117
2020-01-09,1.1106
2020-01-10,1.1119
2020-01-13,1.1138
2020-01-14,1.113
2020-01-15,1.116
2020-01-16,1.1131
2020-01-17,1.1093
2020-01-20,
2020-01-21,1.1096
2020-01-22,1.1085
2020-01-23,1.1041
2020-01-24,1.1026
2020-01-27,1.1019
2020-01-28,1.1008
2020-01-29,1.1004
2020-01-30,1.1032
2020-01-31,1.1082
2020-02-03,1.1062
2020-02-04,1.1043
2020-02-05,1.1006
2020-02-06,1.0979
2020-02-07,1.095
2020-02-10,1.0916
2020-02-11,1.0917
2020-02-12,1.0893
2020-02-13,1.0848
2020-02-14,1.0839
2020-02-17,
2020-02-18,1.0815
2020-02-19,1.0794
2020-02-20,1.0797
2020-02-21,1.0855
2020-02-24,1.0857
2020-02-25,1.0868
2020-02-26,1.0887
2020-02-27,1.0977
2020-02-28,1.1001
2020-03-02,1.1164
2020-03-03,1.1175
2020-03-04,1.113
2020-03-05,1.1202
2020-03-06,1.1319
2020-03-09,1.142
2020-03-10,1.1342
2020-03-11,1.128
2020-03-12,1.1081
2020-03-13,1.1066
2020-03-16,1.1139
2020-03-17,1.0971
2020-03-18,1.0833
2020-03-19,1.0699
2020-03-20,1.0682
2020-03-23,1.076
2020-03-24,1.0794
2020-03-25,1.0835
2020-03-26,1.1025
2020-03-27,1.1059
2020-03-30,1.1018
2020-03-31,1.1016
2020-04-01,1.0934
2020-04-02,1.0862
2020-04-03,1.0797
2020-04-06,1.0808
2020-04-07,1.0886
2020-04-08,1.0864
2020-04-09,1.0931
2020-04-10,1.0951
2020-04-13,1.0906
2020-04-14,1.0971
2020-04-15,1.0909
2020-04-16,1.084
2020-04-17,1.0883
2020-04-20,1.0874
2020-04-21,1.0854
2020-04-22,1.0829
2020-04-23,1.0815
2020-04-24,1.0798
2020-04-27,1.0829
2020-04-28,1.0836
2020-04-29,1.0853
2020-04-30,1.0934
2020-05-01,1.0998
2020-05-04,1.0911
2020-05-05,1.0844
2020-05-06,1.0806
2020-05-07,1.0815
2020-05-08,1.0854
2020-05-11,1.0818
2020-05-12,1.0864
2020-05-13,1.0837
2020-05-14,1.08
2020-05-15,1.0816
2020-05-18,1.0904
2020-05-19,1.0937
2020-05-20,1.098
2020-05-21,1.0953
2020-05-22,1.0894
2020-05-25,
2020-05-26,1.097
2020-05-27,1.0969
2020-05-28,1.1069
2020-05-29,1.1107
2020-06-01,1.1123
2020-06-02,1.1166
2020-06-03,1.1246
2020-06-04,1.1322
2020-06-05,1.1297
2020-06-08,1.1293
2020-06-09,1.1348
2020-06-10,1.1355
2020-06-11,1.1378
2020-06-12,1.1253
2020-06-15,1.127
2020-06-16,1.1259
2020-06-17,1.1219
2020-06-18,1.1216
2020-06-19,1.1189
2020-06-22,1.126
2020-06-23,1.1322
2020-06-24,1.1272
2020-06-25,1.1221
2020-06-26,1.1215
2020-06-29,1.1237
2020-06-30,1.1237
2020-07-01,1.1259
2020-07-02,1.1237
2020-07-03,
2020-07-06,1.1307
2020-07-07,1.1299
2020-07-08,1.1329
2020-07-09,1.1298
2020-07-10,1.1318
2020-07-13,1.1364
2020-07-14,1.1406
2020-07-15,1.1406
2020-07-16,1.1433
2020-07-17,1.1438
2020-07-20,1.1442
2020-07-21,1.1495
2020-07-22,1.1587
2020-07-23,1.1623
2020-07-24,1.1635
2020-07-27,1.175
2020-07-28,1.1733
2020-07-29,1.177
2020-07-30,1.1791
2020-07-31,1.1822
2020-08-03,1.175
2020-08-04,1.1766
2020-08-05,1.1898
2020-08-06,1.1856
2020-08-07,1.1776
2020-08-10,1.1756
2020-08-11,1.1764
2020-08-12,1.1796
2020-08-13,1.1818
2020-08-14,1.1833
2020-08-17,1.1869
2020-08-18,1.1928
2020-08-19,1.1898
2020-08-20,1.1862
2020-08-21,1.1775
2020-08-24,1.1803
2020-08-25,1.1818
2020-08-26,1.1813
2020-08-27,1.1824
2020-08-28,1.1901
2020-08-31,1.195
2020-09-01,1.1949
2020-09-02,1.184
2020-09-03,1.1832
2020-09-04,1.182
2020-09-07,
2020-09-08,1.1789
2020-09-09,1.181
2020-09-10,1.188
2020-09-11,1.1831
2020-09-14,1.1874
2020-09-15,1.1846
2020-09-16,1.1835
2020-09-17,1.1823
2020-09-18,1.1857
2020-09-21,1.1737
2020-09-22,1.1703
2020-09-23,1.1677
2020-09-24,1.1666
2020-09-25,1.1618
2020-09-28,1.166
2020-09-29,1.1717
2020-09-30,1.1723
2020-10-01,1.1752
2020-10-02,1.1706
2020-10-05,1.1784
2020-10-06,1.1778
2020-10-07,1.1766
2020-10-08,1.1753
2020-10-09,1.1819
2020-10-12,
2020-10-13,1.1737
2020-10-14,1.1755
2020-10-15,1.1701
2020-10-16,1.1717
2020-10-19,1.1788
2020-10-20,1.1824
2020-10-21,1.187
2020-10-22,1.1824
2020-10-23,1.1844
2020-10-26,1.1816
2020-10-27,1.1834
2020-10-28,1.1751
2020-10-29,1.1658
2020-10-30,1.1647
2020-11-02,1.1634
2020-11-03,1.1724
2020-11-04,1.173
2020-11-05,1.1809
2020-11-06,1.1886
2020-11-09,1.1811
2020-11-10,1.181
2020-11-11,
2020-11-12,1.1814
2020-11-13,1.1824
2020-11-16,1.1844
2020-11-17,1.1862
2020-11-18,1.1869
2020-11-19,1.1843
2020-11-20,1.1857
2020-11-23,1.1826
2020-11-24,1.1874
2020-11-25,1.1908
2020-11-26,
2020-11-27,
2020-11-30,1.1948
2020-12-01,1.2039
2020-12-02,1.2093
2020-12-03,1.2152
2020-12-04,1.2142
2020-12-07,1.2138
2020-12-08,1.2111
2020-12-09,1.208
2020-12-10,1.2118
2020-12-11,1.2112
2020-12-14,1.2145
2020-12-15,1.2158
2020-12-16,1.2175
2020-12-17,1.2258
2020-12-18,1.2236
2020-12-21,1.223
2020-12-22,1.2172
2020-12-23,1.2194
2020-12-24,
2020-12-25,
2020-12-28,1.2213
2020-12-29,1.2252
2020-12-30,1.228
2020-12-31,1.223
2021-01-01,
2021-01-04,1.2254
2021-01-05,1.2295
2021-01-06,1.229
2021-01-07,1.2265
2021-01-08,1.2252
2021-01-11,1.2169
2021-01-12,1.2168
2021-01-13,1.2159
2021-01-14,1.2156
2021-01-15,1.2099
2021-01-18,
2021-01-19,1.2126
2021-01-20,
2021-01-21,1.2143
2021-01-22,1.2179
2021-01-25,1.2138
2021-01-26,1.2147
2021-01-27,1.2101
2021-01-28,1.2122
2021-01-29,1.2135
2021-02-01,1.207
2021-02-02,1.202
2021-02-03,1.2025
2021-02-04,1.1974
2021-02-05,1.2035
2021-02-08,1.2045
2021-02-09,1.2106
2021-02-10,1.2132
2021-02-11,1.2127
2021-02-12,1.2126
2021-02-15,
2021-02-16,1.2107
2021-02-17,1.2042
2021-02-18,1.2078
2021-02-19,1.2136
2021-02-22,1.2155
2021-02-23,1.2142
2021-02-24,1.2143
2021-02-25,1.2229
2021-02-26,1.2093
2021-03-01,1.2054
2021-03-02,1.2079
2021-03-03,1.2073
2021-03-04,1.2045
2021-03-05,1.1914
2021-03-08,1.1849
2021-03-09,1.1885
2021-03-10,1.19
2021-03-11,1.1978
2021-03-12,1.1952
2021-03-15,1.1917
2021-03-16,1.1895
2021-03-17,1.1905
2021-03-18,1.1926
2021-03-19,1.1909
2021-03-22,1.1932
2021-03-23,1.1872
2021-03-24,1.1831
2021-03-25,1.1777
2021-03-26,1.1798
2021-03-29,1.1779
2021-03-30,1.1724
2021-03-31,1.1743
2021-04-01,1.1772
2021-04-02,1.1763
2021-04-05,1.181
2021-04-06,1.1852
2021-04-07,1.189
2021-04-08,1.1904
2021-04-09,1.1897
2021-04-12,1.1907
2021-04-13,1.1939
2021-04-14,1.1974
2021-04-15,1.1964
2021-04-16,1.198
2021-04-19,1.2028
2021-04-20,1.2045
2021-04-21,1.2033
2021-04-22,1.2012
2021-04-23,1.2069
2021-04-26,1.2083
2021-04-27,1.2079
2021-04-28,1.2098
2021-04-29,1.211
2021-04-30,1.203
2021-05-03,1.2059
2021-05-04,1.2014
2021-05-05,1.2003
2021-05-06,1.2049
2021-05-07,1.2165
2021-05-10,1.217
2021-05-11,1.2169
2021-05-12,1.2074
2021-05-13,1.207
2021-05-14,1.2141
2021-05-17,1.2155
2021-05-18,1.2203
2021-05-19,1.2216
2021-05-20,1.2225
2021-05-21,1.2178
2021-05-24,1.221
2021-05-25,1.2233
2021-05-26,1.2204
2021-05-27,1.2194
2021-05-28,1.2194
2021-05-31,
2021-06-01,1.2241
2021-06-02,1.2213
2021-06-03,1.2122
2021-06-04,1.2173
2021-06-07,1.22
2021-06-08,1.218
2021-06-09,1.2184
2021-06-10,1.2173
2021-06-11,1.2101
2021-06-14,1.2126
2021-06-15,1.212
2021-06-16,1.2119
2021-06-17,1.1911
2021-06-18,1.1872
2021-06-21,1.1909
2021-06-22,1.191
2021-06-23,1.195
2021-06-24,1.1927
2021-06-25,1.194
2021-06-28,1.1938
2021-06-29,1.1905
2021-06-30,1.1848
2021-07-01,1.1857
2021-07-02,1.1848
2021-07-05,
2021-07-06,1.1816
2021-07-07,1.1803
2021-07-08,1.184
2021-07-09,1.1861
2021-07-12,1.1858
2021-07-13,1.1813
2021-07-14,1.1826
2021-07-15,1.1806
2021-07-16,1.181
2021-07-19,1.1804
2021-07-20,1.1776
2021-07-21,1.1799
2021-07-22,1.1771
2021-07-23,1.1761
2021-07-26,1.181
2021-07-27,1.1831
2021-07-28,1.1809
2021-07-29,1.1886
2021-07-30,1.1864
2021-08-02,1.1873
2021-08-03,1.1859
2021-08-04,1.1841
2021-08-05,1.1838
2021-08-06,1.1761
2021-08-09,1.1749
2021-08-10,1.1722
2021-08-11,1.1737
2021-08-12,1.1736
2021-08-13,1.1796
2021-08-16,1.1776
2021-08-17,1.1714
2021-08-18,1.1702
2021-08-19,1.1693
2021-08-20,1.169
2021-08-23,1.1732
2021-08-24,1.1746
2021-08-25,1.1758
2021-08-26,1.1761
2021-08-27,1.1794
2021-08-30,1.1795
2021-08-31,1.18
2021-09-01,1.185
2021-09-02,1.1858
2021-09-03,1.1884
2021-09-06,
2021-09-07,1.1849
2021-09-08,1.1818
2021-09-09,1.1827
2021-09-10,1.1821
2021-09-13,1.1809
2021-09-14,1.1824
2021-09-15,1.1811
2021-09-16,1.1764
2021-09-17,1.1734
2021-09-20,1.1729
2021-09-21,1.1724
2021-09-22,1.1739
2021-09-23,1.1735
2021-09-24,1.1715
2021-09-27,1.1702
2021-09-28,1.1681
2021-09-29,1.1612
2021-09-30,1.1577
2021-10-01,1.1598
2021-10-04,1.1622
2021-10-05,1.1609
2021-10-06,1.1546
2021-10-07,1.1561
2021-10-08,1.1572
2021-10-11,
2021-10-12,1.1541
2021-10-13,1.1568
2021-10-14,1.1591
2021-10-15,1.1594
2021-10-18,1.1609
2021-10-19,1.1632
2021-10-20,1.1643
2021-10-21,1.1643
2021-10-22,1.1632
2021-10-25,1.1609
2021-10-26,1.159
2021-10-27,1.16
2021-10-28,1.1685
2021-10-29,1.1552
2021-11-01,1.1591
2021-11-02,1.1581
2021-11-03,1.1584
2021-11-04,1.1546
2021-11-05,1.1554
2021-11-08,1.159
2021-11-09,1.1589
2021-11-10,1.1517
2021-11-11,
2021-11-12,1.1443
2021-11-15,1.1421
2021-11-16,1.1333
2021-11-17,1.1322
2021-11-18,1.1358
2021-11-19,1.1318
2021-11-22,1.126
2021-11-23,1.1265
2021-11-24,1.1196
2021-11-25,
2021-11-26,1.1302
2021-11-29,1.1261
2021-11-30,1.1287
2021-12-01,1.1323
2021-12-02,1.1306
2021-12-03,1.1308
2021-12-06,1.1282
2021-12-07,1.1247
2021-12-08,1.133
2021-12-09,1.1285
2021-12-10,1.1312
2021-12-13,1.1298
2021-12-14,1.1267
2021-12-15,1.1261
2021-12-16,1.1309
2021-12-17,1.1277
2021-12-20,1.1298
2021-12-21,1.1272
2021-12-22,1.1324
2021-12-23,1.132
2021-12-24,
2021-12-27,1.1329
2021-12-28,1.1314
2021-12-29,1.1337
2021-12-30,1.1318
2021-12-31,
2022-01-03,1.129
2022-01-04,1.1296
2022-01-05,1.1335
2022-01-06,1.1307
2022-01-07,1.1358
2022-01-10,1.1328
2022-01-11,1.1363
2022-01-12,1.1431
2022-01-13,1.1464
2022-01-14,1.1414
2022-01-17,
2022-01-18,1.1336
2022-01-19,1.1346
2022-01-20,1.1336
2022-01-21,1.1346
2022-01-24,1.131
2022-01-25,1.1283
2022-01-26,1.1279
2022-01-27,1.1141
2022-01-28,1.116
2022-01-31,1.1212
2022-02-01,1.1239
2022-02-02,1.1299
2022-02-03,1.1425
2022-02-04,1.1455
2022-02-07,1.1434
2022-02-08,1.1416
2022-02-09,1.1435
2022-02-10,1.1487
2022-02-11,1.1404
2022-02-14,1.1306
2022-02-15,1.1363
2022-02-16,1.1381
2022-02-17,1.1364
2022-02-18,1.1327
2022-02-21,
2022-02-22,1.1342
2022-02-23,1.1316
2022-02-24,1.1154
2022-02-25,1.1261
2022-02-28,1.1224
2022-03-01,1.1103
2022-03-02,1.1102
2022-03-03,1.1053
2022-03-04,1.0912
2022-03-07,1.086
2022-03-08,1.0881
2022-03-09,1.1069
2022-03-10,1.1007
2022-03-11,1.0937
2022-03-14,1.0979
2022-03-15,1.0974
2022-03-16,1.0996
2022-03-17,1.111
2022-03-18,1.1044
2022-03-21,1.1048
2022-03-22,1.1022
2022-03-23,1.1001
2022-03-24,1.1006
2022-03-25,1.0985
2022-03-28,1.0977
2022-03-29,1.1104
2022-03-30,1.1163
2022-03-31,1.1093
2022-04-01,1.1043
2022-04-04,1.0992
2022-04-05,1.0921
2022-04-06,1.0913
2022-04-07,1.09
2022-04-08,1.0874
2022-04-11,1.0875
2022-04-12,1.0852
2022-04-13,1.0874
2022-04-14,1.0796
2022-04-15,1.0812
2022-04-18,1.0785
2022-04-19,1.0789
2022-04-20,1.0857
2022-04-21,1.0839
2022-04-22,1.079
2022-04-25,1.0703
2022-04-26,1.0661
2022-04-27,1.0549
2022-04-28,1.05
2022-04-29,1.0537
2022-05-02,1.0521
2022-05-03,1.0532
2022-05-04,1.0539
2022-05-05,1.0507
2022-05-06,1.0572
2022-05-09,1.0559
2022-05-10,1.0531
2022-05-11,1.0537
2022-05-12,1.0376
2022-05-13,1.041
2022-05-16,1.042
2022-05-17,1.0532
2022-05-18,1.0494
2022-05-19,1.0587
2022-05-20,1.0559
2022-05-23,1.0668
2022-05-24,1.0744
2022-05-25,1.0658
2022-05-26,1.0725
2022-05-27,1.0709
2022-05-30,
2022-05-31,1.0731
2022-06-01,1.0646
2022-06-02,1.0733
2022-06-03,1.0721
2022-06-06,1.0699
2022-06-07,1.0697
2022-06-08,1.074
2022-06-09,1.0656
2022-06-10,1.0521
2022-06-13,1.0436
2022-06-14,1.0416
2022-06-15,1.0388
2022-06-16,1.0531
2022-06-17,1.0473
2022-06-20,
2022-06-21,1.0548
2022-06-22,1.0583
2022-06-23,1.0503
2022-06-24,1.0539
2022-06-27,1.0601
2022-06-28,1.0534
2022-06-29,1.0477
2022-06-30,1.0469
2022-07-01,1.0409
2022-07-04,
2022-07-05,1.0254
2022-07-06,1.0173
2022-07-07,1.0159
2022-07-08,1.0178
2022-07-11,1.0088
2022-07-12,1.0069
2022-07-13,1.0081
2022-07-14,1.0028
2022-07-15,1.0089
2022-07-18,1.016
2022-07-19,1.0238
2022-07-20,1.0217
2022-07-21,1.0197
2022-07-22,1.0225
2022-07-25,1.0211
2022-07-26,1.0116
2022-07-27,1.0108
2022-07-28,1.0163
2022-07-29,1.0202
2022-08-01,1.027
2022-08-02,1.0194
2022-08-03,1.0146
2022-08-04,1.0221
2022-08-05,1.017
2022-08-08,1.0207
2022-08-09,1.0226
2022-08-10,1.0337
2022-08-11,1.0338
2022-08-12,1.0257
2022-08-15,1.0186
2022-08-16,1.0174
2022-08-17,1.0164
2022-08-18,1.0114
2022-08-19,1.0039
2022-08-22,0.9936
2022-08-23,0.9976
2022-08-24,0.9967
2022-08-25,0.9959
2022-08-26,0.9998
2022-08-29,1.0
2022-08-30,1.0018
2022-08-31,1.0065
2022-09-01,0.995
2022-09-02,1.003
2022-09-05,
2022-09-06,0.9914
2022-09-07,0.9942
2022-09-08,0.9956
2022-09-09,1.0046
2022-09-12,1.0129
2022-09-13,0.9997
2022-09-14,0.9993
2022-09-15,0.9991
2022-09-16,1.0013
2022-09-19,1.0003
2022-09-20,0.9994
2022-09-21,0.988
2022-09-22,0.9841
2022-09-23,0.9719
2022-09-26,0.9623
2022-09-27,0.9616
2022-09-28,0.9681
2022-09-29,0.9774
2022-09-30,0.9783
2022-10-03,0.9809
2022-10-04,0.9977
2022-10-05,0.9866
2022-10-06,0.9806
2022-10-07,0.9785
2022-10-10,
2022-10-11,0.9757
2022-10-12,0.9692
2022-10-13,0.978
2022-10-14,0.9739
2022-10-17,0.9843
2022-10-18,0.9842
2022-10-19,0.978
2022-10-20,0.9823
2022-10-21,0.9855
2022-10-24,0.9874
2022-10-25,0.9959
2022-10-26,1.0068
2022-10-27,0.9985
2022-10-28,0.9934
2022-10-31,0.9885
2022-11-01,0.9871
2022-11-02,0.9875
2022-11-03,0.9759
2022-11-04,0.9895
2022-11-07,0.9997
2022-11-08,1.0089
2022-11-09,1.0037
2022-11-10,1.0176
2022-11-11,
2022-11-14,1.0337
2022-11-15,1.0372
2022-11-16,1.0395
2022-11-17,1.0341
2022-11-18,1.0349
2022-11-21,1.0238
2022-11-22,1.0276
2022-11-23,1.0364
2022-11-24,
2022-11-25,1.0402
2022-11-28,1.0386
2022-11-29,1.0356
2022-11-30,1.0323
2022-12-01,1.0498
2022-12-02,1.0521
2022-12-05,1.0494
2022-12-06,1.0497
2022-12-07,1.0505
2022-12-08,1.0552
2022-12-09,1.055
2022-12-12,1.0545
2022-12-13,1.063
2022-12-14,1.0655
2022-12-15,1.0638
2022-12-16,1.061
2022-12-19,1.0624
2022-12-20,1.0635
2022-12-21,1.0599
2022-12-22,1.0588
2022-12-23,1.0621
2022-12-26,
2022-12-27,1.0654
2022-12-28,1.0622
2022-12-29,1.0668
2022-12-30,1.0698
2023-01-02,
2023-01-03,1.0559
2023-01-04,1.062
2023-01-05,1.0522
2023-01-06,1.0619
2023-01-09,1.0759
2023-01-10,1.0737
2023-01-11,1.074
2023-01-12,1.0823
2023-01-13,1.0811
2023-01-16,
2023-01-17,1.0793
2023-01-18,1.0827
2023-01-19,1.081
2023-01-20,1.0831
2023-01-23,1.0865
2023-01-24,1.0873
2023-01-25,1.0901
2023-01-26,1.0866
2023-01-27,1.0857
2023-01-30,1.0867
2023-01-31,1.0858
2023-02-01,1.0917
2023-02-02,1.0918
2023-02-03,1.0825
2023-02-06,1.0722
2023-02-07,1.0705
2023-02-08,1.0734
2023-02-09,1.0761
2023-02-10,1.067
2023-02-13,1.0718
2023-02-14,1.0722
2023-02-15,1.0683
2023-02-16,1.0684
2023-02-17,1.0678
2023-02-20,
2023-02-21,1.0657
2023-02-22,1.0623
2023-02-23,1.0583
2023-02-24,1.0545
2023-02-27,1.0596
2023-02-28,1.0602
2023-03-01,1.0674
2023-03-02,1.0595
2023-03-03,1.0616
2023-03-06,1.0694
2023-03-07,1.0573
2023-03-08,1.0549
2023-03-09,1.0577
2023-03-10,1.0659
2023-03-13,1.0733
2023-03-14,1.0722
2023-03-15,1.0535
2023-03-16,1.0622
2023-03-17,1.0647
2023-03-20,1.0722
2023-03-21,1.0769
2023-03-22,1.0792
2023-03-23,1.089
2023-03-24,1.0762
2023-03-27,1.0789
2023-03-28,1.0844
2023-03-29,1.0826
2023-03-30,1.0899
2023-03-31,1.0872
2023-04-03,1.0891
2023-04-04,1.0951
2023-04-05,1.0918
2023-04-06,1.0927
2023-04-07,1.0913
2023-04-10,1.084
2023-04-11,1.0906
2023-04-12,1.0987
2023-04-13,1.1054
2023-04-14,1.098
2023-04-17,1.0915
2023-04-18,1.0958
2023-04-19,1.0953
2023-04-20,1.097
2023-04-21,1.0973
2023-04-24,1.1027
2023-04-25,1.0968
2023-04-26,1.1052
2023-04-27,1.1017
2023-04-28,1.104
2023-05-01,1.097
2023-05-02,1.0997
2023-05-03,1.1049
2023-05-04,1.1009
2023-05-05,1.1026
2023-05-08,1.102
2023-05-09,1.0953
2023-05-10,1.0966
2023-05-11,1.0916
2023-05-12,1.0856
2023-05-15,1.0874
2023-05-16,1.0866
2023-05-17,1.083
2023-05-18,1.0776
2023-05-19,1.0819
2023-05-22,1.0806
2023-05-23,1.0771
2023-05-24,1.0758
2023-05-25,1.0725
2023-05-26,1.0713
2023-05-29,
2023-05-30,1.0722
2023-05-31,1.0654
2023-06-01,1.0752
2023-06-02,1.0724
2023-06-05,1.0721
2023-06-06,1.0695
2023-06-07,1.0702
2023-06-08,1.078
2023-06-09,1.0749
2023-06-12,1.0747
2023-06-13,1.0792
2023-06-14,1.0859
2023-06-15,1.0933
2023-06-16,1.0925
2023-06-19,
2023-06-20,1.09
2023-06-21,1.0951
2023-06-22,1.0953
2023-06-23,1.0887
2023-06-26,1.091
2023-06-27,1.0961
2023-06-28,1.0904
2023-06-29,1.0881
2023-06-30,1.092
2023-07-03,1.0919
2023-07-04,
2023-07-05,1.0868
2023-07-06,1.0873
2023-07-07,1.0964
2023-07-10,1.0991
2023-07-11,1.0992
2023-07-12,1.1123
2023-07-13,1.1194
2023-07-14,1.1237
2023-07-17,1.1236
2023-07-18,1.1223
2023-07-19,1.1195
2023-07-20,1.1135
2023-07-21,1.112
2023-07-24,1.1083
2023-07-25,1.105
2023-07-26,1.1078
2023-07-27,1.0998
2023-07-28,1.1039
2023-07-31,1.102
2023-08-01,1.0971
2023-08-02,1.0939
2023-08-03,1.0947
2023-08-04,1.1036
2023-08-07,1.1
2023-08-08,1.0951
2023-08-09,1.0975
2023-08-10,1.1016
2023-08-11,1.0957
2023-08-14,1.0922
2023-08-15,1.0928
2023-08-16,1.0904
2023-08-17,1.0874
2023-08-18,1.0875
2023-08-21,1.0888
2023-08-22,1.0846
2023-08-23,1.0862
2023-08-24,1.0826
2023-08-25,1.0787
2023-08-28,1.081
2023-08-29,1.0851
2023-08-30,1.0926
2023-08-31,1.0839
2023-09-01,1.0787
2023-09-04,
2023-09-05,1.0727
2023-09-06,1.0714
2023-09-07,1.0704
2023-09-08,1.0709
2023-09-11,1.0744
2023-09-12,1.0726
2023-09-13,1.0737
2023-09-14,1.066
2023-09-15,1.0673
2023-09-18,1.0695
2023-09-19,1.0684
2023-09-20,1.0715
2023-09-21,1.0664
2023-09-22,1.066
2023-09-25,1.0591
2023-09-26,1.0573
2023-09-27,1.051
2023-09-28,1.0578
2023-09-29,1.0584
2023-10-02,1.05
2023-10-03,1.0453
2023-10-04,1.0518
2023-10-05,1.0527
2023-10-06,1.0596
2023-10-09,
2023-10-10,1.0618
2023-10-11,1.062
2023-10-12,1.0553
2023-10-13,1.0502
2023-10-16,1.0546
2023-10-17,1.0593
2023-10-18,1.0532
2023-10-19,1.057
2023-10-20,1.0592
2023-10-23,1.0646
2023-10-24,1.0595
2023-10-25,1.0583
2023-10-26,1.0532
2023-10-27,1.0592
