Date,USD_to_Yuan_spot
2010-01-01,
2010-01-04,6.8273
2010-01-05,6.8258
2010-01-06,6.8272
2010-01-07,6.828
2010-01-08,6.8274
2010-01-11,6.8263
2010-01-12,6.8267
2010-01-13,6.8295
2010-01-14,6.8265
2010-01-15,6.8269
2010-01-18,
2010-01-19,6.8268
2010-01-20,6.8258
2010-01-21,6.8268
2010-01-22,6.827
2010-01-25,6.8268
2010-01-26,6.8263
2010-01-27,6.8268
2010-01-28,6.8267
2010-01-29,6.8268
2010-02-01,6.826
2010-02-02,6.827
2010-02-03,6.826
2010-02-04,6.828
2010-02-05,6.8275
2010-02-08,6.8265
2010-02-09,6.8267
2010-02-10,6.828
2010-02-11,6.8328
2010-02-12,6.8326
2010-02-15,
2010-02-16,6.8326
2010-02-17,6.8326
2010-02-18,6.833
2010-02-19,6.829
2010-02-22,6.8264
2010-02-23,6.8267
2010-02-24,6.8269
2010-02-25,6.8267
2010-02-26,6.8258
2010-03-01,6.8263
2010-03-02,6.8265
2010-03-03,6.8258
2010-03-04,6.8258
2010-03-05,6.826
2010-03-08,6.8261
2010-03-09,6.8263
2010-03-10,6.8259
2010-03-11,6.8266
2010-03-12,6.8254
2010-03-15,6.8259
2010-03-16,6.8257
2010-03-17,6.8259
2010-03-18,6.8261
2010-03-19,6.8265
2010-03-22,6.8266
2010-03-23,6.8263
2010-03-24,6.8266
2010-03-25,6.827
2010-03-26,6.8269
2010-03-29,6.8264
2010-03-30,6.8258
2010-03-31,6.8258
2010-04-01,6.8263
2010-04-02,6.8255
2010-04-05,6.8256
2010-04-06,6.825
2010-04-07,6.8254
2010-04-08,6.824
2010-04-09,6.8229
2010-04-12,6.8252
2010-04-13,6.8255
2010-04-14,6.8258
2010-04-15,6.826
2010-04-16,6.8253
2010-04-19,6.8262
2010-04-20,6.8253
2010-04-21,6.8275
2010-04-22,6.8263
2010-04-23,6.827
2010-04-26,6.8266
2010-04-27,6.8256
2010-04-28,6.8245
2010-04-29,6.8259
2010-04-30,6.8247
2010-05-03,6.8245
2010-05-04,6.826
2010-05-05,6.8263
2010-05-06,6.8265
2010-05-07,6.8254
2010-05-10,6.8263
2010-05-11,6.8285
2010-05-12,6.827
2010-05-13,6.8278
2010-05-14,6.8263
2010-05-17,6.8274
2010-05-18,6.8273
2010-05-19,6.8269
2010-05-20,6.8277
2010-05-21,6.8262
2010-05-24,6.8286
2010-05-25,6.831
2010-05-26,6.8292
2010-05-27,6.8296
2010-05-28,6.8305
2010-05-31,
2010-06-01,6.8275
2010-06-02,6.8296
2010-06-03,6.8283
2010-06-04,6.8268
2010-06-07,6.8322
2010-06-08,6.8294
2010-06-09,6.8285
2010-06-10,6.8305
2010-06-11,6.832
2010-06-14,6.8323
2010-06-15,6.8323
2010-06-16,6.8323
2010-06-17,6.829
2010-06-18,6.8267
2010-06-21,6.7968
2010-06-22,6.8127
2010-06-23,6.8124
2010-06-24,6.8001
2010-06-25,6.7911
2010-06-28,6.796
2010-06-29,6.7977
2010-06-30,6.7815
2010-07-01,6.7807
2010-07-02,6.7709
2010-07-05,
2010-07-06,6.7801
2010-07-07,6.777
2010-07-08,6.7763
2010-07-09,6.772
2010-07-12,6.7709
2010-07-13,6.772
2010-07-14,6.7714
2010-07-15,6.7774
2010-07-16,6.775
2010-07-19,6.778
2010-07-20,6.7781
2010-07-21,6.7769
2010-07-22,6.7795
2010-07-23,6.7803
2010-07-26,6.7788
2010-07-27,6.7781
2010-07-28,6.778
2010-07-29,6.776
2010-07-30,6.7735
2010-08-02,6.774
2010-08-03,6.7728
2010-08-04,6.772
2010-08-05,6.7705
2010-08-06,6.768
2010-08-09,6.767
2010-08-10,6.772
2010-08-11,6.7745
2010-08-12,6.7843
2010-08-13,6.7957
2010-08-16,6.8038
2010-08-17,6.792
2010-08-18,6.7911
2010-08-19,6.7897
2010-08-20,6.79
2010-08-23,6.7995
2010-08-24,6.7966
2010-08-25,6.7995
2010-08-26,6.7998
2010-08-27,6.7977
2010-08-30,6.8029
2010-08-31,6.8069
2010-09-01,6.8102
2010-09-02,6.807
2010-09-03,6.8014
2010-09-06,
2010-09-07,6.7906
2010-09-08,6.794
2010-09-09,6.782
2010-09-10,6.769
2010-09-13,6.7595
2010-09-14,6.743
2010-09-15,6.738
2010-09-16,6.725
2010-09-17,6.723
2010-09-20,6.7135
2010-09-21,6.7059
2010-09-22,6.7035
2010-09-23,6.7046
2010-09-24,6.7035
2010-09-27,6.6911
2010-09-28,6.6904
2010-09-29,6.6869
2010-09-30,6.6905
2010-10-01,6.6895
2010-10-04,6.6912
2010-10-05,6.6906
2010-10-06,6.6893
2010-10-07,6.6903
2010-10-08,6.671
2010-10-11,
2010-10-12,6.6733
2010-10-13,6.6634
2010-10-14,6.6505
2010-10-15,6.6397
2010-10-18,6.644
2010-10-19,6.6444
2010-10-20,6.6518
2010-10-21,6.6502
2010-10-22,6.6583
2010-10-25,6.6579
2010-10-26,6.6625
2010-10-27,6.6805
2010-10-28,6.6867
2010-10-29,6.6707
2010-11-01,6.6892
2010-11-02,6.6775
2010-11-03,6.6758
2010-11-04,6.6609
2010-11-05,6.655
2010-11-08,6.6791
2010-11-09,6.6424
2010-11-10,6.6335
2010-11-11,
2010-11-12,6.6368
2010-11-15,6.6418
2010-11-16,6.6378
2010-11-17,6.6415
2010-11-18,6.633
2010-11-19,6.6398
2010-11-22,6.6414
2010-11-23,6.6433
2010-11-24,6.6529
2010-11-25,
2010-11-26,6.6675
2010-11-29,6.66
2010-11-30,6.667
2010-12-01,6.663
2010-12-02,6.6609
2010-12-03,6.6628
2010-12-06,6.6483
2010-12-07,6.6455
2010-12-08,6.6616
2010-12-09,6.6549
2010-12-10,6.655
2010-12-13,6.6652
2010-12-14,6.6563
2010-12-15,6.6541
2010-12-16,6.6635
2010-12-17,6.6545
2010-12-20,6.6745
2010-12-21,6.658
2010-12-22,6.645
2010-12-23,6.645
2010-12-24,
2010-12-27,6.6306
2010-12-28,6.6247
2010-12-29,6.62
2010-12-30,6.6
2010-12-31,
2011-01-03,6.5895
2011-01-04,6.6065
2011-01-05,6.585
2011-01-06,6.626
2011-01-07,6.6276
2011-01-10,6.6364
2011-01-11,6.6185
2011-01-12,6.6037
2011-01-13,6.6044
2011-01-14,6.5876
2011-01-17,
2011-01-18,6.5828
2011-01-19,6.5823
2011-01-20,6.5852
2011-01-21,6.5831
2011-01-24,6.5809
2011-01-25,6.5824
2011-01-26,6.5814
2011-01-27,6.5814
2011-01-28,6.5819
2011-01-31,6.6017
2011-02-01,6.5937
2011-02-02,6.556
2011-02-03,6.556
2011-02-04,6.556
2011-02-07,6.56
2011-02-08,6.552
2011-02-09,6.5914
2011-02-10,6.5864
2011-02-11,6.5917
2011-02-14,6.5965
2011-02-15,6.5884
2011-02-16,6.5884
2011-02-17,6.585
2011-02-18,6.5731
2011-02-21,
2011-02-22,6.5795
2011-02-23,6.5741
2011-02-24,6.572
2011-02-25,6.5749
2011-02-28,6.5713
2011-03-01,6.57
2011-03-02,6.5723
2011-03-03,6.5717
2011-03-04,6.567
2011-03-07,6.554
2011-03-08,6.5684
2011-03-09,6.558
2011-03-10,6.5731
2011-03-11,6.5742
2011-03-14,6.5696
2011-03-15,6.573
2011-03-16,6.5713
2011-03-17,6.5743
2011-03-18,6.5689
2011-03-21,6.5635
2011-03-22,6.551
2011-03-23,6.5591
2011-03-24,6.558
2011-03-25,6.5568
2011-03-28,6.5643
2011-03-29,6.56
2011-03-30,6.5558
2011-03-31,6.5483
2011-04-01,6.5477
2011-04-04,6.5385
2011-04-05,6.539
2011-04-06,6.544
2011-04-07,6.542
2011-04-08,6.535
2011-04-11,6.5381
2011-04-12,6.5402
2011-04-13,6.5333
2011-04-14,6.531
2011-04-15,6.5317
2011-04-18,6.5286
2011-04-19,6.5303
2011-04-20,6.5254
2011-04-21,6.492
2011-04-22,6.5067
2011-04-25,6.5277
2011-04-26,6.527
2011-04-27,6.5112
2011-04-28,6.501
2011-04-29,6.49
2011-05-02,6.492
2011-05-03,6.4955
2011-05-04,6.4925
2011-05-05,6.4931
2011-05-06,6.4925
2011-05-09,6.4937
2011-05-10,6.4915
2011-05-11,6.4915
2011-05-12,6.4986
2011-05-13,6.4977
2011-05-16,6.5073
2011-05-17,6.5057
2011-05-18,6.5029
2011-05-19,6.5042
2011-05-20,6.4917
2011-05-23,6.505
2011-05-24,6.499
2011-05-25,6.493
2011-05-26,6.4913
2011-05-27,6.492
2011-05-30,
2011-05-31,6.4786
2011-06-01,6.478
2011-06-02,6.4824
2011-06-03,6.4796
2011-06-06,6.4796
2011-06-07,6.481
2011-06-08,6.4754
2011-06-09,6.4757
2011-06-10,6.4801
2011-06-13,6.483
2011-06-14,6.4794
2011-06-15,6.482
2011-06-16,6.4746
2011-06-17,6.47
2011-06-20,6.472
2011-06-21,6.465
2011-06-22,6.4628
2011-06-23,6.4676
2011-06-24,6.4737
2011-06-27,6.4815
2011-06-28,6.4699
2011-06-29,6.4633
2011-06-30,6.4635
2011-07-01,6.4645
2011-07-04,
2011-07-05,6.466
2011-07-06,6.467
2011-07-07,6.4655
2011-07-08,6.4645
2011-07-11,6.4671
2011-07-12,6.472
2011-07-13,6.4675
2011-07-14,6.459
2011-07-15,6.461
2011-07-18,6.4688
2011-07-19,6.4631
2011-07-20,6.4581
2011-07-21,6.4535
2011-07-22,6.4464
2011-07-25,6.445
2011-07-26,6.4411
2011-07-27,6.4428
2011-07-28,6.4418
2011-07-29,6.436
2011-08-01,6.4337
2011-08-02,6.4379
2011-08-03,6.434
2011-08-04,6.4377
2011-08-05,6.4401
2011-08-08,6.4342
2011-08-09,6.4304
2011-08-10,6.4172
2011-08-11,6.3935
2011-08-12,6.3892
2011-08-15,6.3902
2011-08-16,6.3818
2011-08-17,6.3839
2011-08-18,6.3873
2011-08-19,6.391
2011-08-22,6.4004
2011-08-23,6.3975
2011-08-24,6.388
2011-08-25,6.39
2011-08-26,6.386
2011-08-29,6.3809
2011-08-30,6.3802
2011-08-31,6.3778
2011-09-01,6.3812
2011-09-02,6.3821
2011-09-05,
2011-09-06,6.3901
2011-09-07,6.394
2011-09-08,6.3833
2011-09-09,6.388
2011-09-12,6.3877
2011-09-13,6.397
2011-09-14,6.391
2011-09-15,6.3904
2011-09-16,6.3833
2011-09-19,6.3864
2011-09-20,6.3837
2011-09-21,6.3811
2011-09-22,6.3879
2011-09-23,6.3877
2011-09-26,6.3975
2011-09-27,6.3975
2011-09-28,6.3933
2011-09-29,6.3964
2011-09-30,6.378
2011-10-03,6.3745
2011-10-04,6.3745
2011-10-05,6.3745
2011-10-06,6.378
2011-10-07,6.3745
2011-10-10,
2011-10-11,6.3745
2011-10-12,6.358
2011-10-13,6.382
2011-10-14,6.378
2011-10-17,6.3695
2011-10-18,6.3804
2011-10-19,6.3769
2011-10-20,6.3825
2011-10-21,6.3823
2011-10-24,6.3744
2011-10-25,6.3605
2011-10-26,6.3534
2011-10-27,6.359
2011-10-28,6.357
2011-10-31,6.3547
2011-11-01,6.3547
2011-11-02,6.355
2011-11-03,6.3513
2011-11-04,6.34
2011-11-07,6.3481
2011-11-08,6.3462
2011-11-09,6.3401
2011-11-10,6.3454
2011-11-11,
2011-11-14,6.3536
2011-11-15,6.3464
2011-11-16,6.3445
2011-11-17,6.3505
2011-11-18,6.3565
2011-11-21,6.3603
2011-11-22,6.3605
2011-11-23,6.3576
2011-11-24,
2011-11-25,6.3802
2011-11-28,6.3839
2011-11-29,6.3769
2011-11-30,6.3765
2011-12-01,6.3655
2011-12-02,6.3596
2011-12-05,6.3629
2011-12-06,6.3645
2011-12-07,6.3642
2011-12-08,6.3618
2011-12-09,6.3641
2011-12-12,6.3604
2011-12-13,6.3648
2011-12-14,6.371
2011-12-15,6.3733
2011-12-16,6.3479
2011-12-19,6.3376
2011-12-20,6.3459
2011-12-21,6.3386
2011-12-22,6.3392
2011-12-23,6.3364
2011-12-26,
2011-12-27,6.321
2011-12-28,6.3211
2011-12-29,6.3187
2011-12-30,6.2939
2012-01-02,
2012-01-03,6.294
2012-01-04,6.2941
2012-01-05,6.3013
2012-01-06,6.3088
2012-01-09,6.3143
2012-01-10,6.3141
2012-01-11,6.3149
2012-01-12,6.3177
2012-01-13,6.3065
2012-01-16,
2012-01-17,6.3136
2012-01-18,6.3109
2012-01-19,6.3162
2012-01-20,6.333
2012-01-23,6.333
2012-01-24,6.333
2012-01-25,6.333
2012-01-26,6.333
2012-01-27,6.333
2012-01-30,6.331
2012-01-31,6.308
2012-02-01,6.3076
2012-02-02,6.3017
2012-02-03,6.3027
2012-02-06,6.312
2012-02-07,6.3046
2012-02-08,6.2938
2012-02-09,6.2947
2012-02-10,6.2991
2012-02-13,6.2972
2012-02-14,6.2995
2012-02-15,6.2998
2012-02-16,6.3014
2012-02-17,6.2985
2012-02-20,
2012-02-21,6.296
2012-02-22,6.296
2012-02-23,6.298
2012-02-24,6.2976
2012-02-27,6.3012
2012-02-28,6.2989
2012-02-29,6.2935
2012-03-01,6.3001
2012-03-02,6.2982
2012-03-05,6.3066
2012-03-06,6.3082
2012-03-07,6.3097
2012-03-08,6.3159
2012-03-09,6.3109
2012-03-12,6.3258
2012-03-13,6.3266
2012-03-14,6.3315
2012-03-15,6.3282
2012-03-16,6.3222
2012-03-19,6.3191
2012-03-20,6.3203
2012-03-21,6.3226
2012-03-22,6.299
2012-03-23,6.3021
2012-03-26,6.3139
2012-03-27,6.3061
2012-03-28,6.3044
2012-03-29,6.3057
2012-03-30,6.2975
2012-04-02,6.2979
2012-04-03,6.2975
2012-04-04,6.2975
2012-04-05,6.3123
2012-04-06,6.3052
2012-04-09,6.31
2012-04-10,6.3105
2012-04-11,6.3076
2012-04-12,6.3069
2012-04-13,6.3022
2012-04-16,6.315
2012-04-17,6.3015
2012-04-18,6.3026
2012-04-19,6.3029
2012-04-20,6.308
2012-04-23,6.3084
2012-04-24,6.3073
2012-04-25,6.3039
2012-04-26,6.3054
2012-04-27,6.3093
2012-04-30,6.279
2012-05-01,6.3089
2012-05-02,6.307
2012-05-03,6.3052
2012-05-04,6.3059
2012-05-07,6.3074
2012-05-08,6.3076
2012-05-09,6.3096
2012-05-10,6.314
2012-05-11,6.3097
2012-05-14,6.321
2012-05-15,6.3176
2012-05-16,6.3227
2012-05-17,6.3247
2012-05-18,6.3245
2012-05-21,6.3277
2012-05-22,6.3223
2012-05-23,6.3343
2012-05-24,6.3449
2012-05-25,6.3439
2012-05-28,
2012-05-29,6.3478
2012-05-30,6.3574
2012-05-31,6.3684
2012-06-01,6.3692
2012-06-04,6.3641
2012-06-05,6.367
2012-06-06,6.3634
2012-06-07,6.3634
2012-06-08,6.37
2012-06-11,6.369
2012-06-12,6.3703
2012-06-13,6.3685
2012-06-14,6.3702
2012-06-15,6.3649
2012-06-18,6.3539
2012-06-19,6.3542
2012-06-20,6.3597
2012-06-21,6.3644
2012-06-22,6.3644
2012-06-25,6.3631
2012-06-26,6.3626
2012-06-27,6.3561
2012-06-28,6.357
2012-06-29,6.353
2012-07-02,6.3487
2012-07-03,6.3519
2012-07-04,
2012-07-05,6.3557
2012-07-06,6.364
2012-07-09,6.3709
2012-07-10,6.3654
2012-07-11,6.3682
2012-07-12,6.3732
2012-07-13,6.3789
2012-07-16,6.3784
2012-07-17,6.3725
2012-07-18,6.369
2012-07-19,6.3724
2012-07-20,6.3734
2012-07-23,6.3856
2012-07-24,6.3857
2012-07-25,6.3879
2012-07-26,6.3839
2012-07-27,6.3807
2012-07-30,6.3792
2012-07-31,6.361
2012-08-01,6.368
2012-08-02,6.3671
2012-08-03,6.3721
2012-08-06,6.3738
2012-08-07,6.3664
2012-08-08,6.361
2012-08-09,6.3579
2012-08-10,6.3599
2012-08-13,6.3611
2012-08-14,6.3586
2012-08-15,6.3619
2012-08-16,6.3659
2012-08-17,6.358
2012-08-20,6.3592
2012-08-21,6.3559
2012-08-22,6.3515
2012-08-23,6.3535
2012-08-24,6.3542
2012-08-27,6.3558
2012-08-28,6.3525
2012-08-29,6.3513
2012-08-30,6.3494
2012-08-31,6.3484
2012-09-03,
2012-09-04,6.3465
2012-09-05,6.3489
2012-09-06,6.3428
2012-09-07,6.3428
2012-09-10,6.3375
2012-09-11,6.3349
2012-09-12,6.3261
2012-09-13,6.3294
2012-09-14,6.3145
2012-09-17,6.317
2012-09-18,6.3187
2012-09-19,6.3091
2012-09-20,6.3036
2012-09-21,6.3051
2012-09-24,6.309
2012-09-25,6.3057
2012-09-26,6.3015
2012-09-27,6.3021
2012-09-28,6.2848
2012-10-01,6.284
2012-10-02,6.284
2012-10-03,6.284
2012-10-04,6.284
2012-10-05,6.284
2012-10-08,
2012-10-09,6.2877
2012-10-10,6.2831
2012-10-11,6.2765
2012-10-12,6.267
2012-10-15,6.27
2012-10-16,6.2637
2012-10-17,6.254
2012-10-18,6.2501
2012-10-19,6.2533
2012-10-22,6.2543
2012-10-23,6.2478
2012-10-24,6.2478
2012-10-25,6.2416
2012-10-26,6.248
2012-10-29,6.2384
2012-10-30,6.2396
2012-10-31,6.2372
2012-11-01,6.2393
2012-11-02,6.2411
2012-11-05,6.2452
2012-11-06,6.2454
2012-11-07,6.2435
2012-11-08,6.2427
2012-11-09,6.245
2012-11-12,
2012-11-13,6.226
2012-11-14,6.225
2012-11-15,6.2329
2012-11-16,6.2354
2012-11-19,6.2343
2012-11-20,6.2324
2012-11-21,6.23
2012-11-22,
2012-11-23,6.2275
2012-11-26,6.2253
2012-11-27,6.2221
2012-11-28,6.2273
2012-11-29,6.2281
2012-11-30,6.2265
2012-12-03,6.2277
2012-12-04,6.2254
2012-12-05,6.2251
2012-12-06,6.2282
2012-12-07,6.2299
2012-12-10,6.2296
2012-12-11,6.246
2012-12-12,6.2502
2012-12-13,6.2316
2012-12-14,6.241
2012-12-17,6.236
2012-12-18,6.2322
2012-12-19,6.2293
2012-12-20,6.2297
2012-12-21,6.2284
2012-12-24,6.2335
2012-12-25,
2012-12-26,6.2351
2012-12-27,6.2358
2012-12-28,6.2315
2012-12-31,6.2301
2013-01-01,
2013-01-02,6.2301
2013-01-03,6.2301
2013-01-04,6.2303
2013-01-07,6.2294
2013-01-08,6.2235
2013-01-09,6.226
2013-01-10,6.223
2013-01-11,6.2156
2013-01-14,6.219
2013-01-15,6.2134
2013-01-16,6.216
2013-01-17,6.2158
2013-01-18,6.2152
2013-01-21,
2013-01-22,6.2196
2013-01-23,6.2178
2013-01-24,6.2179
2013-01-25,6.2203
2013-01-28,6.224
2013-01-29,6.2259
2013-01-30,6.2204
2013-01-31,6.2186
2013-02-01,6.2265
2013-02-04,6.2326
2013-02-05,6.2292
2013-02-06,6.2315
2013-02-07,6.2323
2013-02-08,6.2323
2013-02-11,6.2323
2013-02-12,6.2323
2013-02-13,6.2323
2013-02-14,6.2323
2013-02-15,6.2323
2013-02-18,
2013-02-19,6.2438
2013-02-20,6.2371
2013-02-21,6.2403
2013-02-22,6.2346
2013-02-25,6.2337
2013-02-26,6.2293
2013-02-27,6.2271
2013-02-28,6.2213
2013-03-01,6.2226
2013-03-04,6.2246
2013-03-05,6.2208
2013-03-06,6.2173
2013-03-07,6.22
2013-03-08,6.2145
2013-03-11,6.2179
2013-03-12,6.216
2013-03-13,6.2137
2013-03-14,6.2145
2013-03-15,6.2133
2013-03-18,6.2156
2013-03-19,6.2154
2013-03-20,6.2117
2013-03-21,6.2141
2013-03-22,6.212
2013-03-25,6.2105
2013-03-26,6.2108
2013-03-27,6.2138
2013-03-28,6.2143
2013-03-29,6.2108
2013-04-01,6.2078
2013-04-02,6.1992
2013-04-03,6.1962
2013-04-04,6.2005
2013-04-05,6.2005
2013-04-08,6.2031
2013-04-09,6.2022
2013-04-10,6.1938
2013-04-11,6.1961
2013-04-12,6.1914
2013-04-15,6.1866
2013-04-16,6.1824
2013-04-17,6.172
2013-04-18,6.1811
2013-04-19,6.1772
2013-04-22,6.1823
2013-04-23,6.179
2013-04-24,6.1782
2013-04-25,6.1707
2013-04-26,6.1647
2013-04-29,6.1647
2013-04-30,6.1647
2013-05-01,6.1647
2013-05-02,6.156
2013-05-03,6.1555
2013-05-06,6.1665
2013-05-07,6.1539
2013-05-08,6.141
2013-05-09,6.1306
2013-05-10,6.1415
2013-05-13,6.1465
2013-05-14,6.1426
2013-05-15,6.1454
2013-05-16,6.1487
2013-05-17,6.141
2013-05-20,6.1386
2013-05-21,6.1353
2013-05-22,6.1309
2013-05-23,6.1337
2013-05-24,6.1311
2013-05-27,
2013-05-28,6.1213
2013-05-29,6.1264
2013-05-30,6.1307
2013-05-31,6.134
2013-06-03,6.1312
2013-06-04,6.1285
2013-06-05,6.1276
2013-06-06,6.1359
2013-06-07,6.1333
2013-06-10,6.1333
2013-06-11,6.1333
2013-06-12,6.1333
2013-06-13,6.1341
2013-06-14,6.1306
2013-06-17,6.1248
2013-06-18,6.1283
2013-06-19,6.1264
2013-06-20,6.1277
2013-06-21,6.1328
2013-06-24,6.1441
2013-06-25,6.1448
2013-06-26,6.1468
2013-06-27,6.1488
2013-06-28,6.1374
2013-07-01,6.1325
2013-07-02,6.1327
2013-07-03,6.1301
2013-07-04,
2013-07-05,6.1324
2013-07-08,6.1337
2013-07-09,6.1293
2013-07-10,6.1336
2013-07-11,6.135
2013-07-12,6.1373
2013-07-15,6.1373
2013-07-16,6.1345
2013-07-17,6.1351
2013-07-18,6.1408
2013-07-19,6.1377
2013-07-22,6.1404
2013-07-23,6.1369
2013-07-24,6.1358
2013-07-25,6.1346
2013-07-26,6.1316
2013-07-29,6.1323
2013-07-30,6.1315
2013-07-31,6.1284
2013-08-01,6.1302
2013-08-02,6.1293
2013-08-05,6.1245
2013-08-06,6.1215
2013-08-07,6.119
2013-08-08,6.1207
2013-08-09,6.1217
2013-08-12,6.1218
2013-08-13,6.1217
2013-08-14,6.1191
2013-08-15,6.1123
2013-08-16,6.1145
2013-08-19,6.1227
2013-08-20,6.1241
2013-08-21,6.1229
2013-08-22,6.1206
2013-08-23,6.12
2013-08-26,6.1202
2013-08-27,6.1212
2013-08-28,6.1202
2013-08-29,6.1203
2013-08-30,6.1193
2013-09-02,
2013-09-03,6.1204
2013-09-04,6.1199
2013-09-05,6.1194
2013-09-06,6.1202
2013-09-09,6.1209
2013-09-10,6.1195
2013-09-11,6.1183
2013-09-12,6.1178
2013-09-13,6.1186
2013-09-16,6.1198
2013-09-17,6.1213
2013-09-18,6.121
2013-09-19,6.121
2013-09-20,6.121
2013-09-23,6.1201
2013-09-24,6.1208
2013-09-25,6.119
2013-09-26,6.1194
2013-09-27,6.1179
2013-09-30,6.12
2013-10-01,6.12
2013-10-02,6.12
2013-10-03,6.12
2013-10-04,6.12
2013-10-07,6.12
2013-10-08,6.1206
2013-10-09,6.1209
2013-10-10,6.1156
2013-10-11,6.1204
2013-10-14,
2013-10-15,6.1026
2013-10-16,6.0996
2013-10-17,6.098
2013-10-18,6.0966
2013-10-21,6.0924
2013-10-22,6.0925
2013-10-23,6.0833
2013-10-24,6.0815
2013-10-25,6.0838
2013-10-28,6.0853
2013-10-29,6.0897
2013-10-30,6.0936
2013-10-31,6.0943
2013-11-01,6.0993
2013-11-04,6.098
2013-11-05,6.0966
2013-11-06,6.0925
2013-11-07,6.0906
2013-11-08,6.0903
2013-11-11,
2013-11-12,6.0917
2013-11-13,6.0926
2013-11-14,6.092
2013-11-15,6.092
2013-11-18,6.0918
2013-11-19,6.0924
2013-11-20,6.0925
2013-11-21,6.0914
2013-11-22,6.0935
2013-11-25,6.0916
2013-11-26,6.0925
2013-11-27,6.0922
2013-11-28,
2013-11-29,6.0922
2013-12-02,6.0927
2013-12-03,6.0914
2013-12-04,6.0913
2013-12-05,6.0903
2013-12-06,6.0815
2013-12-09,6.0643
2013-12-10,6.0705
2013-12-11,6.0712
2013-12-12,6.071
2013-12-13,6.071
2013-12-16,6.0713
2013-12-17,6.0707
2013-12-18,6.0713
2013-12-19,6.0711
2013-12-20,6.0711
2013-12-23,6.0697
2013-12-24,6.0712
2013-12-25,
2013-12-26,6.0744
2013-12-27,6.0684
2013-12-30,6.0617
2013-12-31,6.0537
2014-01-01,
2014-01-02,6.0504
2014-01-03,6.0505
2014-01-06,6.0524
2014-01-07,6.0507
2014-01-08,6.051
2014-01-09,6.054
2014-01-10,6.0519
2014-01-13,6.0432
2014-01-14,6.0402
2014-01-15,6.0459
2014-01-16,6.0555
2014-01-17,6.05
2014-01-20,
2014-01-21,6.0503
2014-01-22,6.0508
2014-01-23,6.0515
2014-01-24,6.0486
2014-01-27,6.0478
2014-01-28,6.0506
2014-01-29,6.0554
2014-01-30,6.06
2014-01-31,6.059
2014-02-03,6.06
2014-02-04,6.06
2014-02-05,6.06
2014-02-06,6.06
2014-02-07,6.0629
2014-02-10,6.0591
2014-02-11,6.0601
2014-02-12,6.0614
2014-02-13,6.0631
2014-02-14,6.0666
2014-02-17,
2014-02-18,6.0671
2014-02-19,6.0762
2014-02-20,6.0832
2014-02-21,6.0912
2014-02-24,6.0982
2014-02-25,6.1243
2014-02-26,6.1243
2014-02-27,6.1279
2014-02-28,6.1448
2014-03-03,6.146
2014-03-04,6.143
2014-03-05,6.128
2014-03-06,6.1183
2014-03-07,6.1258
2014-03-10,6.1383
2014-03-11,6.1397
2014-03-12,6.1448
2014-03-13,6.1359
2014-03-14,6.15
2014-03-17,6.1779
2014-03-18,6.1918
2014-03-19,6.1934
2014-03-20,6.2273
2014-03-21,6.2248
2014-03-24,6.1956
2014-03-25,6.201
2014-03-26,6.2084
2014-03-27,6.2123
2014-03-28,6.2117
2014-03-31,6.2164
2014-04-01,6.2064
2014-04-02,6.2054
2014-04-03,6.2102
2014-04-04,6.2118
2014-04-07,6.2118
2014-04-08,6.1966
2014-04-09,6.2003
2014-04-10,6.2123
2014-04-11,6.2111
2014-04-14,6.2186
2014-04-15,6.2215
2014-04-16,6.2204
2014-04-17,6.2188
2014-04-18,6.224
2014-04-21,6.2269
2014-04-22,6.2373
2014-04-23,6.2374
2014-04-24,6.2484
2014-04-25,6.2534
2014-04-28,6.252
2014-04-29,6.2578
2014-04-30,6.2591
2014-05-01,6.2591
2014-05-02,6.2591
2014-05-05,6.2453
2014-05-06,6.2255
2014-05-07,6.2349
2014-05-08,6.2272
2014-05-09,6.227
2014-05-12,6.2364
2014-05-13,6.2283
2014-05-14,6.2282
2014-05-15,6.2291
2014-05-16,6.2327
2014-05-19,6.2368
2014-05-20,6.2377
2014-05-21,6.2335
2014-05-22,6.2348
2014-05-23,6.2363
2014-05-26,
2014-05-27,6.2471
2014-05-28,6.2535
2014-05-29,6.2375
2014-05-30,6.2471
2014-06-02,6.2471
2014-06-03,6.2536
2014-06-04,6.2494
2014-06-05,6.2548
2014-06-06,6.2498
2014-06-09,6.2397
2014-06-10,6.224
2014-06-11,6.2277
2014-06-12,6.2175
2014-06-13,6.209
2014-06-16,6.225
2014-06-17,6.2263
2014-06-18,6.2309
2014-06-19,6.2287
2014-06-20,6.224
2014-06-23,6.225
2014-06-24,6.2308
2014-06-25,6.2343
2014-06-26,6.2235
2014-06-27,6.218
2014-06-30,6.2036
2014-07-01,6.1995
2014-07-02,6.2101
2014-07-03,6.2115
2014-07-04,
2014-07-07,6.2036
2014-07-08,6.201
2014-07-09,6.1994
2014-07-10,6.2023
2014-07-11,6.2034
2014-07-14,6.2059
2014-07-15,6.2075
2014-07-16,6.2035
2014-07-17,6.2033
2014-07-18,6.2075
2014-07-21,6.2088
2014-07-22,6.2025
2014-07-23,6.1982
2014-07-24,6.1944
2014-07-25,6.1913
2014-07-28,6.187
2014-07-29,6.18
2014-07-30,6.1712
2014-07-31,6.1737
2014-08-01,6.1793
2014-08-04,6.178
2014-08-05,6.1705
2014-08-06,6.1625
2014-08-07,6.1618
2014-08-08,6.1557
2014-08-11,6.1528
2014-08-12,6.1575
2014-08-13,6.1531
2014-08-14,6.1575
2014-08-15,6.147
2014-08-18,6.1425
2014-08-19,6.1425
2014-08-20,6.1395
2014-08-21,6.151
2014-08-22,6.151
2014-08-25,6.154
2014-08-26,6.1522
2014-08-27,6.143
2014-08-28,6.1423
2014-08-29,6.143
2014-09-01,
2014-09-02,6.148
2014-09-03,6.1408
2014-09-04,6.1383
2014-09-05,6.14
2014-09-08,6.14
2014-09-09,6.1362
2014-09-10,6.1284
2014-09-11,6.1295
2014-09-12,6.1344
2014-09-15,6.1415
2014-09-16,6.1459
2014-09-17,6.1385
2014-09-18,6.14
2014-09-19,6.1403
2014-09-22,6.14
2014-09-23,6.1368
2014-09-24,6.1346
2014-09-25,6.1355
2014-09-26,6.1266
2014-09-29,6.1495
2014-09-30,6.138
2014-10-01,6.138
2014-10-02,6.138
2014-10-03,6.1385
2014-10-06,6.1385
2014-10-07,6.1385
2014-10-08,6.1385
2014-10-09,6.1299
2014-10-10,6.1308
2014-10-13,
2014-10-14,6.125
2014-10-15,6.1249
2014-10-16,6.123
2014-10-17,6.1238
2014-10-20,6.1233
2014-10-21,6.1205
2014-10-22,6.118
2014-10-23,6.119
2014-10-24,6.1168
2014-10-27,6.116
2014-10-28,6.113
2014-10-29,6.1107
2014-10-30,6.114
2014-10-31,6.1124
2014-11-03,6.1178
2014-11-04,6.115
2014-11-05,6.1135
2014-11-06,6.1117
2014-11-07,6.1225
2014-11-10,6.119
2014-11-11,
2014-11-12,6.1257
2014-11-13,6.1243
2014-11-14,6.129
2014-11-17,6.1242
2014-11-18,6.1208
2014-11-19,6.119
2014-11-20,6.123
2014-11-21,6.1244
2014-11-24,6.1412
2014-11-25,6.1355
2014-11-26,6.1386
2014-11-27,
2014-11-28,6.1429
2014-12-01,6.1515
2014-12-02,6.149
2014-12-03,6.1499
2014-12-04,6.1541
2014-12-05,6.1497
2014-12-08,6.1725
2014-12-09,6.1855
2014-12-10,6.1763
2014-12-11,6.1881
2014-12-12,6.1864
2014-12-15,6.19
2014-12-16,6.189
2014-12-17,6.1957
2014-12-18,6.2139
2014-12-19,6.2196
2014-12-22,6.2213
2014-12-23,6.2256
2014-12-24,6.2148
2014-12-25,
2014-12-26,
2014-12-29,6.2222
2014-12-30,6.2015
2014-12-31,6.2046
2015-01-01,
2015-01-02,6.2046
2015-01-05,6.2201
2015-01-06,6.2125
2015-01-07,6.2127
2015-01-08,6.2143
2015-01-09,6.2085
2015-01-12,6.2027
2015-01-13,6.197
2015-01-14,6.1957
2015-01-15,6.187
2015-01-16,6.2065
2015-01-19,
2015-01-20,6.2137
2015-01-21,6.2112
2015-01-22,6.2085
2015-01-23,6.2279
2015-01-26,6.2535
2015-01-27,6.243
2015-01-28,6.2475
2015-01-29,6.2463
2015-01-30,6.2495
2015-02-02,6.2594
2015-02-03,6.2573
2015-02-04,6.2472
2015-02-05,6.2516
2015-02-06,6.2417
2015-02-09,6.2467
2015-02-10,6.2405
2015-02-11,6.2422
2015-02-12,6.244
2015-02-13,6.2399
2015-02-16,
2015-02-17,6.2546
2015-02-18,6.2546
2015-02-19,6.2546
2015-02-20,6.2546
2015-02-23,6.2546
2015-02-24,6.2546
2015-02-25,6.2591
2015-02-26,6.2584
2015-02-27,6.2695
2015-03-02,6.272
2015-03-03,6.2741
2015-03-04,6.2701
2015-03-05,6.2658
2015-03-06,6.262
2015-03-09,6.2635
2015-03-10,6.2615
2015-03-11,6.2613
2015-03-12,6.2614
2015-03-13,6.2585
2015-03-16,6.262
2015-03-17,6.249
2015-03-18,6.2289
2015-03-19,6.1955
2015-03-20,6.2037
2015-03-23,6.2135
2015-03-24,6.2046
2015-03-25,6.2116
2015-03-26,6.2103
2015-03-27,6.2145
2015-03-30,6.2065
2015-03-31,6.199
2015-04-01,6.1976
2015-04-02,6.1968
2015-04-03,6.193
2015-04-06,6.193
2015-04-07,6.1955
2015-04-08,6.202
2015-04-09,6.205
2015-04-10,6.2082
2015-04-13,6.2152
2015-04-14,6.2113
2015-04-15,6.2037
2015-04-16,6.1947
2015-04-17,6.1976
2015-04-20,6.2014
2015-04-21,6.201
2015-04-22,6.1927
2015-04-23,6.1975
2015-04-24,6.193
2015-04-27,6.2185
2015-04-28,6.2035
2015-04-29,6.1989
2015-04-30,6.2018
2015-05-01,6.2018
2015-05-04,6.2085
2015-05-05,6.2058
2015-05-06,6.2001
2015-05-07,6.2063
2015-05-08,6.2084
2015-05-11,6.2086
2015-05-12,6.2086
2015-05-13,6.2043
2015-05-14,6.2013
2015-05-15,6.2051
2015-05-18,6.2041
2015-05-19,6.2064
2015-05-20,6.2036
2015-05-21,6.1958
2015-05-22,6.1972
2015-05-25,
2015-05-26,6.2038
2015-05-27,6.2011
2015-05-28,6.2002
2015-05-29,6.198
2015-06-01,6.1985
2015-06-02,6.198
2015-06-03,6.1976
2015-06-04,6.2006
2015-06-05,6.2024
2015-06-08,6.2053
2015-06-09,6.2047
2015-06-10,6.2055
2015-06-11,6.2065
2015-06-12,6.2081
2015-06-15,6.208
2015-06-16,6.2085
2015-06-17,6.2086
2015-06-18,6.2075
2015-06-19,6.2085
2015-06-22,6.2085
2015-06-23,6.2066
2015-06-24,6.2061
2015-06-25,6.2084
2015-06-26,6.208
2015-06-29,6.2085
2015-06-30,6.2
2015-07-01,6.2008
2015-07-02,6.2044
2015-07-03,
2015-07-06,6.2089
2015-07-07,6.2097
2015-07-08,6.2087
2015-07-09,6.2086
2015-07-10,6.2092
2015-07-13,6.2081
2015-07-14,6.2088
2015-07-15,6.2082
2015-07-16,6.2094
2015-07-17,6.2085
2015-07-20,6.2095
2015-07-21,6.2095
2015-07-22,6.2093
2015-07-23,6.2091
2015-07-24,6.2095
2015-07-27,6.2091
2015-07-28,6.2084
2015-07-29,6.2089
2015-07-30,6.2096
2015-07-31,6.2097
2015-08-03,6.2087
2015-08-04,6.2086
2015-08-05,6.2096
2015-08-06,6.2096
2015-08-07,6.2087
2015-08-10,6.2094
2015-08-11,6.3232
2015-08-12,6.3845
2015-08-13,6.3982
2015-08-14,6.3908
2015-08-17,6.3937
2015-08-18,6.3928
2015-08-19,6.3956
2015-08-20,6.3875
2015-08-21,6.3887
2015-08-24,6.4029
2015-08-25,6.4122
2015-08-26,6.4083
2015-08-27,6.4053
2015-08-28,6.389
2015-08-31,6.376
2015-09-01,6.363
2015-09-02,6.3544
2015-09-03,6.3549
2015-09-04,6.3549
2015-09-07,
2015-09-08,6.3657
2015-09-09,6.3768
2015-09-10,6.377
2015-09-11,6.3735
2015-09-14,6.3664
2015-09-15,6.3685
2015-09-16,6.3694
2015-09-17,6.3645
2015-09-18,6.3628
2015-09-21,6.3676
2015-09-22,6.375
2015-09-23,6.3836
2015-09-24,6.3818
2015-09-25,6.3737
2015-09-28,6.3685
2015-09-29,6.3621
2015-09-30,6.3556
2015-10-01,6.3559
2015-10-02,6.3559
2015-10-05,6.3559
2015-10-06,6.3559
2015-10-07,6.3559
2015-10-08,6.3529
2015-10-09,6.345
2015-10-12,
2015-10-13,6.3417
2015-10-14,6.3462
2015-10-15,6.3459
2015-10-16,6.3523
2015-10-19,6.3591
2015-10-20,6.348
2015-10-21,6.3487
2015-10-22,6.3577
2015-10-23,6.3488
2015-10-26,6.3517
2015-10-27,6.3517
2015-10-28,6.3581
2015-10-29,6.3552
2015-10-30,6.318
2015-11-02,6.318
2015-11-03,6.318
2015-11-04,6.3357
2015-11-05,6.318
2015-11-06,6.318
2015-11-09,6.3619
2015-11-10,6.3603
2015-11-11,
2015-11-12,6.369
2015-11-13,6.3735
2015-11-16,6.37
2015-11-17,6.3771
2015-11-18,6.3834
2015-11-19,6.3825
2015-11-20,6.3835
2015-11-23,6.389
2015-11-24,6.3883
2015-11-25,6.3877
2015-11-26,
2015-11-27,6.3945
2015-11-30,6.3883
2015-12-01,6.3883
2015-12-02,6.3883
2015-12-03,6.3883
2015-12-04,6.3883
2015-12-07,6.4081
2015-12-08,6.4162
2015-12-09,6.427
2015-12-10,6.4363
2015-12-11,6.4538
2015-12-14,6.4588
2015-12-15,6.46
2015-12-16,6.4723
2015-12-17,6.4822
2015-12-18,6.48
2015-12-21,6.4793
2015-12-22,6.4778
2015-12-23,6.4763
2015-12-24,6.4758
2015-12-25,
2015-12-28,6.4778
2015-12-29,6.4778
2015-12-30,6.4896
2015-12-31,6.4778
2016-01-01,
2016-01-04,6.5338
2016-01-05,6.5219
2016-01-06,6.5554
2016-01-07,6.5926
2016-01-08,6.5932
2016-01-11,6.5675
2016-01-12,6.57
2016-01-13,6.57
2016-01-14,6.5891
2016-01-15,6.584
2016-01-18,
2016-01-19,6.5783
2016-01-20,6.5781
2016-01-21,6.5794
2016-01-22,6.5788
2016-01-25,6.579
2016-01-26,6.5814
2016-01-27,6.5773
2016-01-28,6.5744
2016-01-29,6.5752
2016-02-01,6.5778
2016-02-02,6.5795
2016-02-03,6.5765
2016-02-04,6.5638
2016-02-05,6.571
2016-02-08,6.571
2016-02-09,6.571
2016-02-10,6.571
2016-02-11,6.571
2016-02-12,6.571
2016-02-15,
2016-02-16,6.5154
2016-02-17,6.527
2016-02-18,6.5163
2016-02-19,6.5202
2016-02-22,6.5197
2016-02-23,6.5263
2016-02-24,6.529
2016-02-25,6.532
2016-02-26,6.539
2016-02-29,6.5525
2016-03-01,6.55
2016-03-02,6.5499
2016-03-03,6.5312
2016-03-04,6.5064
2016-03-07,6.5155
2016-03-08,6.5044
2016-03-09,6.5105
2016-03-10,6.507
2016-03-11,6.494
2016-03-14,6.4984
2016-03-15,6.511
2016-03-16,6.5189
2016-03-17,6.4745
2016-03-18,6.4682
2016-03-21,6.4812
2016-03-22,6.4876
2016-03-23,6.5035
2016-03-24,6.5124
2016-03-25,6.5131
2016-03-28,6.5051
2016-03-29,6.5063
2016-03-30,6.4648
2016-03-31,6.448
2016-04-01,6.4776
2016-04-04,6.4776
2016-04-05,6.476
2016-04-06,6.478
2016-04-07,6.4599
2016-04-08,6.4628
2016-04-11,6.458
2016-04-12,6.4639
2016-04-13,6.4768
2016-04-14,6.481
2016-04-15,6.473
2016-04-18,6.4717
2016-04-19,6.4571
2016-04-20,6.4675
2016-04-21,6.481
2016-04-22,6.5004
2016-04-25,6.49
2016-04-26,6.4905
2016-04-27,6.494
2016-04-28,6.4735
2016-04-29,6.4738
2016-05-02,6.4738
2016-05-03,6.49
2016-05-04,6.4945
2016-05-05,6.5032
2016-05-06,6.497
2016-05-09,6.514
2016-05-10,6.515
2016-05-11,6.491
2016-05-12,6.514
2016-05-13,6.5285
2016-05-16,6.5184
2016-05-17,6.517
2016-05-18,6.537
2016-05-19,6.544
2016-05-20,6.5485
2016-05-23,6.5533
2016-05-24,6.5552
2016-05-25,6.5538
2016-05-26,6.554
2016-05-27,6.5615
2016-05-30,
2016-05-31,6.5798
2016-06-01,6.5748
2016-06-02,6.5815
2016-06-03,6.5638
2016-06-06,6.5611
2016-06-07,6.571
2016-06-08,6.56
2016-06-09,6.559
2016-06-10,6.559
2016-06-13,6.5823
2016-06-14,6.593
2016-06-15,6.5785
2016-06-16,6.5899
2016-06-17,6.5849
2016-06-20,6.5768
2016-06-21,6.5893
2016-06-22,6.575
2016-06-23,6.574
2016-06-24,6.615
2016-06-27,6.6481
2016-06-28,6.645
2016-06-29,6.635
2016-06-30,6.6459
2016-07-01,6.6547
2016-07-04,
2016-07-05,6.677
2016-07-06,6.69
2016-07-07,6.679
2016-07-08,6.6878
2016-07-11,6.6917
2016-07-12,6.686
2016-07-13,6.6832
2016-07-14,6.6801
2016-07-15,6.6865
2016-07-18,6.7013
2016-07-19,6.6931
2016-07-20,6.676
2016-07-21,6.6735
2016-07-22,6.676
2016-07-25,6.6783
2016-07-26,6.669
2016-07-27,6.668
2016-07-28,6.6538
2016-07-29,6.6371
2016-08-01,6.6421
2016-08-02,6.6239
2016-08-03,6.632
2016-08-04,6.6388
2016-08-05,6.653
2016-08-08,6.6597
2016-08-09,6.653
2016-08-10,6.6345
2016-08-11,6.6274
2016-08-12,6.6324
2016-08-15,6.637
2016-08-16,6.624
2016-08-17,6.6328
2016-08-18,6.6297
2016-08-19,6.6515
2016-08-22,6.6475
2016-08-23,6.6378
2016-08-24,6.6562
2016-08-25,6.656
2016-08-26,6.669
2016-08-29,6.6775
2016-08-30,6.6778
2016-08-31,6.6776
2016-09-01,6.6713
2016-09-02,6.679
2016-09-05,
2016-09-06,6.6722
2016-09-07,6.66
2016-09-08,6.664
2016-09-09,6.6778
2016-09-12,6.6788
2016-09-13,6.6782
2016-09-14,6.6707
2016-09-15,6.6707
2016-09-16,6.6707
2016-09-19,6.665
2016-09-20,6.67
2016-09-21,6.6695
2016-09-22,6.663
2016-09-23,6.669
2016-09-26,6.6683
2016-09-27,6.6691
2016-09-28,6.673
2016-09-29,6.665
2016-09-30,6.6685
2016-10-03,6.6685
2016-10-04,6.6685
2016-10-05,6.6685
2016-10-06,6.6685
2016-10-07,6.6685
2016-10-10,
2016-10-11,6.719
2016-10-12,6.718
2016-10-13,6.7248
2016-10-14,6.7277
2016-10-17,6.735
2016-10-18,6.7401
2016-10-19,6.737
2016-10-20,6.7439
2016-10-21,6.7654
2016-10-24,6.7728
2016-10-25,6.778
2016-10-26,6.7706
2016-10-27,6.7819
2016-10-28,6.776
2016-10-31,6.7735
2016-11-01,6.763
2016-11-02,6.7606
2016-11-03,6.7612
2016-11-04,6.7534
2016-11-07,6.774
2016-11-08,6.784
2016-11-09,6.7769
2016-11-10,6.7987
2016-11-11,
2016-11-14,6.8447
2016-11-15,6.8556
2016-11-16,6.877
2016-11-17,6.8674
2016-11-18,6.8873
2016-11-21,6.8918
2016-11-22,6.888
2016-11-23,6.9195
2016-11-24,
2016-11-25,6.9176
2016-11-28,6.9055
2016-11-29,6.8933
2016-11-30,6.8837
2016-12-01,6.883
2016-12-02,6.883
2016-12-05,6.8775
2016-12-06,6.879
2016-12-07,6.878
2016-12-08,6.8771
2016-12-09,6.9042
2016-12-12,6.9045
2016-12-13,6.8984
2016-12-14,6.9025
2016-12-15,6.941
2016-12-16,6.958
2016-12-19,6.9506
2016-12-20,6.947
2016-12-21,6.939
2016-12-22,6.9473
2016-12-23,6.9432
2016-12-26,
2016-12-27,6.9491
2016-12-28,6.9559
2016-12-29,6.9535
2016-12-30,6.943
2017-01-02,
2017-01-03,6.9575
2017-01-04,6.9322
2017-01-05,6.887
2017-01-06,6.9176
2017-01-09,6.935
2017-01-10,6.918
2017-01-11,6.9365
2017-01-12,6.889
2017-01-13,6.8985
2017-01-16,
2017-01-17,6.852
2017-01-18,6.836
2017-01-19,6.868
2017-01-20,
2017-01-23,6.8514
2017-01-24,6.8555
2017-01-25,6.8812
2017-01-26,6.8768
2017-01-27,6.8768
2017-01-30,6.8768
2017-01-31,6.8768
2017-02-01,6.8768
2017-02-02,6.8768
2017-02-03,6.865
2017-02-06,6.86
2017-02-07,6.8821
2017-02-08,6.87
2017-02-09,6.866
2017-02-10,6.8775
2017-02-13,6.8776
2017-02-14,6.8649
2017-02-15,6.8685
2017-02-16,6.8517
2017-02-17,6.864
2017-02-20,
2017-02-21,6.881
2017-02-22,6.8765
2017-02-23,6.8622
2017-02-24,6.8645
2017-02-27,6.8675
2017-02-28,6.8665
2017-03-01,6.8794
2017-03-02,6.8868
2017-03-03,6.8954
2017-03-06,6.8955
2017-03-07,6.9
2017-03-08,6.9113
2017-03-09,6.9086
2017-03-10,6.905
2017-03-13,6.905
2017-03-14,6.913
2017-03-15,6.9132
2017-03-16,6.913
2017-03-17,6.9
2017-03-20,6.905
2017-03-21,6.883
2017-03-22,6.8785
2017-03-23,6.8843
2017-03-24,6.8803
2017-03-27,6.8687
2017-03-28,6.8779
2017-03-29,6.8879
2017-03-30,6.887
2017-03-31,6.8832
2017-04-03,6.8832
2017-04-04,6.8832
2017-04-05,6.892
2017-04-06,6.8955
2017-04-07,6.8978
2017-04-10,6.8988
2017-04-11,6.8893
2017-04-12,6.889
2017-04-13,6.8865
2017-04-14,6.8835
2017-04-17,6.88
2017-04-18,6.8778
2017-04-19,6.886
2017-04-20,6.88
2017-04-21,6.8845
2017-04-24,6.884
2017-04-25,6.8824
2017-04-26,6.8918
2017-04-27,6.8958
2017-04-28,6.89
2017-05-01,6.89
2017-05-02,6.8949
2017-05-03,6.8968
2017-05-04,6.8959
2017-05-05,6.9021
2017-05-08,6.904
2017-05-09,6.906
2017-05-10,6.9011
2017-05-11,6.9033
2017-05-12,6.8972
2017-05-15,6.89
2017-05-16,6.884
2017-05-17,6.8773
2017-05-18,6.888
2017-05-19,6.883
2017-05-22,6.8828
2017-05-23,6.888
2017-05-24,6.8883
2017-05-25,6.8672
2017-05-26,6.8525
2017-05-29,
2017-05-30,6.8525
2017-05-31,6.8098
2017-06-01,6.8029
2017-06-02,6.8085
2017-06-05,6.803
2017-06-06,6.7945
2017-06-07,6.7935
2017-06-08,6.799
2017-06-09,6.797
2017-06-12,6.7974
2017-06-13,6.7981
2017-06-14,6.7888
2017-06-15,6.8061
2017-06-16,6.8097
2017-06-19,6.818
2017-06-20,6.8285
2017-06-21,6.8275
2017-06-22,6.8275
2017-06-23,6.8345
2017-06-26,6.8382
2017-06-27,6.81
2017-06-28,6.7984
2017-06-29,6.784
2017-06-30,6.7793
2017-07-03,6.7984
2017-07-04,
2017-07-05,6.7995
2017-07-06,6.799
2017-07-07,6.8039
2017-07-10,6.8026
2017-07-11,6.801
2017-07-12,6.7865
2017-07-13,6.7825
2017-07-14,6.7741
2017-07-17,6.769
2017-07-18,6.7451
2017-07-19,6.7511
2017-07-20,6.757
2017-07-21,6.7663
2017-07-24,6.7488
2017-07-25,6.7495
2017-07-26,6.753
2017-07-27,6.741
2017-07-28,6.7362
2017-07-31,6.724
2017-08-01,6.717
2017-08-02,6.72
2017-08-03,6.715
2017-08-04,6.7272
2017-08-07,6.7207
2017-08-08,6.7049
2017-08-09,6.672
2017-08-10,6.646
2017-08-11,6.6612
2017-08-14,6.6695
2017-08-15,6.6845
2017-08-16,6.69
2017-08-17,6.673
2017-08-18,6.67
2017-08-21,6.663
2017-08-22,6.66
2017-08-23,6.6569
2017-08-24,6.66
2017-08-25,6.6465
2017-08-28,6.6084
2017-08-29,6.5945
2017-08-30,6.5918
2017-08-31,6.5888
2017-09-01,6.5552
2017-09-04,
2017-09-05,6.5345
2017-09-06,6.5221
2017-09-07,6.483
2017-09-08,6.4773
2017-09-11,6.5254
2017-09-12,6.5334
2017-09-13,6.54
2017-09-14,6.552
2017-09-15,6.55
2017-09-18,6.5725
2017-09-19,6.58
2017-09-20,6.57
2017-09-21,6.5861
2017-09-22,6.5899
2017-09-25,6.6189
2017-09-26,6.6371
2017-09-27,6.64
2017-09-28,6.6591
2017-09-29,6.6533
2017-10-02,6.6533
2017-10-03,6.6533
2017-10-04,6.6533
2017-10-05,6.6533
2017-10-06,6.6533
2017-10-09,
2017-10-10,6.5712
2017-10-11,6.587
2017-10-12,6.5855
2017-10-13,6.5785
2017-10-16,6.5885
2017-10-17,6.622
2017-10-18,6.625
2017-10-19,6.6126
2017-10-20,6.6185
2017-10-23,6.638
2017-10-24,6.6335
2017-10-25,6.635
2017-10-26,6.6392
2017-10-27,6.6498
2017-10-30,6.6498
2017-10-31,6.6328
2017-11-01,6.6018
2017-11-02,6.6068
2017-11-03,6.636
2017-11-06,6.6311
2017-11-07,6.638
2017-11-08,6.6249
2017-11-09,6.6378
2017-11-10,
2017-11-13,6.6385
2017-11-14,6.635
2017-11-15,6.62
2017-11-16,6.6273
2017-11-17,6.6245
2017-11-20,6.6245
2017-11-21,6.6265
2017-11-22,6.6086
2017-11-23,
2017-11-24,6.5998
2017-11-27,6.5967
2017-11-28,6.6044
2017-11-29,6.6091
2017-11-30,6.609
2017-12-01,6.6137
2017-12-04,6.6185
2017-12-05,6.617
2017-12-06,6.6136
2017-12-07,6.6173
2017-12-08,6.6199
2017-12-11,6.6175
2017-12-12,6.621
2017-12-13,6.6171
2017-12-14,6.6091
2017-12-15,6.6088
2017-12-18,6.6088
2017-12-19,6.6088
2017-12-20,6.5771
2017-12-21,6.5833
2017-12-22,6.575
2017-12-25,
2017-12-26,6.5429
2017-12-27,6.556
2017-12-28,6.5322
2017-12-29,6.5063
2018-01-01,
2018-01-02,6.491
2018-01-03,6.501
2018-01-04,6.4915
2018-01-05,6.4875
2018-01-08,6.497
2018-01-09,6.5263
2018-01-10,6.5055
2018-01-11,6.4956
2018-01-12,6.4607
2018-01-15,
2018-01-16,6.4395
2018-01-17,6.433
2018-01-18,6.4175
2018-01-19,6.399
2018-01-22,6.4035
2018-01-23,6.4
2018-01-24,6.365
2018-01-25,6.3189
2018-01-26,6.3199
2018-01-29,6.3328
2018-01-30,6.3199
2018-01-31,6.2841
2018-02-01,6.2969
2018-02-02,6.2984
2018-02-05,6.285
2018-02-06,6.283
2018-02-07,6.2649
2018-02-08,6.3222
2018-02-09,6.2966
2018-02-12,6.325
2018-02-13,6.338
2018-02-14,6.3438
2018-02-15,6.3438
2018-02-16,6.3438
2018-02-19,
2018-02-20,6.3351
2018-02-21,6.3351
2018-02-22,6.3471
2018-02-23,6.3329
2018-02-26,6.3115
2018-02-27,6.3169
2018-02-28,6.328
2018-03-01,6.3565
2018-03-02,6.3428
2018-03-05,6.3491
2018-03-06,6.3093
2018-03-07,6.3225
2018-03-08,6.3389
2018-03-09,6.3285
2018-03-12,6.327
2018-03-13,6.318
2018-03-14,6.314
2018-03-15,6.3202
2018-03-16,6.33
2018-03-19,6.3291
2018-03-20,6.3328
2018-03-21,6.32
2018-03-22,6.331
2018-03-23,6.311
2018-03-26,6.2685
2018-03-27,6.2781
2018-03-28,6.2946
2018-03-29,6.2876
2018-03-30,6.2726
2018-04-02,6.2785
2018-04-03,6.2881
2018-04-04,6.3045
2018-04-05,6.3045
2018-04-06,6.3045
2018-04-09,6.3035
2018-04-10,6.2798
2018-04-11,6.2655
2018-04-12,6.2876
2018-04-13,6.2725
2018-04-16,6.2752
2018-04-17,6.2804
2018-04-18,6.2722
2018-04-19,6.2765
2018-04-20,6.2945
2018-04-23,6.3158
2018-04-24,6.3035
2018-04-25,6.3236
2018-04-26,6.334
2018-04-27,6.3325
2018-04-30,6.3325
2018-05-01,6.3325
2018-05-02,6.361
2018-05-03,6.352
2018-05-04,6.3589
2018-05-07,6.364
2018-05-08,6.369
2018-05-09,6.3585
2018-05-10,6.344
2018-05-11,6.3333
2018-05-14,6.336
2018-05-15,6.376
2018-05-16,6.3706
2018-05-17,6.3645
2018-05-18,6.3768
2018-05-21,6.3815
2018-05-22,6.366
2018-05-23,6.3875
2018-05-24,6.3757
2018-05-25,6.3903
2018-05-28,
2018-05-29,6.4162
2018-05-30,6.4175
2018-05-31,6.4096
2018-06-01,6.418
2018-06-04,6.405
2018-06-05,6.4042
2018-06-06,6.385
2018-06-07,6.389
2018-06-08,6.4031
2018-06-11,6.4
2018-06-12,6.3992
2018-06-13,6.3944
2018-06-14,6.398
2018-06-15,6.4379
2018-06-18,6.4379
2018-06-19,6.4802
2018-06-20,6.4713
2018-06-21,6.49
2018-06-22,6.5027
2018-06-25,6.536
2018-06-26,6.5759
2018-06-27,6.5992
2018-06-28,6.6235
2018-06-29,6.6171
2018-07-02,6.6632
2018-07-03,6.6368
2018-07-04,
2018-07-05,6.6341
2018-07-06,6.6396
2018-07-09,6.6123
2018-07-10,6.6296
2018-07-11,6.6764
2018-07-12,6.663
2018-07-13,6.69
2018-07-16,6.6866
2018-07-17,6.7018
2018-07-18,6.7161
2018-07-19,6.7701
2018-07-20,6.7659
2018-07-23,6.7927
2018-07-24,6.7912
2018-07-25,6.7658
2018-07-26,6.7865
2018-07-27,6.8097
2018-07-30,6.8102
2018-07-31,6.8038
2018-08-01,6.8154
2018-08-02,6.838
2018-08-03,6.8309
2018-08-06,6.85
2018-08-07,6.828
2018-08-08,6.8344
2018-08-09,6.8199
2018-08-10,6.8458
2018-08-13,6.888
2018-08-14,6.8809
2018-08-15,6.933
2018-08-16,6.8792
2018-08-17,6.874
2018-08-20,6.8546
2018-08-21,6.8444
2018-08-22,6.84
2018-08-23,6.8748
2018-08-24,6.803
2018-08-27,6.8145
2018-08-28,6.8018
2018-08-29,6.819
2018-08-30,6.8415
2018-08-31,6.83
2018-09-03,
2018-09-04,6.8427
2018-09-05,6.827
2018-09-06,6.8322
2018-09-07,6.8419
2018-09-10,6.8545
2018-09-11,6.8704
2018-09-12,6.8574
2018-09-13,6.8407
2018-09-14,6.8673
2018-09-17,6.854
2018-09-18,6.8591
2018-09-19,6.8466
2018-09-20,6.8455
2018-09-21,6.8559
2018-09-24,6.8559
2018-09-25,6.8632
2018-09-26,6.8763
2018-09-27,6.888
2018-09-28,6.868
2018-10-01,6.868
2018-10-02,6.868
2018-10-03,6.868
2018-10-04,6.868
2018-10-05,6.868
2018-10-08,
2018-10-09,6.9217
2018-10-10,6.9224
2018-10-11,6.888
2018-10-12,6.9182
2018-10-15,6.9131
2018-10-16,6.9102
2018-10-17,6.9263
2018-10-18,6.9367
2018-10-19,6.9291
2018-10-22,6.9446
2018-10-23,6.9373
2018-10-24,6.942
2018-10-25,6.9477
2018-10-26,6.9425
2018-10-29,6.9605
2018-10-30,6.9663
2018-10-31,6.9737
2018-11-01,6.9205
2018-11-02,6.8894
2018-11-05,6.9249
2018-11-06,6.9172
2018-11-07,6.9174
2018-11-08,6.9318
2018-11-09,6.9553
2018-11-12,
2018-11-13,6.9546
2018-11-14,6.95
2018-11-15,6.938
2018-11-16,6.9367
2018-11-19,6.9398
2018-11-20,6.9448
2018-11-21,6.9248
2018-11-22,
2018-11-23,6.9477
2018-11-26,6.9397
2018-11-27,6.9498
2018-11-28,6.9534
2018-11-29,6.9419
2018-11-30,6.9558
2018-12-03,6.8798
2018-12-04,6.8343
2018-12-05,
2018-12-06,6.8816
2018-12-07,6.8733
2018-12-10,6.9077
2018-12-11,6.8968
2018-12-12,6.8778
2018-12-13,6.8798
2018-12-14,6.905
2018-12-17,6.8962
2018-12-18,6.8939
2018-12-19,6.8918
2018-12-20,6.8834
2018-12-21,6.9048
2018-12-24,
2018-12-25,
2018-12-26,6.8847
2018-12-27,6.8649
2018-12-28,6.8755
2018-12-31,6.8755
2019-01-01,
2019-01-02,6.8597
2019-01-03,6.8708
2019-01-04,6.8663
2019-01-07,6.8501
2019-01-08,6.8519
2019-01-09,6.8117
2019-01-10,6.7875
2019-01-11,6.7596
2019-01-14,
2019-01-15,6.7595
2019-01-16,6.7532
2019-01-17,6.7735
2019-01-18,6.7765
2019-01-21,
2019-01-22,6.8072
2019-01-23,6.7897
2019-01-24,6.7835
2019-01-25,6.7448
2019-01-28,6.7437
2019-01-29,6.7304
2019-01-30,6.7115
2019-01-31,6.6958
2019-02-01,6.7426
2019-02-04,6.7426
2019-02-05,6.7426
2019-02-06,6.7426
2019-02-07,6.7426
2019-02-08,6.7426
2019-02-11,6.7907
2019-02-12,6.7726
2019-02-13,6.7598
2019-02-14,6.7711
2019-02-15,6.768
2019-02-18,
2019-02-19,6.756
2019-02-20,
2019-02-21,6.7195
2019-02-22,6.7112
2019-02-25,6.6844
2019-02-26,6.698
2019-02-27,6.6822
2019-02-28,6.6912
2019-03-01,6.7048
2019-03-04,6.7045
2019-03-05,6.706
2019-03-06,6.7099
2019-03-07,6.7132
2019-03-08,6.7201
2019-03-11,6.7215
2019-03-12,6.707
2019-03-13,6.7064
2019-03-14,6.7209
2019-03-15,6.7129
2019-03-18,6.7121
2019-03-19,6.7106
2019-03-20,6.6916
2019-03-21,6.6952
2019-03-22,6.7162
2019-03-25,6.7079
2019-03-26,6.7145
2019-03-27,6.7262
2019-03-28,6.7381
2019-03-29,6.7112
2019-04-01,6.7102
2019-04-02,6.7223
2019-04-03,6.7098
2019-04-04,6.7167
2019-04-05,6.7182
2019-04-08,6.7158
2019-04-09,6.7111
2019-04-10,6.7153
2019-04-11,6.7188
2019-04-12,6.7039
2019-04-15,6.7072
2019-04-16,6.7112
2019-04-17,6.687
2019-04-18,6.7081
2019-04-19,6.7032
2019-04-22,6.7112
2019-04-23,6.7249
2019-04-24,6.7207
2019-04-25,6.7418
2019-04-26,6.7282
2019-04-29,6.7332
2019-04-30,6.7347
2019-05-01,6.7319
2019-05-02,6.7337
2019-05-03,6.7337
2019-05-06,6.7602
2019-05-07,6.7755
2019-05-08,6.7818
2019-05-09,6.8256
2019-05-10,6.8217
2019-05-13,6.8765
2019-05-14,6.8737
2019-05-15,6.8742
2019-05-16,6.8832
2019-05-17,6.9182
2019-05-20,6.9111
2019-05-21,6.9007
2019-05-22,6.9054
2019-05-23,6.9087
2019-05-24,6.8997
2019-05-27,
2019-05-28,6.9078
2019-05-29,6.9138
2019-05-30,6.9011
2019-05-31,6.9027
2019-06-03,6.9028
2019-06-04,6.9072
2019-06-05,6.9084
2019-06-06,6.9082
2019-06-07,6.9057
2019-06-10,6.9298
2019-06-11,6.9107
2019-06-12,6.9161
2019-06-13,6.9212
2019-06-14,6.9247
2019-06-17,6.9251
2019-06-18,6.9002
2019-06-19,6.8996
2019-06-20,6.851
2019-06-21,6.8686
2019-06-24,6.8758
2019-06-25,6.8791
2019-06-26,6.8781
2019-06-27,6.8762
2019-06-28,6.865
2019-07-01,6.8487
2019-07-02,6.8717
2019-07-03,6.8806
2019-07-04,
2019-07-05,6.8925
2019-07-08,6.8808
2019-07-09,6.8866
2019-07-10,6.8705
2019-07-11,6.8682
2019-07-12,6.8796
2019-07-15,6.8769
2019-07-16,6.8753
2019-07-17,6.8731
2019-07-18,6.8788
2019-07-19,6.8812
2019-07-22,6.8803
2019-07-23,6.8787
2019-07-24,6.8717
2019-07-25,6.8714
2019-07-26,6.8785
2019-07-29,6.8927
2019-07-30,6.8833
2019-07-31,6.8833
2019-08-01,6.8972
2019-08-02,6.9387
2019-08-05,7.0481
2019-08-06,7.0192
2019-08-07,7.0592
2019-08-08,7.044
2019-08-09,7.0613
2019-08-12,7.0578
2019-08-13,7.0423
2019-08-14,7.0224
2019-08-15,7.0327
2019-08-16,7.0413
2019-08-19,7.0499
2019-08-20,7.0597
2019-08-21,7.0623
2019-08-22,7.0829
2019-08-23,7.0928
2019-08-26,7.1503
2019-08-27,7.1603
2019-08-28,7.1628
2019-08-29,7.1434
2019-08-30,7.1543
2019-09-02,
2019-09-03,7.1786
2019-09-04,7.144
2019-09-05,7.1468
2019-09-06,7.1131
2019-09-09,7.121
2019-09-10,7.1121
2019-09-11,7.1153
2019-09-12,7.0787
2019-09-13,7.0754
2019-09-16,7.0659
2019-09-17,7.0905
2019-09-18,7.0849
2019-09-19,7.0959
2019-09-20,7.0909
2019-09-23,7.1168
2019-09-24,7.1138
2019-09-25,7.1313
2019-09-26,7.13
2019-09-27,7.1218
2019-09-30,7.1477
2019-10-01,7.1473
2019-10-02,7.1473
2019-10-03,7.1473
2019-10-04,7.1473
2019-10-07,7.1473
2019-10-08,7.1422
2019-10-09,7.1316
2019-10-10,7.1153
2019-10-11,7.0868
2019-10-14,
2019-10-15,7.0814
2019-10-16,7.092
2019-10-17,7.0766
2019-10-18,7.0805
2019-10-21,7.0748
2019-10-22,7.0761
2019-10-23,7.0624
2019-10-24,7.0684
2019-10-25,7.0647
2019-10-28,7.067
2019-10-29,7.0655
2019-10-30,7.0541
2019-10-31,7.0379
2019-11-01,7.0368
2019-11-04,7.03
2019-11-05,7.0082
2019-11-06,6.9968
2019-11-07,6.9766
2019-11-08,6.9954
2019-11-11,
2019-11-12,7.0066
2019-11-13,7.0223
2019-11-14,7.0195
2019-11-15,7.0075
2019-11-18,7.0246
2019-11-19,7.0263
2019-11-20,7.0344
2019-11-21,7.0285
2019-11-22,7.0389
2019-11-25,7.0349
2019-11-26,7.0319
2019-11-27,7.028
2019-11-28,
2019-11-29,7.0308
2019-12-02,7.038
2019-12-03,7.0609
2019-12-04,7.0489
2019-12-05,7.0445
2019-12-06,7.0348
2019-12-09,7.0389
2019-12-10,7.0328
2019-12-11,7.0384
2019-12-12,6.9925
2019-12-13,6.9925
2019-12-16,6.9921
2019-12-17,6.9967
2019-12-18,7.0029
2019-12-19,7.0097
2019-12-20,7.0063
2019-12-23,7.0124
2019-12-24,7.0064
2019-12-25,
2019-12-26,6.9949
2019-12-27,6.9954
2019-12-30,6.9864
2019-12-31,6.9618
2020-01-01,
2020-01-02,6.9642
2020-01-03,6.9649
2020-01-06,6.9749
2020-01-07,6.9443
2020-01-08,6.9447
2020-01-09,6.9309
2020-01-10,6.9178
2020-01-13,6.8924
2020-01-14,6.8837
2020-01-15,6.8899
2020-01-16,6.8769
2020-01-17,6.8589
2020-01-20,
2020-01-21,6.9049
2020-01-22,6.904
2020-01-23,6.9364
2020-01-24,6.9161
2020-01-27,6.9161
2020-01-28,6.9161
2020-01-29,6.9161
2020-01-30,6.9161
2020-01-31,6.9161
2020-02-03,7.0208
2020-02-04,6.9979
2020-02-05,6.972
2020-02-06,6.9694
2020-02-07,7.0003
2020-02-10,6.982
2020-02-11,6.965
2020-02-12,6.9708
2020-02-13,6.9759
2020-02-14,6.9859
2020-02-17,
2020-02-18,6.9949
2020-02-19,6.9975
2020-02-20,7.0225
2020-02-21,7.0255
2020-02-24,7.0286
2020-02-25,7.0128
2020-02-26,7.0214
2020-02-27,7.0036
2020-02-28,6.9906
2020-03-02,6.9595
2020-03-03,6.9579
2020-03-04,6.9244
2020-03-05,6.9366
2020-03-06,6.9298
2020-03-09,6.9448
2020-03-10,6.9549
2020-03-11,6.9595
2020-03-12,7.0282
2020-03-13,7.0079
2020-03-16,6.9913
2020-03-17,7.003
2020-03-18,7.0459
2020-03-19,7.1058
2020-03-20,7.095
2020-03-23,7.09
2020-03-24,7.061
2020-03-25,7.1099
2020-03-26,7.0709
2020-03-27,7.0942
2020-03-30,7.0986
2020-03-31,7.0808
2020-04-01,7.0989
2020-04-02,7.0857
2020-04-03,7.0908
2020-04-06,7.0895
2020-04-07,7.0448
2020-04-08,7.0649
2020-04-09,7.0428
2020-04-10,7.0341
2020-04-13,7.0501
2020-04-14,7.0479
2020-04-15,7.0664
2020-04-16,7.0778
2020-04-17,7.0711
2020-04-20,7.0721
2020-04-21,7.0914
2020-04-22,7.0831
2020-04-23,7.0654
2020-04-24,7.0813
2020-04-27,7.0848
2020-04-28,7.0776
2020-04-29,7.0755
2020-04-30,7.0622
2020-05-01,7.0622
2020-05-04,7.0622
2020-05-05,7.0622
2020-05-06,7.1031
2020-05-07,7.0825
2020-05-08,7.0732
2020-05-11,7.0972
2020-05-12,7.0816
2020-05-13,7.0911
2020-05-14,7.0935
2020-05-15,7.1013
2020-05-18,7.1086
2020-05-19,7.098
2020-05-20,7.0928
2020-05-21,7.1138
2020-05-22,7.1269
2020-05-25,
2020-05-26,7.134
2020-05-27,7.1681
2020-05-28,7.1447
2020-05-29,7.1348
2020-06-01,7.1263
2020-06-02,7.0992
2020-06-03,7.1115
2020-06-04,7.1075
2020-06-05,7.0808
2020-06-08,7.07
2020-06-09,7.0765
2020-06-10,7.0599
2020-06-11,7.064
2020-06-12,7.0825
2020-06-15,7.0887
2020-06-16,7.0854
2020-06-17,7.084
2020-06-18,7.0869
2020-06-19,7.0707
2020-06-22,7.0678
2020-06-23,7.0575
2020-06-24,7.077
2020-06-25,7.0768
2020-06-26,7.0768
2020-06-29,7.0794
2020-06-30,7.0651
2020-07-01,7.0703
2020-07-02,7.066
2020-07-03,
2020-07-06,7.0159
2020-07-07,7.0127
2020-07-08,7.0041
2020-07-09,6.9923
2020-07-10,6.999
2020-07-13,6.9959
2020-07-14,7.006
2020-07-15,6.9885
2020-07-16,6.9881
2020-07-17,6.9912
2020-07-20,6.9829
2020-07-21,6.98
2020-07-22,6.9988
2020-07-23,7.0034
2020-07-24,7.0168
2020-07-27,6.995
2020-07-28,6.9998
2020-07-29,7.0014
2020-07-30,7.008
2020-07-31,6.9744
2020-08-03,6.9799
2020-08-04,6.972
2020-08-05,6.9353
2020-08-06,6.952
2020-08-07,6.967
2020-08-10,6.9611
2020-08-11,6.9451
2020-08-12,6.9363
2020-08-13,6.944
2020-08-14,6.9501
2020-08-17,6.9318
2020-08-18,6.9215
2020-08-19,6.9192
2020-08-20,6.9143
2020-08-21,6.9179
2020-08-24,6.918
2020-08-25,6.9116
2020-08-26,6.8855
2020-08-27,6.8925
2020-08-28,6.8647
2020-08-31,6.8474
2020-09-01,6.8272
2020-09-02,6.8375
2020-09-03,6.8474
2020-09-04,6.8409
2020-09-07,
2020-09-08,6.8435
2020-09-09,6.8308
2020-09-10,6.8335
2020-09-11,6.833
2020-09-14,6.808
2020-09-15,6.7819
2020-09-16,6.7529
2020-09-17,6.7628
2020-09-18,6.7675
2020-09-21,6.8043
2020-09-22,6.7779
2020-09-23,6.8089
2020-09-24,6.8273
2020-09-25,6.822
2020-09-28,6.8106
2020-09-29,6.815
2020-09-30,6.7896
2020-10-01,6.7898
2020-10-02,6.7898
2020-10-05,6.7896
2020-10-06,6.7896
2020-10-07,6.7896
2020-10-08,6.7896
2020-10-09,6.6933
2020-10-12,
2020-10-13,6.7452
2020-10-14,6.7136
2020-10-15,6.7233
2020-10-16,6.6962
2020-10-19,6.6803
2020-10-20,6.6754
2020-10-21,6.6503
2020-10-22,6.6821
2020-10-23,6.6861
2020-10-26,6.7119
2020-10-27,6.7044
2020-10-28,6.7279
2020-10-29,6.714
2020-10-30,6.6919
2020-11-02,6.6899
2020-11-03,6.6759
2020-11-04,6.6504
2020-11-05,6.6027
2020-11-06,6.608
2020-11-09,6.628
2020-11-10,6.6146
2020-11-11,
2020-11-12,6.6114
2020-11-13,6.6039
2020-11-16,6.583
2020-11-17,6.5556
2020-11-18,6.5588
2020-11-19,6.5823
2020-11-20,6.5608
2020-11-23,6.585
2020-11-24,6.59
2020-11-25,6.575
2020-11-26,
2020-11-27,
2020-11-30,6.576
2020-12-01,6.5705
2020-12-02,6.5622
2020-12-03,6.5418
2020-12-04,6.5301
2020-12-07,6.5295
2020-12-08,6.5307
2020-12-09,6.541
2020-12-10,6.5419
2020-12-11,6.5445
2020-12-14,6.548
2020-12-15,6.5388
2020-12-16,6.5323
2020-12-17,6.5321
2020-12-18,6.5395
2020-12-21,6.5493
2020-12-22,6.5426
2020-12-23,6.54
2020-12-24,
2020-12-25,
2020-12-28,6.5346
2020-12-29,6.53
2020-12-30,6.5208
2020-12-31,6.525
2021-01-01,
2021-01-04,6.4601
2021-01-05,6.455
2021-01-06,6.4617
2021-01-07,6.476
2021-01-08,6.475
2021-01-11,6.4795
2021-01-12,6.461
2021-01-13,6.4677
2021-01-14,6.4736
2021-01-15,6.48
2021-01-18,
2021-01-19,6.4777
2021-01-20,
2021-01-21,6.4595
2021-01-22,6.481
2021-01-25,6.4784
2021-01-26,6.4635
2021-01-27,6.4822
2021-01-28,6.4491
2021-01-29,6.4282
2021-02-01,6.4669
2021-02-02,6.457
2021-02-03,6.4614
2021-02-04,6.4715
2021-02-05,6.4664
2021-02-08,6.4475
2021-02-09,6.4344
2021-02-10,6.4576
2021-02-11,6.4567
2021-02-12,6.4567
2021-02-15,
2021-02-16,6.4567
2021-02-17,6.4567
2021-02-18,6.4869
2021-02-19,6.4555
2021-02-22,6.4625
2021-02-23,6.464
2021-02-24,6.4556
2021-02-25,6.4541
2021-02-26,6.473
2021-03-01,6.4648
2021-03-02,6.4702
2021-03-03,6.4675
2021-03-04,6.4694
2021-03-05,6.496
2021-03-08,6.525
2021-03-09,6.505
2021-03-10,6.505
2021-03-11,6.4932
2021-03-12,6.5081
2021-03-15,6.4996
2021-03-16,6.5052
2021-03-17,6.503
2021-03-18,6.5054
2021-03-19,6.507
2021-03-22,6.507
2021-03-23,6.516
2021-03-24,6.523
2021-03-25,6.5452
2021-03-26,6.5412
2021-03-29,6.5696
2021-03-30,6.5716
2021-03-31,6.5518
2021-04-01,6.5645
2021-04-02,6.5646
2021-04-05,6.5649
2021-04-06,6.537
2021-04-07,6.5415
2021-04-08,6.5505
2021-04-09,6.5522
2021-04-12,6.5475
2021-04-13,6.5431
2021-04-14,6.5292
2021-04-15,6.522
2021-04-16,6.5203
2021-04-19,6.5085
2021-04-20,6.4981
2021-04-21,6.4903
2021-04-22,6.491
2021-04-23,6.4945
2021-04-26,6.4844
2021-04-27,6.483
2021-04-28,6.4771
2021-04-29,6.471
2021-04-30,6.4749
2021-05-03,6.4749
2021-05-04,6.4749
2021-05-05,6.4749
2021-05-06,6.4635
2021-05-07,6.431
2021-05-10,6.4156
2021-05-11,6.4285
2021-05-12,6.4566
2021-05-13,6.4506
2021-05-14,6.4367
2021-05-17,6.4388
2021-05-18,6.425
2021-05-19,6.4342
2021-05-20,6.4339
2021-05-21,6.4339
2021-05-24,6.4177
2021-05-25,6.41
2021-05-26,6.3905
2021-05-27,6.3824
2021-05-28,6.3674
2021-05-31,
2021-06-01,6.3796
2021-06-02,6.3805
2021-06-03,6.4036
2021-06-04,6.3945
2021-06-07,6.3963
2021-06-08,6.4
2021-06-09,6.3865
2021-06-10,6.3929
2021-06-11,6.3967
2021-06-14,6.3979
2021-06-15,6.4052
2021-06-16,6.3969
2021-06-17,6.4477
2021-06-18,6.4525
2021-06-21,6.4659
2021-06-22,6.4811
2021-06-23,6.4727
2021-06-24,6.4701
2021-06-25,6.4545
2021-06-28,6.4555
2021-06-29,6.4635
2021-06-30,6.4566
2021-07-01,6.4679
2021-07-02,6.4721
2021-07-05,
2021-07-06,6.4786
2021-07-07,6.4718
2021-07-08,6.4898
2021-07-09,6.4788
2021-07-12,6.4751
2021-07-13,6.4685
2021-07-14,6.4688
2021-07-15,6.46
2021-07-16,6.4785
2021-07-19,6.4893
2021-07-20,6.4845
2021-07-21,6.4664
2021-07-22,6.47
2021-07-23,6.4808
2021-07-26,6.4825
2021-07-27,6.5104
2021-07-28,6.4905
2021-07-29,6.4562
2021-07-30,6.4609
2021-08-02,6.462
2021-08-03,6.47
2021-08-04,6.4655
2021-08-05,6.4608
2021-08-06,6.4825
2021-08-09,6.4857
2021-08-10,6.4852
2021-08-11,6.4783
2021-08-12,6.4782
2021-08-13,6.4768
2021-08-16,6.4742
2021-08-17,6.4854
2021-08-18,6.4841
2021-08-19,6.4942
2021-08-20,6.5012
2021-08-23,6.4805
2021-08-24,6.471
2021-08-25,6.4756
2021-08-26,6.4809
2021-08-27,6.4711
2021-08-30,6.4658
2021-08-31,6.4604
2021-09-01,6.4586
2021-09-02,6.456
2021-09-03,6.4528
2021-09-06,
2021-09-07,6.4662
2021-09-08,6.4612
2021-09-09,6.4547
2021-09-10,6.444
2021-09-13,6.4511
2021-09-14,6.4382
2021-09-15,6.432
2021-09-16,6.4566
2021-09-17,6.4655
2021-09-20,6.4651
2021-09-21,6.4651
2021-09-22,6.4611
2021-09-23,6.459
2021-09-24,6.466
2021-09-27,6.456
2021-09-28,6.4595
2021-09-29,6.4702
2021-09-30,6.4434
2021-10-01,6.4434
2021-10-04,6.4434
2021-10-05,6.4434
2021-10-06,6.4434
2021-10-07,6.4434
2021-10-08,6.4435
2021-10-11,
2021-10-12,6.4485
2021-10-13,6.4262
2021-10-14,6.438
2021-10-15,6.434
2021-10-18,6.429
2021-10-19,6.3822
2021-10-20,6.3936
2021-10-21,6.3925
2021-10-22,6.3839
2021-10-25,6.3856
2021-10-26,6.382
2021-10-27,6.3915
2021-10-28,6.3917
2021-10-29,6.405
2021-11-01,6.3972
2021-11-02,6.3995
2021-11-03,6.4061
2021-11-04,6.397
2021-11-05,6.3961
2021-11-08,6.3902
2021-11-09,6.3916
2021-11-10,6.3882
2021-11-11,
2021-11-12,6.3787
2021-11-15,6.3824
2021-11-16,6.3919
2021-11-17,6.3775
2021-11-18,6.3851
2021-11-19,6.3863
2021-11-22,6.3842
2021-11-23,6.391
2021-11-24,6.3917
2021-11-25,
2021-11-26,6.3924
2021-11-29,6.3875
2021-11-30,6.364
2021-12-01,6.3641
2021-12-02,6.3763
2021-12-03,6.3758
2021-12-06,6.3756
2021-12-07,6.3657
2021-12-08,6.3435
2021-12-09,6.3772
2021-12-10,6.3685
2021-12-13,6.3659
2021-12-14,6.3671
2021-12-15,6.3673
2021-12-16,6.3674
2021-12-17,6.3748
2021-12-20,6.3756
2021-12-21,6.3716
2021-12-22,6.3695
2021-12-23,6.3696
2021-12-24,
2021-12-27,6.3705
2021-12-28,6.3684
2021-12-29,6.368
2021-12-30,6.3726
2021-12-31,
2022-01-03,6.355
2022-01-04,6.3721
2022-01-05,6.364
2022-01-06,6.3822
2022-01-07,6.3769
2022-01-10,6.3756
2022-01-11,6.3735
2022-01-12,6.358
2022-01-13,6.3595
2022-01-14,6.3524
2022-01-17,
2022-01-18,6.3525
2022-01-19,6.3447
2022-01-20,6.3406
2022-01-21,6.3385
2022-01-24,6.3304
2022-01-25,6.3257
2022-01-26,6.3206
2022-01-27,6.3677
2022-01-28,6.3605
2022-01-31,6.361
2022-02-01,6.361
2022-02-02,6.361
2022-02-03,6.361
2022-02-04,6.361
2022-02-07,6.361
2022-02-08,6.366
2022-02-09,6.3619
2022-02-10,6.3526
2022-02-11,6.354
2022-02-14,6.3567
2022-02-15,6.3385
2022-02-16,6.3366
2022-02-17,6.3381
2022-02-18,6.3251
2022-02-21,
2022-02-22,6.326
2022-02-23,6.3134
2022-02-24,6.3283
2022-02-25,6.3169
2022-02-28,6.3084
2022-03-01,6.3116
2022-03-02,6.321
2022-03-03,6.3195
2022-03-04,6.3188
2022-03-07,6.3194
2022-03-08,6.3178
2022-03-09,6.3174
2022-03-10,6.3212
2022-03-11,6.3389
2022-03-14,6.3645
2022-03-15,6.3696
2022-03-16,6.351
2022-03-17,6.3459
2022-03-18,6.3609
2022-03-21,6.3552
2022-03-22,6.366
2022-03-23,6.372
2022-03-24,6.367
2022-03-25,6.3658
2022-03-28,6.3714
2022-03-29,6.3635
2022-03-30,6.347
2022-03-31,6.3393
2022-04-01,6.3625
2022-04-04,6.3619
2022-04-05,6.3619
2022-04-06,6.359
2022-04-07,6.36
2022-04-08,6.3643
2022-04-11,6.3692
2022-04-12,6.3651
2022-04-13,6.3678
2022-04-14,6.3775
2022-04-15,6.3705
2022-04-18,6.363
2022-04-19,6.393
2022-04-20,6.4188
2022-04-21,6.45
2022-04-22,6.501
2022-04-25,6.5585
2022-04-26,6.5552
2022-04-27,6.5595
2022-04-28,6.6243
2022-04-29,6.608
2022-05-02,6.6079
2022-05-03,6.6079
2022-05-04,6.6079
2022-05-05,6.6535
2022-05-06,6.6651
2022-05-09,6.7295
2022-05-10,6.7343
2022-05-11,6.7186
2022-05-12,6.786
2022-05-13,6.788
2022-05-16,6.7852
2022-05-17,6.7361
2022-05-18,6.754
2022-05-19,6.7109
2022-05-20,6.6921
2022-05-23,6.649
2022-05-24,6.653
2022-05-25,6.6916
2022-05-26,6.738
2022-05-27,6.698
2022-05-30,
2022-05-31,6.6715
2022-06-01,6.6858
2022-06-02,6.6596
2022-06-03,6.6595
2022-06-06,6.6534
2022-06-07,6.6675
2022-06-08,6.6825
2022-06-09,6.6915
2022-06-10,6.7081
2022-06-13,6.753
2022-06-14,6.7395
2022-06-15,6.7128
2022-06-16,6.703
2022-06-17,6.716
2022-06-20,
2022-06-21,6.688
2022-06-22,6.6983
2022-06-23,6.698
2022-06-24,6.6878
2022-06-27,6.6899
2022-06-28,6.707
2022-06-29,6.6997
2022-06-30,6.6981
2022-07-01,6.7
2022-07-04,
2022-07-05,6.7192
2022-07-06,6.707
2022-07-07,6.7005
2022-07-08,6.6945
2022-07-11,6.7175
2022-07-12,6.7234
2022-07-13,6.7175
2022-07-14,6.7542
2022-07-15,6.7565
2022-07-18,6.742
2022-07-19,6.743
2022-07-20,6.754
2022-07-21,6.7655
2022-07-22,6.75
2022-07-25,6.7499
2022-07-26,6.7616
2022-07-27,6.757
2022-07-28,6.7465
2022-07-29,6.7433
2022-08-01,6.7674
2022-08-02,6.7499
2022-08-03,6.7565
2022-08-04,6.7485
2022-08-05,6.7607
2022-08-08,6.7505
2022-08-09,6.7525
2022-08-10,6.723
2022-08-11,6.7445
2022-08-12,6.7425
2022-08-15,6.7715
2022-08-16,6.7875
2022-08-17,6.7805
2022-08-18,6.7855
2022-08-19,6.8164
2022-08-22,6.8476
2022-08-23,6.8476
2022-08-24,6.8581
2022-08-25,6.8477
2022-08-26,6.8715
2022-08-29,6.9067
2022-08-30,6.91
2022-08-31,6.889
2022-09-01,6.9066
2022-09-02,6.8985
2022-09-05,
2022-09-06,6.9532
2022-09-07,6.965
2022-09-08,6.9562
2022-09-09,6.924
2022-09-12,6.9265
2022-09-13,6.9245
2022-09-14,6.9612
2022-09-15,6.9934
2022-09-16,6.9799
2022-09-19,7.005
2022-09-20,7.0176
2022-09-21,7.0479
2022-09-22,7.0772
2022-09-23,7.1266
2022-09-26,7.1384
2022-09-27,7.176
2022-09-28,7.199
2022-09-29,7.1196
2022-09-30,7.1135
2022-10-03,7.1103
2022-10-04,7.1103
2022-10-05,7.1103
2022-10-06,7.1103
2022-10-07,7.1103
2022-10-10,
2022-10-11,7.1639
2022-10-12,7.172
2022-10-13,7.17
2022-10-14,7.1895
2022-10-17,7.1946
2022-10-18,7.2001
2022-10-19,7.228
2022-10-20,7.2129
2022-10-21,7.2399
2022-10-24,7.2629
2022-10-25,7.2688
2022-10-26,7.171
2022-10-27,7.2239
2022-10-28,7.2499
2022-10-31,7.3048
2022-11-01,7.273
2022-11-02,7.289
2022-11-03,7.3
2022-11-04,7.2996
2022-11-07,7.2266
2022-11-08,7.2485
2022-11-09,7.2401
2022-11-10,7.184
2022-11-11,
2022-11-14,7.071
2022-11-15,7.044
2022-11-16,7.0964
2022-11-17,7.1551
2022-11-18,7.1192
2022-11-21,7.164
2022-11-22,7.1388
2022-11-23,7.158
2022-11-24,
2022-11-25,7.1642
2022-11-28,7.2074
2022-11-29,7.1568
2022-11-30,7.0879
2022-12-01,7.0424
2022-12-02,7.019
2022-12-05,6.961
2022-12-06,6.9935
2022-12-07,6.9702
2022-12-08,6.9649
2022-12-09,6.9559
2022-12-12,6.9773
2022-12-13,6.943
2022-12-14,6.9498
2022-12-15,6.9716
2022-12-16,6.9708
2022-12-19,6.9772
2022-12-20,6.96
2022-12-21,6.981
2022-12-22,6.9829
2022-12-23,6.988
2022-12-26,
2022-12-27,6.96
2022-12-28,6.9774
2022-12-29,6.9625
2022-12-30,6.8972
2023-01-02,
2023-01-03,6.9135
2023-01-04,6.8875
2023-01-05,6.88
2023-01-06,6.837
2023-01-09,6.77
2023-01-10,6.777
2023-01-11,6.77
2023-01-12,6.7365
2023-01-13,6.701
2023-01-16,
2023-01-17,6.7723
2023-01-18,6.7534
2023-01-19,6.7738
2023-01-20,6.7825
2023-01-23,6.7899
2023-01-24,6.7899
2023-01-25,6.7899
2023-01-26,6.7899
2023-01-27,6.7899
2023-01-30,6.7501
2023-01-31,6.754
2023-02-01,6.7406
2023-02-02,6.7266
2023-02-03,6.7733
2023-02-06,6.7918
2023-02-07,6.791
2023-02-08,6.789
2023-02-09,6.7782
2023-02-10,6.8106
2023-02-13,6.8198
2023-02-14,6.8255
2023-02-15,6.851
2023-02-16,6.859
2023-02-17,6.8661
2023-02-20,
2023-02-21,6.87
2023-02-22,6.8908
2023-02-23,6.9075
2023-02-24,6.9545
2023-02-27,6.945
2023-02-28,6.9325
2023-03-01,6.8656
2023-03-02,6.9122
2023-03-03,6.9048
2023-03-06,6.9295
2023-03-07,6.9605
2023-03-08,6.9496
2023-03-09,6.963
2023-03-10,6.9025
2023-03-13,6.8455
2023-03-14,6.868
2023-03-15,6.9005
2023-03-16,6.8965
2023-03-17,6.887
2023-03-20,6.877
2023-03-21,6.883
2023-03-22,6.8802
2023-03-23,6.8188
2023-03-24,6.8675
2023-03-27,6.8834
2023-03-28,6.8725
2023-03-29,6.8862
2023-03-30,6.87
2023-03-31,6.8676
2023-04-03,6.8776
2023-04-04,6.878
2023-04-05,6.8781
2023-04-06,6.875
2023-04-07,6.875
2023-04-10,6.8807
2023-04-11,6.8866
2023-04-12,6.873
2023-04-13,6.8677
2023-04-14,6.869
2023-04-17,6.8786
2023-04-18,6.8755
2023-04-19,6.8851
2023-04-20,6.8725
2023-04-21,6.892
2023-04-24,6.8958
2023-04-25,6.932
2023-04-26,6.9261
2023-04-27,6.922
2023-04-28,6.911
2023-05-01,6.9164
2023-05-02,6.9164
2023-05-03,6.9164
2023-05-04,6.9094
2023-05-05,6.9101
2023-05-08,6.9125
2023-05-09,6.9201
2023-05-10,6.9321
2023-05-11,6.948
2023-05-12,6.9575
2023-05-15,6.952
2023-05-16,6.9751
2023-05-17,6.9981
2023-05-18,7.0355
2023-05-19,7.006
2023-05-22,7.0351
2023-05-23,7.049
2023-05-24,7.0585
2023-05-25,7.0775
2023-05-26,7.063
2023-05-29,
2023-05-30,7.0792
2023-05-31,7.11
2023-06-01,7.0934
2023-06-02,7.0827
2023-06-05,7.105
2023-06-06,7.119
2023-06-07,7.1287
2023-06-08,7.1109
2023-06-09,7.1273
2023-06-12,7.1437
2023-06-13,7.1585
2023-06-14,7.148
2023-06-15,7.13
2023-06-16,7.125
2023-06-19,
2023-06-20,7.1811
2023-06-21,7.1779
2023-06-22,7.1777
2023-06-23,7.1777
2023-06-26,7.2364
2023-06-27,7.2193
2023-06-28,7.2436
2023-06-29,7.2515
2023-06-30,7.2513
2023-07-03,7.24
2023-07-04,
2023-07-05,7.2465
2023-07-06,7.25
2023-07-07,7.2205
2023-07-10,7.2315
2023-07-11,7.209
2023-07-12,7.1656
2023-07-13,7.15
2023-07-14,7.1403
2023-07-17,7.1711
2023-07-18,7.1786
2023-07-19,7.226
2023-07-20,7.1761
2023-07-21,7.1861
2023-07-24,7.1855
2023-07-25,7.134
2023-07-26,7.1503
2023-07-27,7.173
2023-07-28,7.1488
2023-07-31,7.1426
2023-08-01,7.1775
2023-08-02,7.192
2023-08-03,7.1651
2023-08-04,7.1709
2023-08-07,7.1895
2023-08-08,7.216
2023-08-09,7.2085
2023-08-10,7.2165
2023-08-11,7.2367
2023-08-14,7.2585
2023-08-15,7.2817
2023-08-16,7.2985
2023-08-17,7.291
2023-08-18,7.28
2023-08-21,7.2865
2023-08-22,7.293
2023-08-23,7.2771
2023-08-24,7.2786
2023-08-25,7.289
2023-08-28,7.29
2023-08-29,7.2796
2023-08-30,7.2839
2023-08-31,7.2582
2023-09-01,7.2606
2023-09-04,
2023-09-05,7.3018
2023-09-06,7.316
2023-09-07,7.3287
2023-09-08,7.343
2023-09-11,7.2882
2023-09-12,7.2911
2023-09-13,7.27
2023-09-14,7.277
2023-09-15,7.2744
2023-09-18,7.2915
2023-09-19,7.2964
2023-09-20,7.287
2023-09-21,7.3066
2023-09-22,7.298
2023-09-25,7.311
2023-09-26,7.31
2023-09-27,7.3105
2023-09-28,7.301
2023-09-29,7.296
2023-10-02,7.296
2023-10-03,7.296
2023-10-04,7.296
2023-10-05,7.296
2023-10-06,7.296
2023-10-09,
2023-10-10,7.2948
2023-10-11,7.2992
2023-10-12,7.3019
2023-10-13,7.3049
2023-10-16,7.3105
2023-10-17,7.3105
2023-10-18,7.3161
2023-10-19,7.3126
2023-10-20,7.3155
2023-10-23,7.3158
2023-10-24,7.309
2023-10-25,7.3165
2023-10-26,7.315
2023-10-27,7.3171
