Date,USD_to_Rupee
2010-01-01,
2010-01-04,46.27
2010-01-05,46.13
2010-01-06,45.72
2010-01-07,45.67
2010-01-08,45.5
2010-01-11,45.35
2010-01-12,45.6
2010-01-13,45.47
2010-01-14,45.55
2010-01-15,45.8
2010-01-18,
2010-01-19,45.84
2010-01-20,46.1
2010-01-21,46.1
2010-01-22,46.21
2010-01-25,46.06
2010-01-26,
2010-01-27,46.3
2010-01-28,46.35
2010-01-29,46.08
2010-02-01,46.27
2010-02-02,46.11
2010-02-03,45.97
2010-02-04,46.21
2010-02-05,46.72
2010-02-08,46.79
2010-02-09,46.49
2010-02-10,46.36
2010-02-11,46.39
2010-02-12,46.44
2010-02-15,
2010-02-16,45.99
2010-02-17,46.0
2010-02-18,46.2
2010-02-19,46.24
2010-02-22,46.15
2010-02-23,46.25
2010-02-24,46.27
2010-02-25,46.29
2010-02-26,46.05
2010-03-01,46.01
2010-03-02,46.01
2010-03-03,45.55
2010-03-04,45.82
2010-03-05,45.49
2010-03-08,45.5
2010-03-09,45.6
2010-03-10,45.35
2010-03-11,45.49
2010-03-12,45.48
2010-03-15,45.55
2010-03-16,45.45
2010-03-17,45.28
2010-03-18,45.45
2010-03-19,45.31
2010-03-22,45.52
2010-03-23,45.5
2010-03-24,45.4
2010-03-25,45.5
2010-03-26,45.16
2010-03-29,44.94
2010-03-30,45.06
2010-03-31,44.95
2010-04-01,44.79
2010-04-02,44.74
2010-04-05,44.39
2010-04-06,44.41
2010-04-07,44.44
2010-04-08,44.41
2010-04-09,44.1
2010-04-12,44.41
2010-04-13,44.4675
2010-04-14,44.2
2010-04-15,44.32
2010-04-16,44.3
2010-04-19,44.72
2010-04-20,44.5
2010-04-21,44.54
2010-04-22,44.52
2010-04-23,44.42
2010-04-26,44.33
2010-04-27,44.41
2010-04-28,44.54
2010-04-29,44.61
2010-04-30,44.2
2010-05-03,44.46
2010-05-04,44.62
2010-05-05,44.82
2010-05-06,45.29
2010-05-07,45.4
2010-05-10,44.84
2010-05-11,45.1
2010-05-12,45.08
2010-05-13,45.0
2010-05-14,45.2
2010-05-17,45.51
2010-05-18,45.51
2010-05-19,46.27
2010-05-20,46.8
2010-05-21,46.9
2010-05-24,46.97
2010-05-25,47.49
2010-05-26,47.1
2010-05-27,46.71
2010-05-28,46.31
2010-05-31,
2010-06-01,47.08
2010-06-02,46.89
2010-06-03,46.55
2010-06-04,46.85
2010-06-07,47.08
2010-06-08,46.82
2010-06-09,46.95
2010-06-10,46.89
2010-06-11,46.76
2010-06-14,46.4
2010-06-15,46.41
2010-06-16,46.43
2010-06-17,46.22
2010-06-18,45.96
2010-06-21,45.64
2010-06-22,46.0
2010-06-23,46.185
2010-06-24,46.4775
2010-06-25,46.36
2010-06-28,46.2
2010-06-29,46.4
2010-06-30,46.41
2010-07-01,46.59
2010-07-02,46.55
2010-07-05,
2010-07-06,46.76
2010-07-07,46.96
2010-07-08,46.865
2010-07-09,46.66
2010-07-12,46.66
2010-07-13,46.74
2010-07-14,46.71
2010-07-15,46.5
2010-07-16,46.7
2010-07-19,47.1
2010-07-20,47.23
2010-07-21,47.08
2010-07-22,47.12
2010-07-23,46.9
2010-07-26,47.04
2010-07-27,46.25
2010-07-28,46.7
2010-07-29,46.53
2010-07-30,46.35
2010-08-02,46.09
2010-08-03,46.11
2010-08-04,46.02
2010-08-05,46.06
2010-08-06,45.94
2010-08-09,46.07
2010-08-10,46.3
2010-08-11,46.66
2010-08-12,46.7
2010-08-13,46.61
2010-08-16,46.68
2010-08-17,46.6
2010-08-18,46.54
2010-08-19,46.35
2010-08-20,45.7
2010-08-23,46.5
2010-08-24,46.86
2010-08-25,46.87
2010-08-26,46.78
2010-08-27,46.8
2010-08-30,46.87
2010-08-31,47.02
2010-09-01,46.74
2010-09-02,46.65
2010-09-03,46.58
2010-09-06,
2010-09-07,46.82
2010-09-08,46.5
2010-09-09,46.3
2010-09-10,46.28
2010-09-13,46.26
2010-09-14,46.15
2010-09-15,46.23
2010-09-16,46.14
2010-09-17,45.88
2010-09-20,45.65
2010-09-21,45.59
2010-09-22,45.56
2010-09-23,45.56
2010-09-24,45.1
2010-09-27,44.94
2010-09-28,45.04
2010-09-29,44.8
2010-09-30,44.56
2010-10-01,44.41
2010-10-04,44.55
2010-10-05,44.46
2010-10-06,44.25
2010-10-07,44.21
2010-10-08,44.39
2010-10-11,
2010-10-12,44.55
2010-10-13,44.35
2010-10-14,44.05
2010-10-15,44.15
2010-10-18,44.26
2010-10-19,44.3
2010-10-20,44.25
2010-10-21,44.25
2010-10-22,44.52
2010-10-25,44.39
2010-10-26,44.54
2010-10-27,44.4
2010-10-28,44.36
2010-10-29,44.44
2010-11-01,44.36
2010-11-02,44.0
2010-11-03,44.38
2010-11-04,44.08
2010-11-05,43.9
2010-11-08,44.29
2010-11-09,44.25
2010-11-10,44.28
2010-11-11,
2010-11-12,44.78
2010-11-15,45.11
2010-11-16,45.51
2010-11-17,45.09
2010-11-18,45.14
2010-11-19,45.25
2010-11-22,45.48
2010-11-23,45.56
2010-11-24,45.72
2010-11-25,
2010-11-26,45.82
2010-11-29,45.8
2010-11-30,45.83
2010-12-01,45.29
2010-12-02,45.09
2010-12-03,44.9
2010-12-06,44.89
2010-12-07,44.7
2010-12-08,45.0
2010-12-09,45.13
2010-12-10,45.1
2010-12-13,45.18
2010-12-14,45.01
2010-12-15,45.38
2010-12-16,45.54
2010-12-17,45.16
2010-12-20,45.4
2010-12-21,45.19
2010-12-22,45.05
2010-12-23,45.06
2010-12-24,
2010-12-27,45.26
2010-12-28,45.0
2010-12-29,44.97
2010-12-30,44.8
2010-12-31,
2011-01-03,44.59
2011-01-04,44.9
2011-01-05,45.35
2011-01-06,45.15
2011-01-07,45.35
2011-01-10,45.36
2011-01-11,45.08
2011-01-12,45.02
2011-01-13,45.02
2011-01-14,45.41
2011-01-17,
2011-01-18,45.32
2011-01-19,45.5
2011-01-20,45.77
2011-01-21,45.58
2011-01-24,45.51
2011-01-25,45.7
2011-01-26,45.46
2011-01-27,45.68
2011-01-28,45.83
2011-01-31,45.92
2011-02-01,45.65
2011-02-02,45.55
2011-02-03,45.66
2011-02-04,45.6
2011-02-07,45.35
2011-02-08,45.15
2011-02-09,45.36
2011-02-10,45.64
2011-02-11,45.6
2011-02-14,45.44
2011-02-15,45.41
2011-02-16,45.4
2011-02-17,45.25
2011-02-18,45.1
2011-02-21,
2011-02-22,45.15
2011-02-23,45.06
2011-02-24,45.4
2011-02-25,45.26
2011-02-28,45.18
2011-03-01,44.82
2011-03-02,44.81
2011-03-03,45.04
2011-03-04,44.89
2011-03-07,44.95
2011-03-08,45.03
2011-03-09,44.88
2011-03-10,45.17
2011-03-11,45.24
2011-03-14,44.99
2011-03-15,45.22
2011-03-16,45.0
2011-03-17,45.12
2011-03-18,45.06
2011-03-21,44.98
2011-03-22,44.95
2011-03-23,44.8
2011-03-24,44.69
2011-03-25,44.6
2011-03-28,44.8
2011-03-29,44.7
2011-03-30,44.75
2011-03-31,44.54
2011-04-01,44.44
2011-04-04,44.3
2011-04-05,44.3
2011-04-06,44.06
2011-04-07,44.18
2011-04-08,44.05
2011-04-11,44.33
2011-04-12,44.17
2011-04-13,44.46
2011-04-14,44.39
2011-04-15,44.26
2011-04-18,44.36
2011-04-19,44.49
2011-04-20,44.33
2011-04-21,44.26
2011-04-22,44.36
2011-04-25,44.41
2011-04-26,44.51
2011-04-27,44.0
2011-04-28,44.42
2011-04-29,44.24
2011-05-02,44.27
2011-05-03,44.47
2011-05-04,44.35
2011-05-05,44.76
2011-05-06,44.72
2011-05-09,44.68
2011-05-10,44.75
2011-05-11,44.59
2011-05-12,44.98
2011-05-13,44.86
2011-05-16,45.15
2011-05-17,45.13
2011-05-18,45.06
2011-05-19,44.9
2011-05-20,44.99
2011-05-23,45.22
2011-05-24,45.21
2011-05-25,45.32
2011-05-26,45.33
2011-05-27,45.17
2011-05-30,
2011-05-31,45.04
2011-06-01,44.84
2011-06-02,44.86
2011-06-03,44.82
2011-06-06,44.78
2011-06-07,44.67
2011-06-08,44.72
2011-06-09,44.64
2011-06-10,44.72
2011-06-13,44.85
2011-06-14,44.74
2011-06-15,44.79
2011-06-16,44.88
2011-06-17,44.76
2011-06-20,44.92
2011-06-21,44.84
2011-06-22,44.82
2011-06-23,44.89
2011-06-24,44.99
2011-06-27,44.94
2011-06-28,45.0
2011-06-29,44.78
2011-06-30,44.59
2011-07-01,44.62
2011-07-04,
2011-07-05,44.35
2011-07-06,44.48
2011-07-07,44.32
2011-07-08,44.41
2011-07-11,44.48
2011-07-12,44.6
2011-07-13,44.52
2011-07-14,44.5
2011-07-15,44.51
2011-07-18,44.6
2011-07-19,44.48
2011-07-20,44.44
2011-07-21,44.4
2011-07-22,44.34
2011-07-25,44.39
2011-07-26,44.1
2011-07-27,44.15
2011-07-28,44.03
2011-07-29,44.2
2011-08-01,44.06
2011-08-02,44.26
2011-08-03,44.31
2011-08-04,44.56
2011-08-05,44.73
2011-08-08,45.0
2011-08-09,45.2
2011-08-10,45.25
2011-08-11,45.29
2011-08-12,45.39
2011-08-15,45.23
2011-08-16,45.25
2011-08-17,45.3
2011-08-18,45.71
2011-08-19,45.66
2011-08-22,45.56
2011-08-23,45.62
2011-08-24,45.89
2011-08-25,46.04
2011-08-26,46.15
2011-08-29,45.95
2011-08-30,46.01
2011-08-31,45.79
2011-09-01,45.66
2011-09-02,45.74
2011-09-05,
2011-09-06,46.0
2011-09-07,46.07
2011-09-08,46.2
2011-09-09,46.64
2011-09-12,47.22
2011-09-13,47.49
2011-09-14,47.58
2011-09-15,47.54
2011-09-16,47.27
2011-09-19,47.72
2011-09-20,47.93
2011-09-21,48.32
2011-09-22,49.47
2011-09-23,49.34
2011-09-26,49.47
2011-09-27,48.92
2011-09-28,48.94
2011-09-29,48.93
2011-09-30,49.05
2011-10-03,49.09
2011-10-04,49.3
2011-10-05,49.24
2011-10-06,49.18
2011-10-07,48.89
2011-10-10,
2011-10-11,49.24
2011-10-12,48.95
2011-10-13,49.22
2011-10-14,48.89
2011-10-17,49.03
2011-10-18,49.33
2011-10-19,49.17
2011-10-20,49.86
2011-10-21,49.82
2011-10-24,49.72
2011-10-25,49.41
2011-10-26,49.4
2011-10-27,49.0
2011-10-28,48.63
2011-10-31,48.67
2011-11-01,49.26
2011-11-02,49.1
2011-11-03,49.04
2011-11-04,48.99
2011-11-07,48.94
2011-11-08,49.39
2011-11-09,50.05
2011-11-10,49.98
2011-11-11,
2011-11-14,50.37
2011-11-15,50.62
2011-11-16,50.66
2011-11-17,50.95
2011-11-18,51.23
2011-11-21,52.06
2011-11-22,52.48
2011-11-23,52.26
2011-11-24,
2011-11-25,52.23
2011-11-28,51.94
2011-11-29,51.9
2011-11-30,52.12
2011-12-01,51.36
2011-12-02,50.5
2011-12-05,51.31
2011-12-06,51.23
2011-12-07,51.62
2011-12-08,51.7
2011-12-09,51.87
2011-12-12,52.6
2011-12-13,53.09
2011-12-14,53.71
2011-12-15,53.55
2011-12-16,52.49
2011-12-19,52.69
2011-12-20,52.76
2011-12-21,52.39
2011-12-22,52.56
2011-12-23,52.78
2011-12-26,
2011-12-27,52.93
2011-12-28,52.88
2011-12-29,53.0
2011-12-30,53.01
2012-01-02,
2012-01-03,53.11
2012-01-04,52.85
2012-01-05,52.89
2012-01-06,52.67
2012-01-09,52.39
2012-01-10,51.59
2012-01-11,51.78
2012-01-12,51.51
2012-01-13,51.43
2012-01-16,
2012-01-17,50.69
2012-01-18,50.4
2012-01-19,50.3
2012-01-20,50.22
2012-01-23,49.99
2012-01-24,50.02
2012-01-25,50.18
2012-01-26,49.42
2012-01-27,49.39
2012-01-30,49.66
2012-01-31,49.54
2012-02-01,49.2738
2012-02-02,49.03
2012-02-03,48.65
2012-02-06,49.05
2012-02-07,49.2
2012-02-08,49.22
2012-02-09,49.35
2012-02-10,49.48
2012-02-13,49.14
2012-02-14,49.4
2012-02-15,49.35
2012-02-16,49.43
2012-02-17,49.31
2012-02-20,
2012-02-21,49.21
2012-02-22,49.24
2012-02-23,49.19
2012-02-24,48.98
2012-02-27,49.12
2012-02-28,49.01
2012-02-29,48.99
2012-03-01,49.14
2012-03-02,49.55
2012-03-05,49.82
2012-03-06,50.3763
2012-03-07,50.27
2012-03-08,50.17
2012-03-09,49.75
2012-03-12,49.98
2012-03-13,49.92
2012-03-14,50.0
2012-03-15,50.28
2012-03-16,50.11
2012-03-19,50.16
2012-03-20,50.48
2012-03-21,50.6
2012-03-22,51.28
2012-03-23,51.18
2012-03-26,51.03
2012-03-27,50.66
2012-03-28,50.97
2012-03-29,51.38
2012-03-30,50.89
2012-04-02,50.79
2012-04-03,50.64
2012-04-04,51.18
2012-04-05,51.11
2012-04-06,51.14
2012-04-09,51.1
2012-04-10,51.47
2012-04-11,51.5
2012-04-12,51.22
2012-04-13,51.45
2012-04-16,51.6
2012-04-17,51.41
2012-04-18,51.79
2012-04-19,52.07
2012-04-20,52.02
2012-04-23,52.38
2012-04-24,52.63
2012-04-25,52.45
2012-04-26,52.44
2012-04-27,52.45
2012-04-30,52.65
2012-05-01,52.5
2012-05-02,52.97
2012-05-03,53.33
2012-05-04,53.41
2012-05-07,52.91
2012-05-08,53.14
2012-05-09,53.75
2012-05-10,53.25
2012-05-11,53.63
2012-05-14,53.92
2012-05-15,53.91
2012-05-16,54.34
2012-05-17,54.37
2012-05-18,54.48
2012-05-21,54.97
2012-05-22,55.34
2012-05-23,55.95
2012-05-24,55.55
2012-05-25,55.35
2012-05-28,
2012-05-29,55.71
2012-05-30,56.13
2012-05-31,56.38
2012-06-01,55.44
2012-06-04,55.65
2012-06-05,55.54
2012-06-06,55.26
2012-06-07,54.91
2012-06-08,55.39
2012-06-11,55.69
2012-06-12,55.6
2012-06-13,55.56
2012-06-14,55.7
2012-06-15,55.34
2012-06-18,55.85
2012-06-19,55.87
2012-06-20,56.24
2012-06-21,56.25
2012-06-22,57.11
2012-06-25,57.13
2012-06-26,56.95
2012-06-27,56.93
2012-06-28,56.81
2012-06-29,55.57
2012-07-02,55.45
2012-07-03,54.31
2012-07-04,
2012-07-05,54.95
2012-07-06,55.47
2012-07-09,55.87
2012-07-10,55.39
2012-07-11,55.52
2012-07-12,55.83
2012-07-13,55.1
2012-07-16,55.05
2012-07-17,55.03
2012-07-18,55.33
2012-07-19,55.16
2012-07-20,55.27
2012-07-23,55.92
2012-07-24,56.22
2012-07-25,56.1
2012-07-26,55.59
2012-07-27,55.39
2012-07-30,55.42
2012-07-31,55.55
2012-08-01,55.47
2012-08-02,55.84
2012-08-03,55.75
2012-08-06,55.52
2012-08-07,55.06
2012-08-08,55.28
2012-08-09,55.17
2012-08-10,55.18
2012-08-13,55.34
2012-08-14,55.66
2012-08-15,55.66
2012-08-16,55.62
2012-08-17,55.62
2012-08-20,55.5
2012-08-21,55.46
2012-08-22,55.5
2012-08-23,55.14
2012-08-24,55.41
2012-08-27,55.68
2012-08-28,55.65
2012-08-29,55.69
2012-08-30,55.63
2012-08-31,55.52
2012-09-03,
2012-09-04,55.61
2012-09-05,55.88
2012-09-06,55.64
2012-09-07,55.27
2012-09-10,55.44
2012-09-11,55.25
2012-09-12,55.21
2012-09-13,55.34
2012-09-14,53.3
2012-09-17,53.88
2012-09-18,53.9
2012-09-19,53.99
2012-09-20,54.26
2012-09-21,53.46
2012-09-24,53.43
2012-09-25,53.36
2012-09-26,53.52
2012-09-27,52.99
2012-09-28,52.92
2012-10-01,52.46
2012-10-02,52.42
2012-10-03,52.25
2012-10-04,51.74
2012-10-05,51.77
2012-10-08,
2012-10-09,52.73
2012-10-10,53.05
2012-10-11,52.66
2012-10-12,52.81
2012-10-15,53.09
2012-10-16,52.89
2012-10-17,52.86
2012-10-18,53.46
2012-10-19,54.08
2012-10-22,53.51
2012-10-23,53.72
2012-10-24,53.73
2012-10-25,53.55
2012-10-26,53.55
2012-10-29,54.1
2012-10-30,53.96
2012-10-31,53.8
2012-11-01,53.76
2012-11-02,53.75
2012-11-05,54.6
2012-11-06,54.42
2012-11-07,54.37
2012-11-08,54.3
2012-11-09,54.61
2012-11-12,
2012-11-13,54.82
2012-11-14,54.87
2012-11-15,54.65
2012-11-16,55.16
2012-11-19,55.05
2012-11-20,55.1
2012-11-21,55.14
2012-11-22,
2012-11-23,55.44
2012-11-26,55.63
2012-11-27,55.35
2012-11-28,55.7
2012-11-29,54.71
2012-11-30,54.26
2012-12-03,54.66
2012-12-04,54.73
2012-12-05,54.46
2012-12-06,54.31
2012-12-07,54.35
2012-12-10,54.42
2012-12-11,54.31
2012-12-12,54.23
2012-12-13,54.36
2012-12-14,54.49
2012-12-17,54.68
2012-12-18,54.91
2012-12-19,54.67
2012-12-20,54.92
2012-12-21,55.06
2012-12-24,54.95
2012-12-25,
2012-12-26,54.86
2012-12-27,54.94
2012-12-28,54.77
2012-12-31,54.86
2013-01-01,
2013-01-02,54.23
2013-01-03,54.46
2013-01-04,54.93
2013-01-07,55.2
2013-01-08,55.02
2013-01-09,54.79
2013-01-10,54.49
2013-01-11,54.81
2013-01-14,54.5
2013-01-15,54.58
2013-01-16,54.66
2013-01-17,54.35
2013-01-18,53.82
2013-01-21,
2013-01-22,53.72
2013-01-23,53.66
2013-01-24,53.67
2013-01-25,53.78
2013-01-28,53.97
2013-01-29,53.64
2013-01-30,53.21
2013-01-31,53.32
2013-02-01,53.16
2013-02-04,53.24
2013-02-05,52.99
2013-02-06,53.07
2013-02-07,53.22
2013-02-08,53.58
2013-02-11,53.95
2013-02-12,53.75
2013-02-13,53.79
2013-02-14,53.94
2013-02-15,54.28
2013-02-18,
2013-02-19,54.26
2013-02-20,54.18
2013-02-21,54.47
2013-02-22,54.28
2013-02-25,53.96
2013-02-26,54.14
2013-02-27,53.72
2013-02-28,54.37
2013-03-01,54.9
2013-03-04,54.92
2013-03-05,54.87
2013-03-06,54.83
2013-03-07,54.45
2013-03-08,54.32
2013-03-11,54.38
2013-03-12,54.19
2013-03-13,54.3
2013-03-14,54.22
2013-03-15,54.06
2013-03-18,54.1
2013-03-19,54.4
2013-03-20,54.32
2013-03-21,54.27
2013-03-22,54.3
2013-03-25,54.22
2013-03-26,54.42
2013-03-27,54.45
2013-03-28,54.44
2013-03-29,54.52
2013-04-01,54.28
2013-04-02,54.43
2013-04-03,54.46
2013-04-04,54.91
2013-04-05,54.75
2013-04-08,54.58
2013-04-09,54.47
2013-04-10,54.41
2013-04-11,54.36
2013-04-12,54.62
2013-04-15,54.48
2013-04-16,54.08
2013-04-17,54.16
2013-04-18,53.95
2013-04-19,53.98
2013-04-22,54.19
2013-04-23,54.39
2013-04-24,54.22
2013-04-25,54.11
2013-04-26,54.41
2013-04-29,54.2
2013-04-30,53.68
2013-05-01,53.65
2013-05-02,53.79
2013-05-03,53.8
2013-05-06,54.13
2013-05-07,54.06
2013-05-08,54.08
2013-05-09,54.34
2013-05-10,54.94
2013-05-13,54.85
2013-05-14,54.5
2013-05-15,54.78
2013-05-16,54.68
2013-05-17,55.17
2013-05-20,55.02
2013-05-21,55.42
2013-05-22,55.62
2013-05-23,55.7
2013-05-24,55.78
2013-05-27,
2013-05-28,56.07
2013-05-29,56.28
2013-05-30,56.5
2013-05-31,56.5
2013-06-03,56.66
2013-06-04,56.43
2013-06-05,56.84
2013-06-06,56.92
2013-06-07,56.57
2013-06-10,58.13
2013-06-11,58.34
2013-06-12,57.82
2013-06-13,58.07
2013-06-14,57.56
2013-06-17,57.97
2013-06-18,58.79
2013-06-19,58.7
2013-06-20,59.57
2013-06-21,59.43
2013-06-24,59.8
2013-06-25,59.66
2013-06-26,60.7
2013-06-27,60.19
2013-06-28,59.52
2013-07-01,59.38
2013-07-02,59.54
2013-07-03,60.21
2013-07-04,
2013-07-05,60.23
2013-07-08,60.75
2013-07-09,60.09
2013-07-10,59.88
2013-07-11,59.82
2013-07-12,59.88
2013-07-15,59.89
2013-07-16,59.29
2013-07-17,59.34
2013-07-18,59.59
2013-07-19,59.37
2013-07-22,59.71
2013-07-23,59.64
2013-07-24,59.14
2013-07-25,59.01
2013-07-26,59.08
2013-07-29,59.33
2013-07-30,60.8
2013-07-31,60.77
2013-08-01,60.45
2013-08-02,60.88
2013-08-05,60.88
2013-08-06,60.78
2013-08-07,61.2
2013-08-08,60.72
2013-08-09,60.34
2013-08-12,61.15
2013-08-13,61.33
2013-08-14,61.27
2013-08-15,61.41
2013-08-16,61.65
2013-08-19,63.13
2013-08-20,63.21
2013-08-21,64.11
2013-08-22,64.55
2013-08-23,63.22
2013-08-26,64.26
2013-08-27,66.24
2013-08-28,68.8
2013-08-29,66.55
2013-08-30,65.71
2013-09-02,
2013-09-03,67.71
2013-09-04,67.08
2013-09-05,66.01
2013-09-06,65.23
2013-09-09,65.24
2013-09-10,63.83
2013-09-11,63.26
2013-09-12,63.42
2013-09-13,63.36
2013-09-16,62.83
2013-09-17,63.36
2013-09-18,63.37
2013-09-19,61.76
2013-09-20,62.27
2013-09-23,62.57
2013-09-24,62.72
2013-09-25,62.2
2013-09-26,61.68
2013-09-27,62.48
2013-09-30,62.58
2013-10-01,62.46
2013-10-02,62.46
2013-10-03,61.97
2013-10-04,61.42
2013-10-07,61.79
2013-10-08,61.79
2013-10-09,61.92
2013-10-10,61.3
2013-10-11,61.07
2013-10-14,
2013-10-15,61.84
2013-10-16,61.72
2013-10-17,61.13
2013-10-18,61.26
2013-10-21,61.56
2013-10-22,61.64
2013-10-23,61.54
2013-10-24,61.48
2013-10-25,61.4
2013-10-28,61.54
2013-10-29,61.34
2013-10-30,61.09
2013-10-31,61.61
2013-11-01,61.84
2013-11-04,61.74
2013-11-05,61.76
2013-11-06,62.48
2013-11-07,62.41
2013-11-08,62.48
2013-11-11,
2013-11-12,63.73
2013-11-13,63.28
2013-11-14,63.12
2013-11-15,62.97
2013-11-18,62.07
2013-11-19,62.26
2013-11-20,62.34
2013-11-21,62.94
2013-11-22,62.72
2013-11-25,62.37
2013-11-26,62.47
2013-11-27,62.47
2013-11-28,
2013-11-29,62.39
2013-12-02,62.3
2013-12-03,62.38
2013-12-04,61.9
2013-12-05,61.6
2013-12-06,61.43
2013-12-09,60.87
2013-12-10,61.04
2013-12-11,61.38
2013-12-12,61.85
2013-12-13,62.16
2013-12-16,61.68
2013-12-17,61.92
2013-12-18,62.06
2013-12-19,62.14
2013-12-20,61.98
2013-12-23,61.83
2013-12-24,61.75
2013-12-25,
2013-12-26,62.15
2013-12-27,61.92
2013-12-30,61.77
2013-12-31,61.92
2014-01-01,
2014-01-02,62.31
2014-01-03,62.17
2014-01-06,62.31
2014-01-07,62.3
2014-01-08,62.07
2014-01-09,62.07
2014-01-10,61.45
2014-01-13,61.52
2014-01-14,61.51
2014-01-15,61.54
2014-01-16,61.54
2014-01-17,61.54
2014-01-20,
2014-01-21,61.94
2014-01-22,61.86
2014-01-23,62.11
2014-01-24,62.68
2014-01-27,63.09
2014-01-28,62.56
2014-01-29,62.46
2014-01-30,62.56
2014-01-31,62.63
2014-02-03,62.63
2014-02-04,62.27
2014-02-05,62.57
2014-02-06,62.14
2014-02-07,62.09
2014-02-10,62.44
2014-02-11,62.15
2014-02-12,61.84
2014-02-13,62.23
2014-02-14,61.87
2014-02-17,
2014-02-18,62.2
2014-02-19,62.32
2014-02-20,62.21
2014-02-21,62.13
2014-02-24,62.07
2014-02-25,61.96
2014-02-26,62.11
2014-02-27,62.11
2014-02-28,61.78
2014-03-03,62.17
2014-03-04,61.91
2014-03-05,61.75
2014-03-06,60.89
2014-03-07,61.24
2014-03-10,60.84
2014-03-11,61.01
2014-03-12,61.01
2014-03-13,61.2
2014-03-14,61.19
2014-03-17,61.08
2014-03-18,61.1
2014-03-19,60.95
2014-03-20,61.33
2014-03-21,60.9
2014-03-24,60.78
2014-03-25,60.27
2014-03-26,60.13
2014-03-27,60.26
2014-03-28,59.89
2014-03-31,60.0
2014-04-01,59.86
2014-04-02,59.9
2014-04-03,60.35
2014-04-04,60.08
2014-04-07,60.11
2014-04-08,60.08
2014-04-09,60.09
2014-04-10,60.07
2014-04-11,60.18
2014-04-14,60.32
2014-04-15,60.34
2014-04-16,60.22
2014-04-17,60.29
2014-04-18,60.29
2014-04-21,60.59
2014-04-22,60.8
2014-04-23,61.17
2014-04-24,61.11
2014-04-25,60.64
2014-04-28,60.69
2014-04-29,60.23
2014-04-30,60.21
2014-05-01,60.11
2014-05-02,60.02
2014-05-05,60.21
2014-05-06,59.97
2014-05-07,60.01
2014-05-08,60.06
2014-05-09,60.0
2014-05-12,59.48
2014-05-13,59.44
2014-05-14,59.49
2014-05-15,59.38
2014-05-16,58.62
2014-05-19,58.38
2014-05-20,58.58
2014-05-21,58.66
2014-05-22,58.3
2014-05-23,58.36
2014-05-26,
2014-05-27,58.9
2014-05-28,58.94
2014-05-29,58.9
2014-05-30,59.16
2014-06-02,59.15
2014-06-03,59.32
2014-06-04,59.34
2014-06-05,59.24
2014-06-06,59.17
2014-06-09,59.18
2014-06-10,59.18
2014-06-11,59.32
2014-06-12,59.19
2014-06-13,59.64
2014-06-16,60.16
2014-06-17,60.32
2014-06-18,60.28
2014-06-19,60.09
2014-06-20,60.23
2014-06-23,60.14
2014-06-24,60.14
2014-06-25,60.11
2014-06-26,60.17
2014-06-27,60.04
2014-06-30,60.06
2014-07-01,60.05
2014-07-02,59.69
2014-07-03,59.74
2014-07-04,
2014-07-07,60.013
2014-07-08,59.78
2014-07-09,59.75
2014-07-10,60.19
2014-07-11,60.08
2014-07-14,60.11
2014-07-15,60.15
2014-07-16,60.12
2014-07-17,60.35
2014-07-18,60.33
2014-07-21,60.24
2014-07-22,60.16
2014-07-23,60.0
2014-07-24,60.11
2014-07-25,60.04
2014-07-28,60.13
2014-07-29,60.12
2014-07-30,60.4
2014-07-31,60.55
2014-08-01,61.2
2014-08-04,60.94
2014-08-05,61.05
2014-08-06,61.25
2014-08-07,61.2
2014-08-08,61.18
2014-08-11,61.17
2014-08-12,61.09
2014-08-13,61.22
2014-08-14,60.77
2014-08-15,60.77
2014-08-18,60.77
2014-08-19,60.67
2014-08-20,60.58
2014-08-21,60.56
2014-08-22,60.47
2014-08-25,60.56
2014-08-26,60.43
2014-08-27,60.45
2014-08-28,60.51
2014-08-29,61.51
2014-09-01,
2014-09-02,60.69
2014-09-03,60.41
2014-09-04,60.38
2014-09-05,60.26
2014-09-08,60.29
2014-09-09,60.6
2014-09-10,60.95
2014-09-11,60.93
2014-09-12,60.95
2014-09-15,61.03
2014-09-16,61.06
2014-09-17,60.9
2014-09-18,60.78
2014-09-19,60.8
2014-09-22,60.93
2014-09-23,61.04
2014-09-24,60.93
2014-09-25,61.33
2014-09-26,61.14
2014-09-29,61.53
2014-09-30,61.92
2014-10-01,61.71
2014-10-02,61.61
2014-10-03,61.81
2014-10-06,61.68
2014-10-07,61.28
2014-10-08,61.38
2014-10-09,60.92
2014-10-10,61.27
2014-10-13,
2014-10-14,61.38
2014-10-15,61.42
2014-10-16,61.8
2014-10-17,61.46
2014-10-20,61.2
2014-10-21,61.14
2014-10-22,61.18
2014-10-23,61.16
2014-10-24,61.16
2014-10-27,61.28
2014-10-28,61.17
2014-10-29,61.2
2014-10-30,61.42
2014-10-31,61.44
2014-11-03,61.38
2014-11-04,61.38
2014-11-05,61.49
2014-11-06,61.45
2014-11-07,61.5
2014-11-10,61.52
2014-11-11,
2014-11-12,61.4
2014-11-13,61.55
2014-11-14,61.7
2014-11-17,61.82
2014-11-18,61.72
2014-11-19,61.98
2014-11-20,61.92
2014-11-21,61.76
2014-11-24,61.85
2014-11-25,61.89
2014-11-26,61.78
2014-11-27,
2014-11-28,62.2
2014-12-01,61.94
2014-12-02,61.8
2014-12-03,61.85
2014-12-04,61.78
2014-12-05,61.9
2014-12-08,61.82
2014-12-09,61.87
2014-12-10,62.1
2014-12-11,62.46
2014-12-12,62.52
2014-12-15,63.16
2014-12-16,63.65
2014-12-17,63.52
2014-12-18,62.98
2014-12-19,63.24
2014-12-22,63.22
2014-12-23,63.4
2014-12-24,63.55
2014-12-25,
2014-12-26,
2014-12-29,63.67
2014-12-30,63.38
2014-12-31,63.04
2015-01-01,
2015-01-02,63.27
2015-01-05,63.34
2015-01-06,63.57
2015-01-07,63.27
2015-01-08,62.67
2015-01-09,62.34
2015-01-12,62.09
2015-01-13,61.97
2015-01-14,62.09
2015-01-15,62.06
2015-01-16,61.87
2015-01-19,
2015-01-20,61.64
2015-01-21,61.55
2015-01-22,61.32
2015-01-23,61.46
2015-01-26,61.46
2015-01-27,61.34
2015-01-28,61.34
2015-01-29,61.94
2015-01-30,62.01
2015-02-02,61.68
2015-02-03,61.67
2015-02-04,61.73
2015-02-05,61.73
2015-02-06,61.7
2015-02-09,62.1
2015-02-10,62.33
2015-02-11,62.41
2015-02-12,62.3
2015-02-13,62.04
2015-02-16,
2015-02-17,62.14
2015-02-18,62.25
2015-02-19,62.08
2015-02-20,62.19
2015-02-23,62.15
2015-02-24,62.07
2015-02-25,61.84
2015-02-26,61.74
2015-02-27,61.67
2015-03-02,61.87
2015-03-03,61.76
2015-03-04,62.3
2015-03-05,62.26
2015-03-06,62.45
2015-03-09,62.67
2015-03-10,62.71
2015-03-11,62.76
2015-03-12,62.44
2015-03-13,63.06
2015-03-16,62.8
2015-03-17,62.64
2015-03-18,62.69
2015-03-19,62.56
2015-03-20,62.47
2015-03-23,62.22
2015-03-24,62.4
2015-03-25,62.35
2015-03-26,62.83
2015-03-27,62.5
2015-03-30,62.52
2015-03-31,62.31
2015-04-01,62.14
2015-04-02,62.13
2015-04-03,61.99
2015-04-06,62.16
2015-04-07,62.23
2015-04-08,62.22
2015-04-09,62.18
2015-04-10,62.21
2015-04-13,62.38
2015-04-14,62.25
2015-04-15,62.34
2015-04-16,62.28
2015-04-17,62.48
2015-04-20,63.07
2015-04-21,62.92
2015-04-22,62.96
2015-04-23,63.27
2015-04-24,63.55
2015-04-27,63.34
2015-04-28,63.05
2015-04-29,63.38
2015-04-30,63.58
2015-05-01,63.63
2015-05-04,63.64
2015-05-05,63.31
2015-05-06,63.57
2015-05-07,64.08
2015-05-08,63.73
2015-05-11,63.96
2015-05-12,64.19
2015-05-13,63.88
2015-05-14,63.47
2015-05-15,63.36
2015-05-18,63.66
2015-05-19,63.8
2015-05-20,63.75
2015-05-21,63.51
2015-05-22,63.43
2015-05-25,
2015-05-26,63.87
2015-05-27,63.92
2015-05-28,63.83
2015-05-29,63.71
2015-06-01,63.59
2015-06-02,63.72
2015-06-03,63.99
2015-06-04,63.96
2015-06-05,63.76
2015-06-08,64.03
2015-06-09,63.96
2015-06-10,63.81
2015-06-11,63.93
2015-06-12,64.02
2015-06-15,64.03
2015-06-16,64.21
2015-06-17,64.14
2015-06-18,63.62
2015-06-19,63.43
2015-06-22,63.51
2015-06-23,63.57
2015-06-24,63.54
2015-06-25,63.5
2015-06-26,63.54
2015-06-29,63.73
2015-06-30,63.59
2015-07-01,63.55
2015-07-02,63.36
2015-07-03,
2015-07-06,63.24
2015-07-07,63.51
2015-07-08,63.47
2015-07-09,63.31
2015-07-10,63.33
2015-07-13,63.43
2015-07-14,63.27
2015-07-15,63.48
2015-07-16,63.43
2015-07-17,63.45
2015-07-20,63.61
2015-07-21,63.57
2015-07-22,63.6
2015-07-23,63.86
2015-07-24,64.04
2015-07-27,64.24
2015-07-28,63.76
2015-07-29,63.83
2015-07-30,64.09
2015-07-31,63.87
2015-08-03,63.99
2015-08-04,63.71
2015-08-05,63.73
2015-08-06,63.67
2015-08-07,63.74
2015-08-10,63.77
2015-08-11,64.33
2015-08-12,64.8
2015-08-13,65.27
2015-08-14,65.02
2015-08-17,65.39
2015-08-18,65.44
2015-08-19,65.17
2015-08-20,65.49
2015-08-21,66.02
2015-08-24,66.8
2015-08-25,66.07
2015-08-26,66.11
2015-08-27,65.99
2015-08-28,66.14
2015-08-31,66.39
2015-09-01,66.34
2015-09-02,66.16
2015-09-03,66.07
2015-09-04,66.7
2015-09-07,
2015-09-08,66.36
2015-09-09,66.47
2015-09-10,66.46
2015-09-11,66.39
2015-09-14,66.32
2015-09-15,66.36
2015-09-16,66.45
2015-09-17,66.12
2015-09-18,65.7
2015-09-21,65.66
2015-09-22,65.85
2015-09-23,66.05
2015-09-24,66.32
2015-09-25,66.12
2015-09-28,66.2
2015-09-29,65.9
2015-09-30,65.5
2015-10-01,65.57
2015-10-02,65.35
2015-10-05,65.12
2015-10-06,65.18
2015-10-07,64.86
2015-10-08,64.97
2015-10-09,64.76
2015-10-12,
2015-10-13,65.06
2015-10-14,64.87
2015-10-15,64.77
2015-10-16,64.7
2015-10-19,64.9
2015-10-20,64.97
2015-10-21,65.19
2015-10-22,64.91
2015-10-23,64.87
2015-10-26,64.83
2015-10-27,65.03
2015-10-28,64.89
2015-10-29,65.35
2015-10-30,65.4
2015-11-02,65.58
2015-11-03,65.57
2015-11-04,65.46
2015-11-05,65.85
2015-11-06,66.13
2015-11-09,66.38
2015-11-10,66.19
2015-11-11,
2015-11-12,66.04
2015-11-13,66.12
2015-11-16,66.01
2015-11-17,65.96
2015-11-18,66.16
2015-11-19,66.05
2015-11-20,66.06
2015-11-23,66.37
2015-11-24,66.32
2015-11-25,66.36
2015-11-26,
2015-11-27,66.86
2015-11-30,66.43
2015-12-01,66.46
2015-12-02,66.53
2015-12-03,66.82
2015-12-04,66.65
2015-12-07,66.74
2015-12-08,66.77
2015-12-09,66.83
2015-12-10,66.7
2015-12-11,67.1
2015-12-14,67.09
2015-12-15,66.79
2015-12-16,66.6
2015-12-17,66.32
2015-12-18,66.23
2015-12-21,66.19
2015-12-22,66.19
2015-12-23,66.04
2015-12-24,66.0
2015-12-25,
2015-12-28,66.09
2015-12-29,66.28
2015-12-30,66.44
2015-12-31,66.19
2016-01-01,
2016-01-04,66.56
2016-01-05,66.49
2016-01-06,66.71
2016-01-07,66.73
2016-01-08,66.82
2016-01-11,66.78
2016-01-12,66.85
2016-01-13,66.74
2016-01-14,67.37
2016-01-15,67.74
2016-01-18,
2016-01-19,67.68
2016-01-20,68.05
2016-01-21,67.87
2016-01-22,67.55
2016-01-25,67.71
2016-01-26,67.75
2016-01-27,67.98
2016-01-28,68.08
2016-01-29,67.87
2016-02-01,67.92
2016-02-02,67.92
2016-02-03,67.92
2016-02-04,67.57
2016-02-05,67.78
2016-02-08,67.98
2016-02-09,67.92
2016-02-10,67.85
2016-02-11,68.44
2016-02-12,68.12
2016-02-15,
2016-02-16,68.48
2016-02-17,68.33
2016-02-18,68.54
2016-02-19,68.54
2016-02-22,68.53
2016-02-23,68.55
2016-02-24,68.53
2016-02-25,68.84
2016-02-26,68.82
2016-02-29,68.21
2016-03-01,67.75
2016-03-02,67.4
2016-03-03,67.15
2016-03-04,66.9
2016-03-07,66.97
2016-03-08,67.3
2016-03-09,67.07
2016-03-10,67.2
2016-03-11,66.93
2016-03-14,67.15
2016-03-15,67.33
2016-03-16,67.24
2016-03-17,66.61
2016-03-18,66.34
2016-03-21,66.45
2016-03-22,66.58
2016-03-23,66.82
2016-03-24,66.82
2016-03-25,66.82
2016-03-28,66.58
2016-03-29,66.46
2016-03-30,66.37
2016-03-31,66.25
2016-04-01,66.34
2016-04-04,66.05
2016-04-05,66.4
2016-04-06,66.49
2016-04-07,66.7
2016-04-08,66.49
2016-04-11,66.33
2016-04-12,66.35
2016-04-13,66.62
2016-04-14,66.56
2016-04-15,66.49
2016-04-18,66.42
2016-04-19,66.12
2016-04-20,66.12
2016-04-21,66.43
2016-04-22,66.6
2016-04-25,66.65
2016-04-26,66.4
2016-04-27,66.52
2016-04-28,66.39
2016-04-29,66.39
2016-05-02,66.36
2016-05-03,66.51
2016-05-04,66.63
2016-05-05,66.53
2016-05-06,66.52
2016-05-09,66.7
2016-05-10,66.58
2016-05-11,66.53
2016-05-12,66.7
2016-05-13,66.84
2016-05-16,66.78
2016-05-17,66.74
2016-05-18,66.95
2016-05-19,67.57
2016-05-20,67.42
2016-05-23,67.47
2016-05-24,67.59
2016-05-25,67.28
2016-05-26,66.9
2016-05-27,66.96
2016-05-30,
2016-05-31,67.12
2016-06-01,67.44
2016-06-02,67.22
2016-06-03,66.99
2016-06-06,66.81
2016-06-07,66.64
2016-06-08,66.51
2016-06-09,66.68
2016-06-10,66.84
2016-06-13,67.17
2016-06-14,67.34
2016-06-15,67.08
2016-06-16,67.43
2016-06-17,67.11
2016-06-20,67.54
2016-06-21,67.73
2016-06-22,67.49
2016-06-23,67.29
2016-06-24,67.82
2016-06-27,67.92
2016-06-28,67.86
2016-06-29,67.42
2016-06-30,67.51
2016-07-01,67.24
2016-07-04,
2016-07-05,67.4
2016-07-06,67.45
2016-07-07,67.49
2016-07-08,67.13
2016-07-11,67.11
2016-07-12,67.05
2016-07-13,66.99
2016-07-14,66.81
2016-07-15,67.07
2016-07-18,67.14
2016-07-19,67.14
2016-07-20,67.18
2016-07-21,67.15
2016-07-22,67.19
2016-07-25,67.41
2016-07-26,67.34
2016-07-27,67.14
2016-07-28,66.96
2016-07-29,66.77
2016-08-01,66.63
2016-08-02,66.65
2016-08-03,66.8
2016-08-04,66.76
2016-08-05,66.84
2016-08-08,66.82
2016-08-09,66.76
2016-08-10,66.72
2016-08-11,66.75
2016-08-12,66.82
2016-08-15,66.85
2016-08-16,66.83
2016-08-17,66.96
2016-08-18,66.83
2016-08-19,67.13
2016-08-22,67.18
2016-08-23,67.09
2016-08-24,67.14
2016-08-25,67.01
2016-08-26,66.98
2016-08-29,67.15
2016-08-30,67.14
2016-08-31,66.94
2016-09-01,66.85
2016-09-02,66.6
2016-09-05,
2016-09-06,66.28
2016-09-07,66.42
2016-09-08,66.52
2016-09-09,66.76
2016-09-12,66.79
2016-09-13,67.03
2016-09-14,66.78
2016-09-15,66.84
2016-09-16,67.1
2016-09-19,66.94
2016-09-20,66.97
2016-09-21,66.99
2016-09-22,66.6
2016-09-23,66.66
2016-09-26,66.56
2016-09-27,66.5
2016-09-28,66.5
2016-09-29,66.72
2016-09-30,66.58
2016-10-03,66.52
2016-10-04,66.49
2016-10-05,66.53
2016-10-06,66.7
2016-10-07,66.61
2016-10-10,
2016-10-11,66.81
2016-10-12,66.85
2016-10-13,66.84
2016-10-14,66.69
2016-10-17,66.8
2016-10-18,66.71
2016-10-19,66.64
2016-10-20,66.83
2016-10-21,66.94
2016-10-24,66.89
2016-10-25,66.8
2016-10-26,66.83
2016-10-27,66.85
2016-10-28,66.78
2016-10-31,66.72
2016-11-01,66.7
2016-11-02,66.66
2016-11-03,66.68
2016-11-04,66.75
2016-11-07,66.73
2016-11-08,66.39
2016-11-09,66.48
2016-11-10,66.86
2016-11-11,
2016-11-14,67.78
2016-11-15,67.8
2016-11-16,68.07
2016-11-17,67.93
2016-11-18,68.12
2016-11-21,68.23
2016-11-22,68.4
2016-11-23,68.86
2016-11-24,
2016-11-25,68.59
2016-11-28,68.56
2016-11-29,68.64
2016-11-30,68.56
2016-12-01,68.29
2016-12-02,68.04
2016-12-05,68.06
2016-12-06,67.72
2016-12-07,67.5
2016-12-08,67.42
2016-12-09,67.51
2016-12-12,67.38
2016-12-13,67.47
2016-12-14,67.43
2016-12-15,67.91
2016-12-16,67.82
2016-12-19,67.83
2016-12-20,67.97
2016-12-21,67.82
2016-12-22,67.86
2016-12-23,67.84
2016-12-26,
2016-12-27,68.01
2016-12-28,68.2
2016-12-29,67.91
2016-12-30,67.92
2017-01-02,
2017-01-03,68.37
2017-01-04,67.9
2017-01-05,67.74
2017-01-06,68.12
2017-01-09,68.08
2017-01-10,68.25
2017-01-11,68.39
2017-01-12,67.99
2017-01-13,68.16
2017-01-16,
2017-01-17,67.9
2017-01-18,68.12
2017-01-19,68.1
2017-01-20,
2017-01-23,68.11
2017-01-24,68.12
2017-01-25,68.04
2017-01-26,68.17
2017-01-27,68.06
2017-01-30,67.8
2017-01-31,67.48
2017-02-01,67.4
2017-02-02,67.2
2017-02-03,67.18
2017-02-06,67.2
2017-02-07,67.35
2017-02-08,67.04
2017-02-09,66.71
2017-02-10,66.8
2017-02-13,66.99
2017-02-14,66.88
2017-02-15,66.85
2017-02-16,67.12
2017-02-17,67.09
2017-02-20,
2017-02-21,67.0
2017-02-22,66.95
2017-02-23,66.68
2017-02-24,66.68
2017-02-27,66.69
2017-02-28,66.67
2017-03-01,66.83
2017-03-02,66.75
2017-03-03,66.76
2017-03-06,66.64
2017-03-07,66.62
2017-03-08,66.76
2017-03-09,66.64
2017-03-10,66.6
2017-03-13,66.15
2017-03-14,65.76
2017-03-15,65.62
2017-03-16,65.4
2017-03-17,65.38
2017-03-20,65.3
2017-03-21,65.31
2017-03-22,65.45
2017-03-23,65.41
2017-03-24,65.4
2017-03-27,65.05
2017-03-28,65.02
2017-03-29,64.87
2017-03-30,64.85
2017-03-31,64.85
2017-04-03,65.03
2017-04-04,65.1
2017-04-05,64.87
2017-04-06,64.58
2017-04-07,64.26
2017-04-10,64.55
2017-04-11,64.55
2017-04-12,64.68
2017-04-13,64.42
2017-04-14,64.42
2017-04-17,64.53
2017-04-18,64.56
2017-04-19,64.62
2017-04-20,64.61
2017-04-21,64.65
2017-04-24,64.48
2017-04-25,64.32
2017-04-26,64.08
2017-04-27,64.14
2017-04-28,64.27
2017-05-01,64.25
2017-05-02,64.16
2017-05-03,64.17
2017-05-04,64.22
2017-05-05,64.31
2017-05-08,64.32
2017-05-09,64.66
2017-05-10,64.53
2017-05-11,64.43
2017-05-12,64.24
2017-05-15,64.04
2017-05-16,64.03
2017-05-17,64.11
2017-05-18,64.87
2017-05-19,64.56
2017-05-22,64.53
2017-05-23,64.85
2017-05-24,64.74
2017-05-25,64.55
2017-05-26,64.5
2017-05-29,
2017-05-30,64.66
2017-05-31,64.5
2017-06-01,64.39
2017-06-02,64.41
2017-06-05,64.34
2017-06-06,64.42
2017-06-07,64.39
2017-06-08,64.24
2017-06-09,64.24
2017-06-12,64.48
2017-06-13,64.33
2017-06-14,64.23
2017-06-15,64.58
2017-06-16,64.5
2017-06-19,64.45
2017-06-20,64.54
2017-06-21,64.52
2017-06-22,64.6
2017-06-23,64.47
2017-06-26,64.43
2017-06-27,64.47
2017-06-28,64.55
2017-06-29,64.66
2017-06-30,64.62
2017-07-03,64.84
2017-07-04,
2017-07-05,64.8
2017-07-06,64.72
2017-07-07,64.62
2017-07-10,64.45
2017-07-11,64.54
2017-07-12,64.53
2017-07-13,64.46
2017-07-14,64.38
2017-07-17,64.34
2017-07-18,64.32
2017-07-19,64.24
2017-07-20,64.37
2017-07-21,64.38
2017-07-24,64.39
2017-07-25,64.38
2017-07-26,64.32
2017-07-27,64.11
2017-07-28,64.11
2017-07-31,64.18
2017-08-01,64.06
2017-08-02,63.64
2017-08-03,63.67
2017-08-04,63.64
2017-08-07,63.83
2017-08-08,63.69
2017-08-09,63.86
2017-08-10,64.05
2017-08-11,64.14
2017-08-14,64.08
2017-08-15,64.12
2017-08-16,64.16
2017-08-17,64.15
2017-08-18,64.1
2017-08-21,64.1
2017-08-22,64.07
2017-08-23,64.04
2017-08-24,64.04
2017-08-25,64.0
2017-08-28,63.9
2017-08-29,64.02
2017-08-30,63.98
2017-08-31,63.93
2017-09-01,64.02
2017-09-04,
2017-09-05,64.12
2017-09-06,64.06
2017-09-07,64.01
2017-09-08,63.78
2017-09-11,63.93
2017-09-12,64.03
2017-09-13,64.0
2017-09-14,64.12
2017-09-15,64.1
2017-09-18,64.15
2017-09-19,64.3
2017-09-20,64.29
2017-09-21,64.8
2017-09-22,64.79
2017-09-25,65.12
2017-09-26,65.46
2017-09-27,65.71
2017-09-28,65.46
2017-09-29,65.3
2017-10-02,65.28
2017-10-03,65.48
2017-10-04,65.02
2017-10-05,65.14
2017-10-06,65.39
2017-10-09,
2017-10-10,65.24
2017-10-11,65.15
2017-10-12,65.05
2017-10-13,64.7
2017-10-16,64.7
2017-10-17,65.02
2017-10-18,65.06
2017-10-19,64.99
2017-10-20,65.03
2017-10-23,65.02
2017-10-24,65.1
2017-10-25,64.92
2017-10-26,64.84
2017-10-27,65.04
2017-10-30,64.83
2017-10-31,64.75
2017-11-01,64.56
2017-11-02,64.57
2017-11-03,64.56
2017-11-06,64.62
2017-11-07,65.03
2017-11-08,64.94
2017-11-09,64.96
2017-11-10,
2017-11-13,65.46
2017-11-14,65.41
2017-11-15,65.26
2017-11-16,65.32
2017-11-17,65.01
2017-11-20,65.1
2017-11-21,64.91
2017-11-22,64.87
2017-11-23,
2017-11-24,64.67
2017-11-27,64.47
2017-11-28,64.4
2017-11-29,64.29
2017-11-30,64.46
2017-12-01,64.5
2017-12-04,64.36
2017-12-05,64.38
2017-12-06,64.53
2017-12-07,64.57
2017-12-08,64.43
2017-12-11,64.35
2017-12-12,64.39
2017-12-13,64.45
2017-12-14,64.36
2017-12-15,64.04
2017-12-18,64.23
2017-12-19,64.02
2017-12-20,64.11
2017-12-21,64.02
2017-12-22,64.02
2017-12-25,
2017-12-26,64.08
2017-12-27,64.15
2017-12-28,64.07
2017-12-29,63.83
2018-01-01,
2018-01-02,63.46
2018-01-03,63.5
2018-01-04,63.4
2018-01-05,63.38
2018-01-08,63.48
2018-01-09,63.66
2018-01-10,63.58
2018-01-11,63.65
2018-01-12,63.61
2018-01-15,
2018-01-16,64.01
2018-01-17,63.88
2018-01-18,63.87
2018-01-19,63.84
2018-01-22,63.88
2018-01-23,63.76
2018-01-24,63.69
2018-01-25,63.52
2018-01-26,63.58
2018-01-29,63.57
2018-01-30,63.65
2018-01-31,63.58
2018-02-01,63.97
2018-02-02,64.11
2018-02-05,64.06
2018-02-06,64.23
2018-02-07,64.23
2018-02-08,64.27
2018-02-09,64.37
2018-02-12,64.29
2018-02-13,64.27
2018-02-14,64.1
2018-02-15,63.93
2018-02-16,64.21
2018-02-19,
2018-02-20,64.83
2018-02-21,64.76
2018-02-22,65.01
2018-02-23,64.71
2018-02-26,64.78
2018-02-27,64.84
2018-02-28,65.2
2018-03-01,65.2
2018-03-02,65.24
2018-03-05,65.06
2018-03-06,64.9
2018-03-07,64.86
2018-03-08,65.15
2018-03-09,65.12
2018-03-12,65.0
2018-03-13,64.85
2018-03-14,64.84
2018-03-15,64.94
2018-03-16,64.97
2018-03-19,65.21
2018-03-20,65.19
2018-03-21,65.2
2018-03-22,65.1
2018-03-23,64.98
2018-03-26,64.83
2018-03-27,64.98
2018-03-28,65.15
2018-03-29,65.12
2018-03-30,65.11
2018-04-02,65.11
2018-04-03,65.0
2018-04-04,65.08
2018-04-05,64.92
2018-04-06,64.95
2018-04-09,64.95
2018-04-10,64.95
2018-04-11,65.26
2018-04-12,65.28
2018-04-13,65.27
2018-04-16,65.46
2018-04-17,65.66
2018-04-18,65.62
2018-04-19,65.79
2018-04-20,66.15
2018-04-23,66.42
2018-04-24,66.36
2018-04-25,66.92
2018-04-26,66.8
2018-04-27,66.68
2018-04-30,66.5
2018-05-01,66.52
2018-05-02,66.71
2018-05-03,66.68
2018-05-04,66.83
2018-05-07,67.13
2018-05-08,67.12
2018-05-09,67.25
2018-05-10,67.24
2018-05-11,67.28
2018-05-14,67.55
2018-05-15,68.07
2018-05-16,67.77
2018-05-17,67.76
2018-05-18,68.04
2018-05-21,68.11
2018-05-22,68.04
2018-05-23,68.38
2018-05-24,68.32
2018-05-25,67.78
2018-05-28,
2018-05-29,67.78
2018-05-30,67.46
2018-05-31,67.4
2018-06-01,66.99
2018-06-04,67.05
2018-06-05,67.12
2018-06-06,66.87
2018-06-07,67.2
2018-06-08,67.56
2018-06-11,67.46
2018-06-12,67.48
2018-06-13,67.6
2018-06-14,67.62
2018-06-15,68.06
2018-06-18,68.1
2018-06-19,68.3
2018-06-20,68.06
2018-06-21,67.94
2018-06-22,67.88
2018-06-25,68.09
2018-06-26,68.31
2018-06-27,68.63
2018-06-28,68.81
2018-06-29,68.46
2018-07-02,68.78
2018-07-03,68.58
2018-07-04,
2018-07-05,68.89
2018-07-06,68.8
2018-07-09,68.66
2018-07-10,68.76
2018-07-11,68.7
2018-07-12,68.52
2018-07-13,68.44
2018-07-16,68.6
2018-07-17,68.42
2018-07-18,68.62
2018-07-19,69.01
2018-07-20,68.74
2018-07-23,68.84
2018-07-24,68.94
2018-07-25,68.72
2018-07-26,68.66
2018-07-27,68.6
2018-07-30,68.6
2018-07-31,68.54
2018-08-01,68.37
2018-08-02,68.63
2018-08-03,68.54
2018-08-06,68.82
2018-08-07,68.62
2018-08-08,68.65
2018-08-09,68.74
2018-08-10,68.88
2018-08-13,70.02
2018-08-14,69.95
2018-08-15,69.92
2018-08-16,70.19
2018-08-17,70.09
2018-08-20,69.84
2018-08-21,69.85
2018-08-22,69.85
2018-08-23,70.09
2018-08-24,69.96
2018-08-27,70.16
2018-08-28,70.09
2018-08-29,70.53
2018-08-30,70.74
2018-08-31,71.0
2018-09-03,
2018-09-04,71.58
2018-09-05,71.75
2018-09-06,71.94
2018-09-07,71.78
2018-09-10,72.45
2018-09-11,72.69
2018-09-12,72.15
2018-09-13,72.02
2018-09-14,71.87
2018-09-17,72.51
2018-09-18,72.98
2018-09-19,72.35
2018-09-20,72.01
2018-09-21,72.18
2018-09-24,72.66
2018-09-25,72.68
2018-09-26,72.59
2018-09-27,72.55
2018-09-28,72.54
2018-10-01,72.92
2018-10-02,72.91
2018-10-03,73.34
2018-10-04,73.62
2018-10-05,73.76
2018-10-08,
2018-10-09,74.33
2018-10-10,74.25
2018-10-11,74.04
2018-10-12,73.6
2018-10-15,73.76
2018-10-16,73.46
2018-10-17,73.52
2018-10-18,73.52
2018-10-19,73.37
2018-10-22,73.56
2018-10-23,73.54
2018-10-24,73.18
2018-10-25,73.21
2018-10-26,73.46
2018-10-29,73.42
2018-10-30,73.62
2018-10-31,73.95
2018-11-01,73.45
2018-11-02,72.44
2018-11-05,73.08
2018-11-06,72.95
2018-11-07,72.44
2018-11-08,72.37
2018-11-09,72.48
2018-11-12,
2018-11-13,72.61
2018-11-14,72.3
2018-11-15,71.97
2018-11-16,71.98
2018-11-19,71.6
2018-11-20,71.49
2018-11-21,71.3
2018-11-22,
2018-11-23,70.65
2018-11-26,70.81
2018-11-27,70.8
2018-11-28,70.63
2018-11-29,69.79
2018-11-30,69.62
2018-12-03,70.4
2018-12-04,70.52
2018-12-05,
2018-12-06,70.84
2018-12-07,70.85
2018-12-10,72.436
2018-12-11,72.27
2018-12-12,71.79
2018-12-13,71.52
2018-12-14,71.94
2018-12-17,71.6
2018-12-18,70.61
2018-12-19,70.26
2018-12-20,69.96
2018-12-21,70.09
2018-12-24,
2018-12-25,
2018-12-26,70.07
2018-12-27,70.34
2018-12-28,69.92
2018-12-31,69.58
2019-01-01,
2019-01-02,70.02
2019-01-03,70.12
2019-01-04,69.63
2019-01-07,69.78
2019-01-08,70.11
2019-01-09,70.42
2019-01-10,70.43
2019-01-11,70.38
2019-01-14,
2019-01-15,71.0
2019-01-16,70.97
2019-01-17,71.09
2019-01-18,71.21
2019-01-21,
2019-01-22,71.23
2019-01-23,71.21
2019-01-24,71.02
2019-01-25,70.94
2019-01-28,71.06
2019-01-29,71.4
2019-01-30,71.24
2019-01-31,70.94
2019-02-01,71.41
2019-02-04,71.66
2019-02-05,71.52
2019-02-06,71.55
2019-02-07,71.3
2019-02-08,71.23
2019-02-11,71.15
2019-02-12,70.56
2019-02-13,70.86
2019-02-14,71.18
2019-02-15,71.36
2019-02-18,
2019-02-19,71.31
2019-02-20,
2019-02-21,71.15
2019-02-22,71.07
2019-02-25,70.82
2019-02-26,71.02
2019-02-27,71.15
2019-02-28,70.83
2019-03-01,70.9
2019-03-04,70.91
2019-03-05,70.55
2019-03-06,70.02
2019-03-07,70.09
2019-03-08,70.0
2019-03-11,69.82
2019-03-12,69.62
2019-03-13,69.52
2019-03-14,69.33
2019-03-15,68.94
2019-03-18,68.6
2019-03-19,69.02
2019-03-20,68.85
2019-03-21,68.72
2019-03-22,69.01
2019-03-25,68.88
2019-03-26,68.98
2019-03-27,69.13
2019-03-28,69.23
2019-03-29,69.16
2019-04-01,69.18
2019-04-02,68.91
2019-04-03,68.58
2019-04-04,69.03
2019-04-05,69.11
2019-04-08,69.56
2019-04-09,69.28
2019-04-10,69.12
2019-04-11,68.97
2019-04-12,69.21
2019-04-15,69.38
2019-04-16,69.51
2019-04-17,69.43
2019-04-18,69.42
2019-04-19,69.37
2019-04-22,69.64
2019-04-23,69.78
2019-04-24,69.91
2019-04-25,70.19
2019-04-26,69.93
2019-04-29,69.8
2019-04-30,69.64
2019-05-01,69.52
2019-05-02,69.4
2019-05-03,69.08
2019-05-06,69.4
2019-05-07,69.62
2019-05-08,69.73
2019-05-09,70.21
2019-05-10,70.02
2019-05-13,70.62
2019-05-14,70.3
2019-05-15,70.22
2019-05-16,70.08
2019-05-17,70.28
2019-05-20,69.59
2019-05-21,69.61
2019-05-22,69.71
2019-05-23,69.66
2019-05-24,69.37
2019-05-27,
2019-05-28,69.56
2019-05-29,69.8
2019-05-30,69.81
2019-05-31,69.63
2019-06-03,69.15
2019-06-04,69.28
2019-06-05,69.41
2019-06-06,69.21
2019-06-07,69.32
2019-06-10,69.49
2019-06-11,69.42
2019-06-12,69.35
2019-06-13,69.53
2019-06-14,69.81
2019-06-17,69.83
2019-06-18,69.6
2019-06-19,69.64
2019-06-20,69.44
2019-06-21,69.59
2019-06-24,69.32
2019-06-25,69.26
2019-06-26,69.18
2019-06-27,69.01
2019-06-28,68.92
2019-07-01,68.87
2019-07-02,68.87
2019-07-03,68.79
2019-07-04,
2019-07-05,68.48
2019-07-08,68.55
2019-07-09,68.54
2019-07-10,68.4
2019-07-11,68.4
2019-07-12,68.57
2019-07-15,68.52
2019-07-16,68.66
2019-07-17,68.84
2019-07-18,68.85
2019-07-19,68.82
2019-07-22,68.89
2019-07-23,68.99
2019-07-24,68.94
2019-07-25,69.03
2019-07-26,68.89
2019-07-29,68.73
2019-07-30,68.82
2019-07-31,68.81
2019-08-01,69.0
2019-08-02,69.65
2019-08-05,70.8
2019-08-06,70.9
2019-08-07,71.18
2019-08-08,70.62
2019-08-09,70.91
2019-08-12,71.27
2019-08-13,71.41
2019-08-14,71.27
2019-08-15,71.79
2019-08-16,71.15
2019-08-19,71.44
2019-08-20,71.54
2019-08-21,71.43
2019-08-22,71.9
2019-08-23,71.49
2019-08-26,72.02
2019-08-27,71.52
2019-08-28,71.75
2019-08-29,71.67
2019-08-30,71.45
2019-09-02,
2019-09-03,72.2
2019-09-04,72.11
2019-09-05,71.84
2019-09-06,71.68
2019-09-09,71.66
2019-09-10,71.89
2019-09-11,71.62
2019-09-12,70.91
2019-09-13,71.0
2019-09-16,71.53
2019-09-17,71.47
2019-09-18,71.16
2019-09-19,71.31
2019-09-20,71.05
2019-09-23,70.79
2019-09-24,70.94
2019-09-25,71.0
2019-09-26,70.93
2019-09-27,70.49
2019-09-30,70.64
2019-10-01,71.11
2019-10-02,71.17
2019-10-03,71.03
2019-10-04,70.86
2019-10-07,70.97
2019-10-08,71.21
2019-10-09,71.09
2019-10-10,70.98
2019-10-11,70.91
2019-10-14,
2019-10-15,71.48
2019-10-16,71.37
2019-10-17,71.09
2019-10-18,71.07
2019-10-21,70.9
2019-10-22,70.81
2019-10-23,70.81
2019-10-24,71.01
2019-10-25,70.78
2019-10-28,70.71
2019-10-29,70.86
2019-10-30,70.96
2019-10-31,71.01
2019-11-01,70.76
2019-11-04,70.79
2019-11-05,70.81
2019-11-06,70.96
2019-11-07,71.04
2019-11-08,71.35
2019-11-11,
2019-11-12,71.75
2019-11-13,72.12
2019-11-14,71.99
2019-11-15,71.6
2019-11-18,71.9
2019-11-19,71.86
2019-11-20,71.74
2019-11-21,71.75
2019-11-22,71.76
2019-11-25,71.69
2019-11-26,71.51
2019-11-27,71.26
2019-11-28,
2019-11-29,71.75
2019-12-02,71.65
2019-12-03,71.7
2019-12-04,71.47
2019-12-05,71.26
2019-12-06,71.26
2019-12-09,71.02
2019-12-10,70.84
2019-12-11,70.73
2019-12-12,70.62
2019-12-13,70.8
2019-12-16,70.89
2019-12-17,71.04
2019-12-18,70.97
2019-12-19,71.11
2019-12-20,71.07
2019-12-23,71.24
2019-12-24,71.23
2019-12-25,
2019-12-26,71.28
2019-12-27,71.45
2019-12-30,71.3
2019-12-31,71.36
2020-01-01,
2020-01-02,71.34
2020-01-03,71.76
2020-01-06,71.86
2020-01-07,71.84
2020-01-08,71.51
2020-01-09,71.16
2020-01-10,70.94
2020-01-13,70.74
2020-01-14,70.85
2020-01-15,70.69
2020-01-16,70.95
2020-01-17,71.08
2020-01-20,
2020-01-21,71.17
2020-01-22,71.07
2020-01-23,71.45
2020-01-24,71.31
2020-01-27,71.45
2020-01-28,71.24
2020-01-29,71.35
2020-01-30,71.57
2020-01-31,71.53
2020-02-03,71.32
2020-02-04,71.11
2020-02-05,71.19
2020-02-06,71.19
2020-02-07,71.47
2020-02-10,71.28
2020-02-11,71.25
2020-02-12,71.29
2020-02-13,71.27
2020-02-14,71.52
2020-02-17,
2020-02-18,71.56
2020-02-19,71.55
2020-02-20,71.67
2020-02-21,71.9
2020-02-24,71.92
2020-02-25,71.81
2020-02-26,71.58
2020-02-27,71.65
2020-02-28,72.53
2020-03-02,72.88
2020-03-03,73.03
2020-03-04,73.49
2020-03-05,73.5
2020-03-06,74.0
2020-03-09,74.21
2020-03-10,74.15
2020-03-11,73.68
2020-03-12,74.25
2020-03-13,73.86
2020-03-16,74.01
2020-03-17,74.26
2020-03-18,74.55
2020-03-19,74.78
2020-03-20,75.31
2020-03-23,76.29
2020-03-24,76.37
2020-03-25,76.36
2020-03-26,74.89
2020-03-27,75.47
2020-03-30,75.33
2020-03-31,75.39
2020-04-01,76.4
2020-04-02,76.34
2020-04-03,76.24
2020-04-06,75.95
2020-04-07,75.64
2020-04-08,75.96
2020-04-09,76.3
2020-04-10,75.87
2020-04-13,76.25
2020-04-14,76.11
2020-04-15,76.56
2020-04-16,76.75
2020-04-17,76.56
2020-04-20,76.56
2020-04-21,76.95
2020-04-22,76.44
2020-04-23,75.84
2020-04-24,76.26
2020-04-27,76.23
2020-04-28,75.96
2020-04-29,75.45
2020-04-30,75.08
2020-05-01,75.75
2020-05-04,75.64
2020-05-05,75.72
2020-05-06,76.08
2020-05-07,75.78
2020-05-08,75.58
2020-05-11,75.87
2020-05-12,75.03
2020-05-13,75.33
2020-05-14,75.48
2020-05-15,75.82
2020-05-18,75.74
2020-05-19,75.67
2020-05-20,75.47
2020-05-21,75.63
2020-05-22,75.99
2020-05-25,
2020-05-26,75.43
2020-05-27,75.88
2020-05-28,75.67
2020-05-29,75.59
2020-06-01,75.56
2020-06-02,75.03
2020-06-03,75.32
2020-06-04,75.43
2020-06-05,75.61
2020-06-08,75.44
2020-06-09,75.44
2020-06-10,75.65
2020-06-11,75.97
2020-06-12,76.03
2020-06-15,75.97
2020-06-16,76.19
2020-06-17,76.25
2020-06-18,76.32
2020-06-19,76.21
2020-06-22,75.76
2020-06-23,75.48
2020-06-24,75.65
2020-06-25,75.58
2020-06-26,75.63
2020-06-29,75.52
2020-06-30,75.53
2020-07-01,75.5
2020-07-02,74.78
2020-07-03,
2020-07-06,74.62
2020-07-07,74.81
2020-07-08,74.94
2020-07-09,75.12
2020-07-10,75.14
2020-07-13,75.16
2020-07-14,75.38
2020-07-15,75.11
2020-07-16,75.11
2020-07-17,74.93
2020-07-20,74.77
2020-07-21,74.54
2020-07-22,74.56
2020-07-23,74.81
2020-07-24,74.77
2020-07-27,74.77
2020-07-28,74.91
2020-07-29,74.92
2020-07-30,74.88
2020-07-31,74.9
2020-08-03,75.2
2020-08-04,75.06
2020-08-05,74.8
2020-08-06,74.87
2020-08-07,75.04
2020-08-10,74.91
2020-08-11,74.61
2020-08-12,74.73
2020-08-13,74.81
2020-08-14,74.87
2020-08-17,74.74
2020-08-18,74.62
2020-08-19,74.85
2020-08-20,75.01
2020-08-21,74.92
2020-08-24,74.17
2020-08-25,74.2
2020-08-26,74.22
2020-08-27,73.89
2020-08-28,73.11
2020-08-31,73.25
2020-09-01,73.0
2020-09-02,73.27
2020-09-03,73.39
2020-09-04,73.29
2020-09-07,
2020-09-08,73.78
2020-09-09,73.38
2020-09-10,73.43
2020-09-11,73.45
2020-09-14,73.42
2020-09-15,73.57
2020-09-16,73.54
2020-09-17,73.6
2020-09-18,73.54
2020-09-21,73.58
2020-09-22,73.5
2020-09-23,73.53
2020-09-24,73.9
2020-09-25,73.71
2020-09-28,73.79
2020-09-29,73.78
2020-09-30,73.54
2020-10-01,73.18
2020-10-02,73.35
2020-10-05,73.09
2020-10-06,73.4
2020-10-07,73.28
2020-10-08,73.33
2020-10-09,72.98
2020-10-12,
2020-10-13,73.45
2020-10-14,73.24
2020-10-15,73.48
2020-10-16,73.42
2020-10-19,73.31
2020-10-20,73.47
2020-10-21,73.62
2020-10-22,73.65
2020-10-23,73.86
2020-10-26,73.93
2020-10-27,73.62
2020-10-28,74.19
2020-10-29,74.42
2020-10-30,74.59
2020-11-02,74.51
2020-11-03,74.61
2020-11-04,74.36
2020-11-05,73.93
2020-11-06,73.96
2020-11-09,74.03
2020-11-10,74.31
2020-11-11,
2020-11-12,74.63
2020-11-13,74.56
2020-11-16,74.41
2020-11-17,74.42
2020-11-18,74.1
2020-11-19,74.16
2020-11-20,74.12
2020-11-23,74.21
2020-11-24,74.08
2020-11-25,73.75
2020-11-26,
2020-11-27,
2020-11-30,74.01
2020-12-01,73.51
2020-12-02,73.72
2020-12-03,73.8
2020-12-04,73.78
2020-12-07,73.83
2020-12-08,73.68
2020-12-09,73.71
2020-12-10,73.72
2020-12-11,73.73
2020-12-14,73.64
2020-12-15,73.56
2020-12-16,73.65
2020-12-17,73.53
2020-12-18,73.53
2020-12-21,74.03
2020-12-22,73.85
2020-12-23,73.77
2020-12-24,
2020-12-25,
2020-12-28,73.5
2020-12-29,73.33
2020-12-30,73.13
2020-12-31,73.01
2021-01-01,
2021-01-04,73.08
2021-01-05,73.15
2021-01-06,73.15
2021-01-07,73.43
2021-01-08,73.31
2021-01-11,73.5
2021-01-12,73.26
2021-01-13,73.07
2021-01-14,73.11
2021-01-15,73.08
2021-01-18,
2021-01-19,73.2
2021-01-20,
2021-01-21,72.96
2021-01-22,72.98
2021-01-25,73.01
2021-01-26,72.9
2021-01-27,73.05
2021-01-28,72.91
2021-01-29,72.84
2021-02-01,73.11
2021-02-02,72.95
2021-02-03,72.84
2021-02-04,72.93
2021-02-05,72.85
2021-02-08,72.9
2021-02-09,72.83
2021-02-10,72.82
2021-02-11,72.69
2021-02-12,72.6
2021-02-15,
2021-02-16,72.86
2021-02-17,72.81
2021-02-18,72.65
2021-02-19,72.5
2021-02-22,72.48
2021-02-23,72.44
2021-02-24,72.38
2021-02-25,72.74
2021-02-26,73.92
2021-03-01,73.4
2021-03-02,73.29
2021-03-03,72.85
2021-03-04,72.73
2021-03-05,73.21
2021-03-08,73.32
2021-03-09,72.89
2021-03-10,72.86
2021-03-11,72.69
2021-03-12,72.71
2021-03-15,72.58
2021-03-16,72.52
2021-03-17,72.56
2021-03-18,72.63
2021-03-19,72.45
2021-03-22,72.37
2021-03-23,72.52
2021-03-24,72.59
2021-03-25,72.69
2021-03-26,72.65
2021-03-29,72.75
2021-03-30,73.45
2021-03-31,73.14
2021-04-01,73.32
2021-04-02,73.37
2021-04-05,73.29
2021-04-06,73.49
2021-04-07,74.35
2021-04-08,74.57
2021-04-09,74.72
2021-04-12,75.03
2021-04-13,75.27
2021-04-14,75.07
2021-04-15,74.81
2021-04-16,74.48
2021-04-19,74.87
2021-04-20,75.38
2021-04-21,75.42
2021-04-22,75.11
2021-04-23,74.97
2021-04-26,74.75
2021-04-27,74.58
2021-04-28,74.49
2021-04-29,74.07
2021-04-30,74.0
2021-05-03,73.82
2021-05-04,73.8
2021-05-05,73.81
2021-05-06,73.64
2021-05-07,73.27
2021-05-10,73.41
2021-05-11,73.39
2021-05-12,73.53
2021-05-13,73.48
2021-05-14,73.23
2021-05-17,73.3
2021-05-18,73.04
2021-05-19,73.2
2021-05-20,73.03
2021-05-21,72.82
2021-05-24,72.86
2021-05-25,72.78
2021-05-26,72.71
2021-05-27,72.59
2021-05-28,72.42
2021-05-31,
2021-06-01,72.83
2021-06-02,72.97
2021-06-03,73.01
2021-06-04,72.87
2021-06-07,72.8
2021-06-08,72.93
2021-06-09,72.98
2021-06-10,73.1
2021-06-11,73.24
2021-06-14,73.16
2021-06-15,73.35
2021-06-16,73.31
2021-06-17,74.16
2021-06-18,74.14
2021-06-21,74.18
2021-06-22,74.37
2021-06-23,74.13
2021-06-24,74.14
2021-06-25,74.14
2021-06-28,74.29
2021-06-29,74.29
2021-06-30,74.33
2021-07-01,74.56
2021-07-02,74.51
2021-07-05,
2021-07-06,74.58
2021-07-07,74.81
2021-07-08,74.76
2021-07-09,74.53
2021-07-12,74.56
2021-07-13,74.51
2021-07-14,74.54
2021-07-15,74.55
2021-07-16,74.61
2021-07-19,74.85
2021-07-20,74.6
2021-07-21,74.49
2021-07-22,74.46
2021-07-23,74.44
2021-07-26,74.35
2021-07-27,74.5
2021-07-28,74.52
2021-07-29,74.25
2021-07-30,74.34
2021-08-02,74.35
2021-08-03,74.25
2021-08-04,74.15
2021-08-05,74.1
2021-08-06,74.19
2021-08-09,74.31
2021-08-10,74.5
2021-08-11,74.25
2021-08-12,74.31
2021-08-13,74.24
2021-08-16,74.19
2021-08-17,74.38
2021-08-18,74.27
2021-08-19,74.38
2021-08-20,74.35
2021-08-23,74.12
2021-08-24,74.13
2021-08-25,74.23
2021-08-26,74.13
2021-08-27,73.47
2021-08-30,73.29
2021-08-31,72.95
2021-09-01,72.99
2021-09-02,72.99
2021-09-03,72.98
2021-09-06,
2021-09-07,73.44
2021-09-08,73.84
2021-09-09,73.52
2021-09-10,73.52
2021-09-13,73.58
2021-09-14,73.64
2021-09-15,73.47
2021-09-16,73.56
2021-09-17,73.64
2021-09-20,73.65
2021-09-21,73.71
2021-09-22,73.8
2021-09-23,73.7
2021-09-24,73.81
2021-09-27,73.86
2021-09-28,74.21
2021-09-29,74.28
2021-09-30,74.16
2021-10-01,74.15
2021-10-04,74.46
2021-10-05,74.51
2021-10-06,74.82
2021-10-07,74.85
2021-10-08,75.05
2021-10-11,
2021-10-12,75.46
2021-10-13,75.33
2021-10-14,75.18
2021-10-15,74.98
2021-10-18,75.32
2021-10-19,75.06
2021-10-20,74.83
2021-10-21,74.8
2021-10-22,74.87
2021-10-25,75.05
2021-10-26,74.9
2021-10-27,75.01
2021-10-28,74.77
2021-10-29,75.0
2021-11-01,74.83
2021-11-02,74.63
2021-11-03,74.51
2021-11-04,74.53
2021-11-05,74.22
2021-11-08,73.91
2021-11-09,74.1
2021-11-10,74.26
2021-11-11,
2021-11-12,74.4
2021-11-15,74.35
2021-11-16,74.48
2021-11-17,74.28
2021-11-18,74.25
2021-11-19,74.25
2021-11-22,74.37
2021-11-23,74.49
2021-11-24,74.57
2021-11-25,
2021-11-26,74.89
2021-11-29,75.12
2021-11-30,75.1
2021-12-01,74.83
2021-12-02,74.89
2021-12-03,75.24
2021-12-06,75.39
2021-12-07,75.43
2021-12-08,75.4
2021-12-09,75.58
2021-12-10,75.66
2021-12-13,75.78
2021-12-14,75.98
2021-12-15,76.38
2021-12-16,76.18
2021-12-17,75.98
2021-12-20,75.82
2021-12-21,75.67
2021-12-22,75.45
2021-12-23,75.02
2021-12-24,
2021-12-27,74.97
2021-12-28,74.67
2021-12-29,74.58
2021-12-30,74.39
2021-12-31,
2022-01-03,74.32
2022-01-04,74.52
2022-01-05,74.31
2022-01-06,74.4
2022-01-07,74.27
2022-01-10,74.06
2022-01-11,73.81
2022-01-12,73.77
2022-01-13,73.96
2022-01-14,74.08
2022-01-17,
2022-01-18,74.56
2022-01-19,74.39
2022-01-20,74.32
2022-01-21,74.28
2022-01-24,74.72
2022-01-25,74.73
2022-01-26,74.87
2022-01-27,75.18
2022-01-28,75.0
2022-01-31,74.6
2022-02-01,74.78
2022-02-02,74.77
2022-02-03,74.71
2022-02-04,74.61
2022-02-07,74.68
2022-02-08,74.71
2022-02-09,74.8
2022-02-10,75.07
2022-02-11,75.34
2022-02-14,75.63
2022-02-15,75.2
2022-02-16,75.03
2022-02-17,75.02
2022-02-18,74.63
2022-02-21,
2022-02-22,74.65
2022-02-23,74.6
2022-02-24,75.61
2022-02-25,75.09
2022-02-28,75.49
2022-03-01,75.79
2022-03-02,75.61
2022-03-03,75.94
2022-03-04,76.42
2022-03-07,76.91
2022-03-08,77.07
2022-03-09,76.36
2022-03-10,76.37
2022-03-11,76.48
2022-03-14,76.45
2022-03-15,76.41
2022-03-16,76.17
2022-03-17,75.94
2022-03-18,76.03
2022-03-21,76.19
2022-03-22,76.06
2022-03-23,76.46
2022-03-24,76.18
2022-03-25,76.25
2022-03-28,76.06
2022-03-29,75.58
2022-03-30,75.76
2022-03-31,75.87
2022-04-01,75.96
2022-04-04,75.42
2022-04-05,75.31
2022-04-06,75.92
2022-04-07,75.9
2022-04-08,75.93
2022-04-11,75.85
2022-04-12,76.02
2022-04-13,76.14
2022-04-14,76.19
2022-04-15,76.32
2022-04-18,76.22
2022-04-19,76.39
2022-04-20,76.24
2022-04-21,76.23
2022-04-22,76.49
2022-04-25,76.72
2022-04-26,76.61
2022-04-27,76.61
2022-04-28,76.66
2022-04-29,76.48
2022-05-02,76.49
2022-05-03,76.49
2022-05-04,76.24
2022-05-05,76.54
2022-05-06,76.9
2022-05-09,77.45
2022-05-10,77.31
2022-05-11,77.28
2022-05-12,77.39
2022-05-13,77.42
2022-05-16,77.82
2022-05-17,77.46
2022-05-18,77.71
2022-05-19,77.45
2022-05-20,77.79
2022-05-23,77.51
2022-05-24,77.5
2022-05-25,77.58
2022-05-26,77.66
2022-05-27,77.58
2022-05-30,
2022-05-31,77.59
2022-06-01,77.59
2022-06-02,77.41
2022-06-03,77.59
2022-06-06,77.83
2022-06-07,77.66
2022-06-08,77.65
2022-06-09,77.84
2022-06-10,78.08
2022-06-13,78.08
2022-06-14,78.01
2022-06-15,78.12
2022-06-16,78.0
2022-06-17,78.0
2022-06-20,
2022-06-21,78.08
2022-06-22,78.21
2022-06-23,78.14
2022-06-24,78.25
2022-06-27,78.45
2022-06-28,78.97
2022-06-29,78.91
2022-06-30,79.02
2022-07-01,78.89
2022-07-04,
2022-07-05,79.27
2022-07-06,79.02
2022-07-07,79.12
2022-07-08,79.25
2022-07-11,79.46
2022-07-12,79.45
2022-07-13,79.68
2022-07-14,79.94
2022-07-15,79.74
2022-07-18,79.99
2022-07-19,79.88
2022-07-20,79.96
2022-07-21,79.85
2022-07-22,79.83
2022-07-25,79.79
2022-07-26,79.82
2022-07-27,79.92
2022-07-28,79.64
2022-07-29,79.33
2022-08-01,78.93
2022-08-02,78.49
2022-08-03,79.13
2022-08-04,79.23
2022-08-05,79.36
2022-08-08,79.58
2022-08-09,79.65
2022-08-10,79.07
2022-08-11,79.54
2022-08-12,79.65
2022-08-15,79.48
2022-08-16,79.31
2022-08-17,79.41
2022-08-18,79.66
2022-08-19,79.89
2022-08-22,79.86
2022-08-23,79.81
2022-08-24,79.82
2022-08-25,79.9
2022-08-26,79.87
2022-08-29,79.96
2022-08-30,79.6
2022-08-31,79.45
2022-09-01,79.65
2022-09-02,79.7
2022-09-05,
2022-09-06,79.86
2022-09-07,79.82
2022-09-08,79.71
2022-09-09,79.61
2022-09-12,79.35
2022-09-13,79.49
2022-09-14,79.41
2022-09-15,79.82
2022-09-16,79.66
2022-09-19,79.71
2022-09-20,79.72
2022-09-21,79.96
2022-09-22,81.0
2022-09-23,81.11
2022-09-26,81.6
2022-09-27,81.63
2022-09-28,81.61
2022-09-29,81.54
2022-09-30,81.37
2022-10-03,81.56
2022-10-04,81.45
2022-10-05,81.5
2022-10-06,82.06
2022-10-07,82.32
2022-10-10,
2022-10-11,82.22
2022-10-12,82.25
2022-10-13,82.28
2022-10-14,82.28
2022-10-17,82.16
2022-10-18,82.29
2022-10-19,82.95
2022-10-20,82.66
2022-10-21,82.58
2022-10-24,82.68
2022-10-25,82.44
2022-10-26,82.73
2022-10-27,82.36
2022-10-28,82.33
2022-10-31,82.73
2022-11-01,82.62
2022-11-02,82.72
2022-11-03,82.76
2022-11-04,82.03
2022-11-07,81.95
2022-11-08,81.27
2022-11-09,81.25
2022-11-10,80.72
2022-11-11,
2022-11-14,80.98
2022-11-15,80.94
2022-11-16,81.46
2022-11-17,81.69
2022-11-18,81.76
2022-11-21,81.68
2022-11-22,81.69
2022-11-23,81.71
2022-11-24,
2022-11-25,81.73
2022-11-28,81.61
2022-11-29,81.61
2022-11-30,81.43
2022-12-01,81.17
2022-12-02,81.41
2022-12-05,81.77
2022-12-06,82.42
2022-12-07,82.31
2022-12-08,82.29
2022-12-09,82.46
2022-12-12,82.67
2022-12-13,82.49
2022-12-14,82.5
2022-12-15,82.75
2022-12-16,82.71
2022-12-19,82.65
2022-12-20,82.58
2022-12-21,82.81
2022-12-22,82.93
2022-12-23,82.86
2022-12-26,
2022-12-27,82.88
2022-12-28,82.74
2022-12-29,82.83
2022-12-30,82.72
2023-01-02,
2023-01-03,82.86
2023-01-04,82.72
2023-01-05,82.57
2023-01-06,82.72
2023-01-09,82.36
2023-01-10,81.6
2023-01-11,81.6
2023-01-12,81.19
2023-01-13,81.31
2023-01-16,
2023-01-17,81.57
2023-01-18,81.33
2023-01-19,81.28
2023-01-20,80.99
2023-01-23,81.41
2023-01-24,81.53
2023-01-25,81.49
2023-01-26,81.59
2023-01-27,81.54
2023-01-30,81.47
2023-01-31,81.69
2023-02-01,81.73
2023-02-02,82.03
2023-02-03,82.21
2023-02-06,82.77
2023-02-07,82.81
2023-02-08,82.65
2023-02-09,82.44
2023-02-10,82.47
2023-02-13,82.72
2023-02-14,82.86
2023-02-15,82.78
2023-02-16,82.74
2023-02-17,82.73
2023-02-20,
2023-02-21,82.85
2023-02-22,82.78
2023-02-23,82.59
2023-02-24,82.97
2023-02-27,82.69
2023-02-28,82.57
2023-03-01,82.43
2023-03-02,82.41
2023-03-03,81.98
2023-03-06,81.77
2023-03-07,81.93
2023-03-08,81.86
2023-03-09,82.02
2023-03-10,81.93
2023-03-13,82.19
2023-03-14,82.25
2023-03-15,82.84
2023-03-16,82.63
2023-03-17,82.56
2023-03-20,82.55
2023-03-21,82.59
2023-03-22,82.66
2023-03-23,82.07
2023-03-24,82.34
2023-03-27,82.24
2023-03-28,82.17
2023-03-29,82.18
2023-03-30,82.34
2023-03-31,82.19
2023-04-03,82.24
2023-04-04,82.33
2023-04-05,81.89
2023-04-06,81.86
2023-04-07,81.85
2023-04-10,82.01
2023-04-11,82.04
2023-04-12,81.98
2023-04-13,81.65
2023-04-14,81.88
2023-04-17,81.98
2023-04-18,82.08
2023-04-19,82.18
2023-04-20,82.1
2023-04-21,82.06
2023-04-24,81.9
2023-04-25,81.92
2023-04-26,81.74
2023-04-27,81.84
2023-04-28,81.84
2023-05-01,81.84
2023-05-02,81.89
2023-05-03,81.83
2023-05-04,81.73
2023-05-05,81.81
2023-05-08,81.78
2023-05-09,82.04
2023-05-10,81.94
2023-05-11,82.13
2023-05-12,82.17
2023-05-15,82.3
2023-05-16,82.26
2023-05-17,82.39
2023-05-18,82.77
2023-05-19,82.65
2023-05-22,82.83
2023-05-23,82.84
2023-05-24,82.66
2023-05-25,82.76
2023-05-26,82.58
2023-05-29,
2023-05-30,82.67
2023-05-31,82.68
2023-06-01,82.41
2023-06-02,82.35
2023-06-05,82.67
2023-06-06,82.61
2023-06-07,82.5
2023-06-08,82.57
2023-06-09,82.46
2023-06-12,82.43
2023-06-13,82.38
2023-06-14,82.1
2023-06-15,82.18
2023-06-16,81.89
2023-06-19,
2023-06-20,82.11
2023-06-21,82.04
2023-06-22,81.93
2023-06-23,82.01
2023-06-26,82.0
2023-06-27,81.98
2023-06-28,82.0
2023-06-29,82.05
2023-06-30,82.06
2023-07-03,81.96
2023-07-04,
2023-07-05,82.34
2023-07-06,82.49
2023-07-07,82.74
2023-07-10,82.57
2023-07-11,82.39
2023-07-12,82.03
2023-07-13,82.04
2023-07-14,82.16
2023-07-17,82.03
2023-07-18,82.03
2023-07-19,82.09
2023-07-20,81.99
2023-07-21,81.99
2023-07-24,81.81
2023-07-25,81.87
2023-07-26,81.99
2023-07-27,82.15
2023-07-28,82.22
2023-07-31,82.24
2023-08-01,82.25
2023-08-02,82.58
2023-08-03,82.74
2023-08-04,82.83
2023-08-07,82.75
2023-08-08,82.85
2023-08-09,82.84
2023-08-10,82.69
2023-08-11,82.87
2023-08-14,83.17
2023-08-15,82.94
2023-08-16,83.19
2023-08-17,83.09
2023-08-18,83.14
2023-08-21,83.1
2023-08-22,82.94
2023-08-23,82.69
2023-08-24,82.57
2023-08-25,82.64
2023-08-28,82.6
2023-08-29,82.7
2023-08-30,82.73
2023-08-31,82.78
2023-09-01,82.69
2023-09-04,
2023-09-05,83.03
2023-09-06,83.14
2023-09-07,83.21
2023-09-08,82.93
2023-09-11,83.03
2023-09-12,82.86
2023-09-13,82.93
2023-09-14,83.02
2023-09-15,83.15
2023-09-18,83.27
2023-09-19,83.27
2023-09-20,83.07
2023-09-21,83.11
2023-09-22,82.95
2023-09-25,83.11
2023-09-26,83.24
2023-09-27,83.18
2023-09-28,83.13
2023-09-29,83.08
2023-10-02,83.04
2023-10-03,83.22
2023-10-04,83.25
2023-10-05,83.24
2023-10-06,83.25
2023-10-09,
2023-10-10,83.25
2023-10-11,83.18
2023-10-12,83.28
2023-10-13,83.26
2023-10-16,83.28
2023-10-17,83.22
2023-10-18,83.25
2023-10-19,83.1
2023-10-20,83.14
2023-10-23,83.19
2023-10-24,83.19
2023-10-25,83.18
2023-10-26,83.24
2023-10-27,83.27
