Date,<= 0,Lo 30,Med 40,Hi 30,Lo 20,Qnt 2,Qnt 3,Qnt 4,Hi 20,Lo 10,Dec 2,Dec 3,Dec 4,Dec 5,Dec 6,Dec 7,Dec 8,Dec 9,Hi 10
1951-07,2.86,7.42,6.46,7.3,7.38,6.91,6.07,7.01,7.62,7.75,7.02,7.5,6.33,6.88,5.25,7.37,6.65,8.49,6.73
1951-08,13.61,4.42,5.35,5.01,3.74,5.51,5.08,5.58,4.96,2.97,4.49,5.81,5.21,4.12,6.03,6.02,5.13,4.65,5.27
1951-09,-2.42,1.14,1.74,2.3,0.79,2.02,1.13,2.19,2.49,0.31,1.26,1.83,2.2,1.88,0.39,2.46,1.91,3.13,1.82
1951-10,-3.31,-2.92,-2.16,-2.5,-3.27,-3.1,-1.27,-2.64,-2.16,-4.0,-2.57,-2.21,-3.96,-2.04,-0.5,-2.11,-3.18,-1.64,-2.71
1951-11,8.88,0.9,1.82,1.03,0.9,1.43,1.58,2.27,0.37,1.05,0.76,0.9,1.95,2.14,1.02,2.17,2.38,0.01,0.73
1951-12,0.03,2.69,2.58,1.76,2.84,3.18,2.47,2.36,0.99,4.0,1.71,2.38,3.96,3.08,1.86,1.4,3.34,0.52,1.47
1952-01,-0.25,2.27,0.92,1.49,1.94,1.45,1.1,1.04,1.94,0.45,3.38,2.94,0.0,0.49,1.71,1.5,0.56,1.43,2.47
1952-02,-2.7,-3.79,-2.59,-1.23,-3.83,-3.12,-2.7,-1.75,-1.32,-4.58,-3.11,-3.71,-2.54,-2.82,-2.59,-2.41,-1.06,-1.83,-0.79
1952-03,-2.28,1.97,2.84,4.02,2.33,1.78,3.14,3.29,4.13,1.79,2.86,1.23,2.32,3.3,2.97,2.79,3.8,3.95,4.32
1952-04,-4.89,-4.71,-5.2,-5.37,-4.69,-5.08,-5.13,-4.53,-6.1,-4.59,-4.79,-4.75,-5.4,-5.76,-4.49,-5.14,-3.9,-5.61,-6.6
1952-05,-0.49,2.18,3.1,2.16,1.47,3.08,2.75,3.26,2.16,1.69,1.25,3.64,2.54,3.4,2.11,4.34,2.15,3.09,1.2
1952-06,2.88,2.98,3.53,4.28,2.62,3.91,3.49,3.71,4.21,3.75,1.52,3.71,4.11,4.86,2.12,3.01,4.43,3.92,4.5
1952-07,2.95,0.63,1.63,1.1,0.05,2.29,0.98,1.26,1.26,-0.97,1.06,1.76,2.82,0.57,1.39,1.74,0.79,0.69,1.81
1952-08,-2.83,0.53,-0.2,0.06,0.03,0.72,-0.27,-0.31,0.32,-0.51,0.58,1.5,-0.09,-0.9,0.36,-0.17,-0.45,1.23,-0.57
1952-09,-2.25,-1.44,-1.43,-1.25,-1.76,-0.68,-1.86,-1.36,-1.24,-1.96,-1.56,-0.81,-0.54,-1.98,-1.73,-1.47,-1.25,-0.8,-1.68
1952-10,-6.43,-1.04,-1.05,-1.26,-1.11,-0.71,-1.26,-1.44,-1.05,-1.28,-0.94,-0.9,-0.5,-1.0,-1.53,-1.18,-1.69,-0.27,-1.81
1952-11,4.87,6.06,5.59,6.78,6.57,5.12,6.13,6.22,6.44,6.67,6.46,5.07,5.17,6.4,5.86,4.96,7.45,5.24,7.61
1952-12,4.76,2.23,2.21,2.25,2.68,1.94,2.08,2.01,2.44,2.92,2.44,1.36,2.53,1.77,2.39,2.16,1.87,2.26,2.61
1953-01,0.0,0.67,1.2,3.39,0.1,1.82,0.9,2.45,3.23,0.69,-0.48,1.78,1.86,0.46,1.34,1.16,3.71,2.18,4.26
1953-02,24.32,0.88,0.44,1.06,0.56,1.04,0.07,1.02,1.11,0.96,0.16,1.52,0.54,-0.33,0.46,1.07,0.97,0.68,1.53
1953-03,-15.19,0.29,-1.27,-1.29,0.52,-0.25,-1.74,-1.57,-0.98,-0.83,1.87,-0.14,-0.35,-1.59,-1.89,-1.23,-1.9,-1.52,-0.46
1953-04,-4.81,-2.58,-2.36,-0.92,-2.83,-2.02,-2.61,-2.08,-0.41,-2.42,-3.24,-2.09,-1.95,-2.86,-2.36,-2.25,-1.92,-0.04,-0.78
1953-05,2.94,0.66,0.36,0.62,0.86,-0.09,1.01,0.63,0.25,0.77,0.96,0.27,-0.47,0.56,1.46,-0.1,1.34,1.68,-1.15
1953-06,-7.71,-2.38,-2.6,-3.78,-2.36,-2.23,-2.61,-3.54,-3.72,-2.3,-2.42,-2.43,-2.03,-2.21,-3.0,-3.17,-3.91,-3.48,-3.94
1953-07,1.83,2.45,2.46,1.61,2.64,2.32,2.39,1.76,1.92,2.56,2.71,2.06,2.57,2.08,2.69,2.5,1.0,2.04,1.79
1953-08,-7.18,-2.63,-3.49,-6.15,-2.49,-2.75,-3.02,-5.6,-6.28,-2.76,-2.22,-2.91,-2.59,-2.19,-3.86,-5.32,-5.88,-6.32,-6.23
1953-09,-3.01,0.63,-0.1,-0.28,0.41,0.3,0.34,-0.52,-0.2,-0.75,1.57,1.09,-0.47,-0.2,0.88,-0.6,-0.44,-0.62,0.23
1953-10,1.93,3.08,4.17,5.27,3.38,2.97,4.11,4.95,5.44,3.29,3.47,2.46,3.48,3.31,4.91,4.97,4.94,4.94,5.93
1953-11,3.21,3.08,2.88,2.15,3.16,2.29,3.45,2.72,1.98,4.06,2.25,2.91,1.68,2.95,3.95,2.94,2.51,1.62,2.34
1953-12,-6.7,-0.04,0.28,-1.22,-0.6,0.27,1.28,-1.13,-1.14,-0.81,-0.38,1.1,-0.54,0.81,1.75,-0.89,-1.38,-1.04,-1.25
1954-01,14.27,4.91,5.96,7.2,4.74,5.46,5.28,7.53,7.09,4.85,4.64,5.25,5.66,4.98,5.58,7.63,7.42,7.71,6.48
1954-02,1.86,0.91,2.17,1.83,1.28,1.06,2.51,1.75,1.85,0.93,1.63,0.14,1.95,2.02,3.0,1.7,1.8,1.74,1.96
1954-03,4.08,2.71,2.62,4.38,2.71,2.67,2.65,2.8,5.02,3.57,1.85,2.7,2.64,1.88,3.42,2.53,3.07,5.89,4.15
1954-04,-6.19,2.19,2.21,1.7,1.67,2.51,2.7,2.45,0.94,1.82,1.53,3.24,1.8,2.66,2.74,1.66,3.26,0.7,1.17
1954-05,4.58,3.05,3.38,5.22,3.5,2.61,3.34,4.09,5.61,4.53,2.47,2.13,3.09,3.46,3.22,3.76,4.42,4.41,6.81
1954-06,2.61,1.24,2.14,2.0,1.52,1.28,2.99,1.38,1.95,1.37,1.68,0.65,1.91,1.87,4.11,0.66,2.11,2.22,1.69
1954-07,21.21,6.11,5.93,9.25,5.68,6.16,6.18,6.76,10.11,4.46,6.88,6.96,5.35,6.95,5.4,6.0,7.51,8.84,11.4
1954-08,-8.2,-1.87,-1.96,-1.66,-2.13,-1.95,-2.15,-1.78,-1.2,-1.58,-2.67,-1.34,-2.55,-1.69,-2.62,-0.97,-2.6,-1.64,-0.75
1954-09,3.07,3.54,5.39,5.49,4.03,2.97,6.07,5.2,6.05,4.61,3.46,2.56,3.38,5.64,6.52,6.04,4.36,6.27,5.83
1954-10,-0.54,-1.91,-0.85,0.71,-2.25,-1.76,-0.84,-0.04,1.38,-1.56,-2.92,-1.22,-2.3,-1.18,-0.51,0.57,-0.65,1.79,0.96
1954-11,9.23,8.11,8.82,11.52,9.07,6.4,9.86,10.11,11.62,10.11,8.04,6.17,6.63,9.69,10.03,8.9,11.32,10.79,12.47
1954-12,17.32,5.99,5.26,10.52,6.3,5.2,4.67,7.9,11.23,7.48,5.14,5.38,5.01,3.55,5.81,6.72,9.09,9.59,12.91
1955-01,12.76,-0.16,1.3,2.64,0.07,0.09,0.68,2.39,3.09,-0.5,0.63,-0.61,0.79,0.8,0.56,3.05,1.74,3.47,2.7
1955-02,4.59,4.2,3.57,5.75,4.02,3.96,3.29,4.53,6.26,4.2,3.85,4.55,3.37,3.65,2.91,4.35,4.71,6.08,6.44
1955-03,-0.99,0.33,-0.7,0.62,0.31,-0.65,-0.5,0.14,0.73,1.67,-1.02,0.37,-1.68,0.35,-1.38,-0.11,0.38,0.52,0.94
1955-04,2.64,2.37,3.18,1.96,3.14,2.11,3.5,1.95,2.15,3.9,2.41,0.81,3.41,3.82,3.18,2.31,1.59,2.41,1.88
1955-05,8.39,0.9,1.05,0.48,1.05,0.74,1.25,0.67,0.45,1.21,0.89,0.61,0.87,1.7,0.78,0.82,0.52,0.74,0.16
1955-06,0.54,2.97,3.38,5.55,3.22,2.25,3.86,5.06,5.17,3.76,2.69,2.47,2.02,4.47,3.23,3.79,6.33,5.25,5.09
1955-07,0.33,1.18,1.45,1.22,1.22,1.11,1.5,1.58,1.08,0.86,1.57,1.1,1.11,1.75,1.24,1.67,1.49,0.39,1.75
1955-08,-0.67,0.47,0.78,1.06,0.83,0.35,0.8,0.44,1.46,0.6,1.05,-0.23,0.95,0.9,0.7,0.59,0.28,0.43,2.47
1955-09,-2.27,-1.27,-1.04,-0.8,-1.72,-1.04,-1.52,0.18,-1.12,-1.95,-1.5,-0.39,-1.69,-1.94,-1.1,0.53,-0.17,-1.13,-1.12
1955-10,-3.25,-2.48,-1.51,-1.18,-2.6,-2.14,-1.39,-1.69,-0.68,-3.64,-1.58,-2.23,-2.06,-1.46,-1.31,-1.2,-2.17,-0.8,-0.56
1955-11,2.74,6.07,4.53,6.84,6.15,5.51,3.82,6.46,6.47,6.63,5.68,5.91,5.11,3.93,3.71,5.35,7.57,5.6,7.33
1955-12,4.7,2.73,2.36,2.33,2.62,2.42,2.63,1.69,2.98,3.95,1.32,2.95,1.87,2.62,2.63,2.32,1.05,2.6,3.35
1956-01,-0.51,-2.92,-2.32,-2.69,-3.23,-2.3,-2.51,-2.25,-2.78,-3.07,-3.38,-2.31,-2.29,-2.2,-2.82,-1.99,-2.52,-1.93,-3.6
1956-02,4.77,3.7,3.36,3.63,4.09,3.36,3.3,3.16,3.81,3.11,5.04,2.94,3.8,3.18,3.41,3.04,3.28,3.5,4.1
1956-03,5.06,6.81,5.05,5.63,7.15,5.43,4.61,5.9,5.64,7.32,6.99,6.13,4.72,4.8,4.42,6.22,5.59,5.6,5.69
1956-04,-1.68,0.91,-0.15,1.44,0.3,0.82,-0.18,0.71,1.57,0.09,0.49,2.12,-0.51,-0.64,0.27,0.25,1.18,1.68,1.46
1956-05,-5.17,-4.18,-3.06,-4.57,-4.83,-2.75,-3.14,-4.26,-4.26,-5.77,-3.92,-2.89,-2.61,-2.43,-3.86,-3.35,-5.18,-5.17,-3.37
1956-06,-0.76,2.74,3.24,2.83,3.23,2.6,3.09,2.81,3.1,4.19,2.3,1.77,3.45,4.1,2.07,3.31,2.3,2.42,3.77
1956-07,0.03,4.1,4.14,5.63,4.1,4.28,4.15,4.55,5.79,4.07,4.14,4.08,4.46,4.23,4.07,3.8,5.31,5.31,6.26
1956-08,-1.14,-2.68,-1.6,-0.3,-2.86,-2.43,-1.12,-1.26,0.01,-3.27,-2.45,-2.33,-2.52,-1.21,-1.03,-1.6,-0.92,-0.98,0.97
1956-09,-1.19,-5.14,-3.74,-3.12,-5.79,-3.89,-3.51,-3.85,-2.82,-6.8,-4.76,-3.87,-3.91,-4.03,-2.97,-4.0,-3.69,-3.32,-2.34
1956-10,-5.31,0.51,0.62,1.68,0.42,0.38,0.99,0.5,2.24,0.11,0.74,0.7,0.08,0.38,1.62,0.43,0.57,2.46,2.02
1956-11,-0.53,0.38,0.43,1.45,0.52,0.28,0.17,1.04,1.58,-0.15,1.2,0.09,0.48,0.96,-0.63,0.9,1.18,2.43,0.74
1956-12,-5.81,3.59,3.07,3.02,4.47,2.41,2.83,3.14,3.23,4.54,4.4,1.85,2.97,2.03,3.64,3.67,2.61,2.92,3.54
1957-01,8.27,-1.22,-0.18,-0.73,-1.32,-0.54,-0.33,-0.28,-0.82,-1.8,-0.82,-1.03,-0.06,0.59,-1.27,0.0,-0.56,-1.33,-0.32
1957-02,-8.49,-1.06,-1.38,-3.28,-1.16,-0.83,-0.95,-3.33,-3.0,-1.3,-1.02,-0.86,-0.8,-0.91,-0.98,-2.84,-3.83,-3.63,-2.38
1957-03,7.82,2.67,1.92,2.31,2.7,2.05,1.84,2.2,2.52,2.98,2.43,2.59,1.51,1.68,2.0,2.51,1.89,2.34,2.69
1957-04,0.41,3.28,2.65,2.62,4.05,2.14,2.4,3.07,2.5,5.04,3.03,1.77,2.51,1.93,2.88,3.3,2.84,2.66,2.35
1957-05,3.3,3.1,2.34,1.52,3.04,2.42,2.6,2.03,1.51,3.67,2.39,3.22,1.63,3.04,2.16,2.53,1.54,1.97,1.07
1957-06,-4.02,-1.26,-1.6,-0.78,-0.54,-2.65,-1.61,-0.66,-0.78,1.0,-2.11,-2.67,-2.64,-2.59,-0.6,-0.51,-0.8,-0.8,-0.75
1957-07,0.94,0.98,0.09,0.96,0.18,1.54,-0.22,0.32,1.27,0.52,-0.18,2.59,0.46,-0.87,0.42,0.32,0.33,0.45,2.07
1957-08,-5.13,-5.45,-3.58,-5.08,-5.73,-4.19,-3.86,-4.2,-4.97,-6.44,-4.99,-4.9,-3.47,-3.67,-4.04,-3.12,-5.31,-4.29,-5.63
1957-09,-6.7,-5.69,-3.64,-4.42,-6.17,-4.24,-4.14,-3.39,-4.51,-7.1,-5.21,-4.74,-3.73,-3.96,-4.32,-2.55,-4.25,-4.11,-4.9
1957-10,-12.84,-4.96,-3.61,-6.16,-5.27,-4.04,-4.01,-4.23,-6.34,-6.21,-4.29,-4.35,-3.73,-3.66,-4.35,-2.69,-5.79,-6.85,-5.83
1957-11,8.0,4.97,2.67,2.05,6.18,3.09,2.55,2.38,1.65,7.25,5.07,2.53,3.66,2.7,2.4,1.92,2.85,2.13,1.19
1957-12,-4.01,-2.5,-2.3,-5.17,-3.22,-1.29,-2.14,-4.05,-5.37,-4.52,-1.86,-1.07,-1.51,-1.38,-2.88,-3.37,-4.75,-4.77,-5.96
1958-01,18.19,6.42,8.62,10.78,6.32,7.2,8.67,9.86,10.98,6.8,5.83,6.62,7.78,9.15,8.19,9.35,10.39,9.63,12.3
1958-02,-4.71,-0.87,-0.24,-0.19,-0.9,-0.17,-0.68,0.05,-0.36,-2.91,1.2,-0.8,0.47,-0.82,-0.54,-0.06,0.17,0.46,-1.17
1958-03,3.04,3.65,3.56,4.68,3.73,3.43,3.77,3.89,4.79,4.35,3.08,3.48,3.37,3.74,3.79,3.34,4.46,4.86,4.72
1958-04,8.76,2.04,3.16,2.47,2.23,2.83,3.26,1.99,2.79,1.35,3.13,1.68,4.01,3.41,3.11,2.15,1.83,3.33,2.27
1958-05,8.53,3.44,3.02,3.21,4.05,2.51,2.85,3.72,2.89,4.0,4.1,2.21,2.81,2.75,2.94,3.58,3.86,3.39,2.4
1958-06,2.13,2.71,2.64,2.82,2.65,2.47,2.88,2.88,2.71,3.47,1.79,2.83,2.1,2.56,3.19,2.72,3.05,1.92,3.48
1958-07,9.37,4.69,4.27,6.38,5.08,3.56,4.56,5.34,6.59,5.58,4.58,3.89,3.23,3.38,5.79,4.74,5.96,6.58,6.6
1958-08,5.4,1.9,2.53,3.93,2.42,1.21,1.95,4.28,3.96,3.69,1.14,0.87,1.54,0.91,3.02,4.68,3.87,2.49,5.38
1958-09,15.9,4.18,4.52,6.56,4.12,4.18,4.42,5.73,6.69,3.95,4.3,4.31,4.05,4.3,4.55,5.18,6.3,6.48,6.89
1958-10,7.71,3.76,2.58,4.02,3.88,2.92,2.8,2.56,4.65,4.79,2.96,3.54,2.31,3.15,2.44,2.4,2.73,4.14,5.13
1958-11,1.18,4.17,4.21,4.86,4.63,4.35,3.94,5.05,4.0,4.31,4.94,3.25,5.44,3.74,4.15,3.52,6.61,4.57,3.45
1958-12,9.84,4.69,4.92,3.31,5.16,4.43,4.99,3.89,3.38,5.36,4.95,3.76,5.08,4.33,5.68,4.62,3.16,3.36,3.41
1959-01,6.79,0.97,3.56,5.5,0.56,2.24,3.74,4.18,6.09,0.24,0.89,1.78,2.69,1.78,5.78,4.06,4.29,4.51,7.61
1959-02,1.31,3.48,2.53,4.27,3.53,3.34,2.3,3.12,4.39,4.49,2.58,3.38,3.29,2.46,2.13,2.23,4.03,3.75,5.0
1959-03,0.61,1.7,1.1,1.81,1.69,0.87,1.81,0.35,2.74,1.79,1.6,1.7,0.06,1.56,2.06,0.75,-0.06,1.8,3.64
1959-04,2.08,2.61,2.65,4.2,3.3,1.74,3.41,3.32,3.75,4.84,1.76,1.24,2.24,3.07,3.77,1.56,5.1,4.14,3.38
1959-05,0.73,0.79,0.81,1.48,1.23,0.18,1.21,0.75,1.65,0.14,2.32,-0.07,0.44,1.78,0.62,0.38,1.12,1.77,1.54
1959-06,1.67,0.35,0.11,1.56,0.52,-0.53,0.72,1.34,1.05,0.96,0.09,-0.01,-1.05,0.36,1.09,0.09,2.61,0.44,1.64
1959-07,3.59,2.89,3.04,3.75,2.33,3.28,3.29,3.22,3.91,2.82,1.85,3.98,2.57,3.74,2.85,3.01,3.43,3.16,4.66
1959-08,-2.69,-2.84,-0.39,-0.87,-2.99,-1.89,-0.38,-0.48,-0.61,-3.99,-2.01,-2.55,-1.23,-1.3,0.54,0.42,-1.37,0.23,-1.46
1959-09,-7.63,-5.06,-4.34,-3.6,-5.03,-4.76,-4.33,-4.11,-3.44,-4.89,-5.17,-5.11,-4.39,-4.47,-4.19,-4.33,-3.9,-3.91,-2.97
1959-10,0.46,2.94,2.52,2.06,2.93,2.6,2.82,1.75,2.45,3.97,1.91,2.98,2.22,2.72,2.93,2.2,1.3,1.81,3.09
1959-11,2.23,2.6,1.78,2.27,3.22,1.84,2.09,0.52,3.22,3.56,2.89,1.36,2.33,1.4,2.77,0.63,0.4,1.92,4.52
1959-12,-0.1,2.85,2.08,1.43,3.04,2.7,1.4,2.98,0.45,4.1,1.99,2.49,2.9,2.07,0.72,2.6,3.36,1.71,-0.81
1960-01,-3.9,-7.15,-4.79,-3.66,-8.03,-5.63,-4.25,-4.0,-3.9,-8.86,-7.21,-5.41,-5.86,-4.47,-4.04,-4.81,-3.19,-3.97,-3.82
1960-02,9.21,1.72,1.67,1.06,2.01,1.31,1.48,0.96,1.75,2.55,1.48,1.14,1.49,1.89,1.06,2.23,-0.31,0.71,2.79
1960-03,-2.3,-2.47,-0.77,-2.28,-2.05,-2.4,-0.52,-0.98,-2.73,-1.84,-2.25,-3.32,-1.47,-1.12,0.08,-0.58,-1.38,-1.65,-3.82
1960-04,-1.59,-2.05,-0.71,-0.83,-2.41,-1.24,-1.38,0.17,-0.89,-1.84,-2.96,-1.35,-1.13,-1.49,-1.27,1.04,-0.69,1.0,-2.79
1960-05,2.27,4.52,2.89,2.47,5.81,2.97,2.45,2.39,2.65,7.41,4.23,1.96,4.0,3.16,1.73,2.67,2.11,2.07,3.23
1960-06,3.13,1.11,2.97,3.27,0.61,2.69,2.15,3.89,3.15,0.01,1.19,2.12,3.27,2.0,2.31,4.29,3.5,4.71,1.6
1960-07,-4.82,-4.03,-1.56,-0.91,-4.78,-2.72,-1.13,-1.1,-0.79,-5.46,-4.1,-2.52,-2.93,-1.2,-1.06,-1.07,-1.14,-1.24,-0.34
1960-08,8.01,2.5,3.2,4.67,2.52,2.68,3.4,3.7,4.86,1.88,3.15,2.46,2.9,2.72,4.08,3.11,4.28,2.83,6.93
1960-09,-8.92,-7.21,-5.23,-4.99,-8.0,-5.76,-5.23,-4.07,-5.67,-8.28,-7.72,-5.6,-5.93,-4.89,-5.57,-4.52,-3.62,-4.84,-6.52
1960-10,-5.65,-3.08,-1.43,-2.11,-4.18,-1.72,-0.98,-1.04,-2.72,-5.86,-2.5,-0.85,-2.58,-1.11,-0.84,-1.19,-0.89,-2.19,-3.25
1960-11,-2.4,6.43,5.43,5.02,6.57,6.3,4.42,5.17,5.56,6.54,6.6,6.14,6.47,5.13,3.69,6.43,3.92,5.94,5.18
1960-12,8.21,4.99,4.88,3.45,5.11,4.68,5.01,4.31,3.31,4.46,5.76,4.74,4.62,5.01,5.01,4.88,3.74,3.54,3.07
1961-01,9.74,6.33,6.85,9.41,5.59,7.73,6.74,6.98,10.26,6.2,4.99,7.82,7.64,7.78,5.69,6.26,7.69,9.59,10.94
1961-02,13.01,5.65,5.18,6.77,5.4,5.74,4.69,6.31,6.85,5.21,5.59,6.14,5.34,5.13,4.25,5.99,6.63,5.67,8.05
1961-03,8.09,4.63,4.13,4.58,4.63,3.9,3.99,5.3,4.27,5.18,4.08,4.64,3.15,4.05,3.92,5.4,5.21,4.2,4.34
1961-04,1.02,-0.11,0.69,1.42,-0.81,1.65,-0.14,1.7,0.96,-0.86,-0.76,1.31,1.98,0.2,-0.48,1.08,2.32,0.64,1.3
1961-05,1.12,4.54,3.26,6.29,4.34,3.77,3.04,4.43,7.18,3.68,5.0,4.95,2.6,3.33,2.75,4.37,4.49,6.86,7.51
1961-06,-2.39,-4.26,-3.1,-3.96,-4.76,-3.51,-2.94,-2.77,-4.53,-5.53,-3.98,-3.24,-3.79,-3.26,-2.62,-2.72,-2.81,-4.88,-4.18
1961-07,1.62,1.34,2.31,1.24,1.02,2.01,2.59,1.5,1.39,0.81,1.23,2.0,2.02,3.37,1.81,2.03,0.95,1.24,1.53
1961-08,-1.88,2.89,2.48,2.27,1.95,3.89,2.55,2.24,2.08,0.98,2.91,4.8,2.98,2.24,2.86,1.82,2.66,2.09,2.06
1961-09,-6.0,-3.26,-2.12,-2.35,-3.87,-1.5,-2.33,-2.53,-2.4,-4.86,-2.89,-2.02,-0.98,-3.4,-1.29,-2.82,-2.24,-2.11,-2.7
1961-10,-1.43,1.67,2.83,2.22,1.45,1.94,3.56,2.63,1.94,0.73,2.17,2.12,1.76,3.35,3.76,2.44,2.81,1.82,2.05
1961-11,7.12,4.72,4.73,4.82,4.7,4.35,5.09,4.43,5.2,5.19,4.21,4.77,3.94,6.0,4.19,4.81,4.05,4.62,5.78
1961-12,3.75,-1.48,-0.45,0.86,-1.22,-1.49,-0.96,1.13,0.68,-1.2,-1.24,-2.03,-0.95,-0.81,-1.11,1.05,1.21,0.8,0.57
1962-01,4.12,-3.88,-1.66,-0.11,-4.15,-2.78,-1.36,-0.76,-0.24,-2.78,-5.53,-3.31,-2.25,-2.04,-0.69,-1.68,0.16,0.28,-0.77
1962-02,1.83,0.44,1.5,2.23,-0.11,1.65,1.49,1.49,2.48,-0.78,0.56,1.56,1.75,1.09,1.88,1.26,1.71,3.12,1.83
1962-03,1.07,-0.71,0.36,-0.87,-0.6,-0.18,0.41,-0.07,-1.22,-1.58,0.37,-0.93,0.58,0.55,0.28,0.01,-0.16,-1.25,-1.19
1962-04,-10.02,-8.1,-6.17,-6.16,-8.84,-6.11,-6.13,-6.01,-6.63,-9.71,-7.96,-6.61,-5.62,-6.43,-5.83,-6.79,-5.21,-5.77,-7.48
1962-05,-12.76,-11.18,-9.24,-8.5,-12.07,-9.73,-9.59,-8.12,-8.49,-12.71,-11.43,-9.37,-10.08,-9.84,-9.34,-7.71,-8.53,-8.49,-8.48
1962-06,-10.29,-10.22,-7.84,-6.29,-10.68,-8.73,-7.82,-6.84,-6.37,-11.08,-10.29,-9.27,-8.2,-9.03,-6.62,-7.54,-6.14,-6.05,-6.69
1962-07,9.84,7.89,4.98,5.53,9.28,4.83,5.34,4.35,6.24,10.4,8.17,5.08,4.58,5.62,5.06,4.63,4.07,5.52,6.99
1962-08,5.92,3.07,1.93,3.2,3.65,2.1,1.89,2.24,3.39,4.93,2.38,1.92,2.28,2.3,1.47,1.66,2.83,3.23,3.55
1962-09,-8.98,-7.35,-4.76,-5.42,-7.66,-6.0,-4.71,-4.54,-5.77,-9.36,-6.0,-6.71,-5.28,-5.71,-3.67,-4.37,-4.7,-5.17,-6.38
1962-10,-4.5,-3.03,-1.57,-1.04,-3.66,-1.6,-1.77,-1.36,-0.83,-5.64,-1.72,-1.75,-1.45,-2.33,-1.2,-1.25,-1.47,-0.78,-0.88
1962-11,15.93,15.23,11.8,12.06,15.74,13.58,11.79,11.11,12.33,16.85,14.64,14.22,12.93,12.7,10.84,10.72,11.51,12.89,11.75
1962-12,-2.38,-0.88,0.35,-0.08,-1.43,0.29,0.3,0.16,-0.07,-1.93,-0.94,0.21,0.37,-0.25,0.88,0.44,-0.11,-0.83,0.71
1963-01,13.15,6.24,6.94,7.74,6.65,5.9,7.13,7.48,7.67,6.89,6.42,5.41,6.4,7.11,7.15,7.08,7.89,7.31,8.04
1963-02,-0.35,-3.11,-1.36,-0.99,-3.36,-1.78,-1.9,-0.69,-1.14,-4.35,-2.38,-2.62,-0.93,-2.44,-1.33,-0.71,-0.68,-1.74,-0.53
1963-03,3.15,1.08,1.95,3.03,0.76,1.79,1.98,2.93,2.61,0.52,1.01,1.72,1.86,1.74,2.24,1.97,3.9,2.65,2.56
1963-04,3.05,4.32,3.48,3.96,3.95,4.5,3.21,3.68,4.05,4.44,3.46,5.07,3.92,2.96,3.47,3.58,3.78,3.44,4.69
1963-05,4.82,2.94,2.34,2.97,3.86,1.88,2.15,2.82,2.83,5.71,2.03,1.1,2.68,2.22,2.08,2.39,3.26,1.83,3.85
1963-06,-2.38,-1.38,-1.67,-1.53,-1.51,-1.47,-1.48,-1.74,-1.51,-1.2,-1.8,-1.13,-1.8,-1.47,-1.48,-1.92,-1.57,-0.91,-2.13
1963-07,0.2,-0.68,-0.32,-1.05,-0.7,-0.52,-0.1,-0.82,-1.04,-0.81,-0.55,-0.6,-0.44,-0.45,0.22,-0.6,-1.08,-0.72,-1.31
1963-08,2.8,4.95,4.3,4.19,4.89,5.07,4.59,3.78,4.12,5.21,4.44,5.15,4.99,4.48,4.69,3.26,4.39,4.01,4.2
1963-09,-1.7,-1.74,-0.93,-1.43,-1.9,-1.35,-1.11,-0.43,-1.72,-1.77,-2.07,-1.28,-1.41,-0.46,-1.69,-0.25,-0.65,-1.19,-2.15
1963-10,1.66,1.84,1.02,2.14,1.64,1.53,0.78,2.65,1.55,2.1,1.01,2.44,0.61,0.27,1.24,1.74,3.71,1.51,1.58
1963-11,-3.56,-2.25,-1.09,-1.08,-2.39,-1.8,-1.52,-0.55,-0.95,-2.68,-1.98,-1.82,-1.78,-1.18,-1.83,0.18,-1.42,-0.14,-1.62
1963-12,-2.88,-0.56,1.08,-0.39,-0.97,1.56,0.61,0.76,-0.81,-1.32,-0.48,0.69,2.43,0.35,0.84,0.79,0.72,0.29,-1.71
1964-01,7.17,3.45,2.38,3.6,3.79,2.58,2.06,2.79,3.84,3.94,3.59,2.42,2.75,1.95,2.16,2.64,2.97,3.15,4.41
1964-02,4.85,1.93,1.88,2.64,1.75,1.84,2.19,2.09,2.76,2.88,0.21,2.46,1.22,1.57,2.75,1.89,2.34,2.73,2.77
1964-03,1.78,2.23,2.86,4.47,2.87,1.01,2.66,4.82,4.03,3.0,2.7,0.3,1.73,2.11,3.15,4.11,5.65,2.51,5.29
1964-04,2.23,-0.81,-0.21,-0.3,-1.07,0.29,-0.14,0.0,-0.82,-1.19,-0.91,0.01,0.58,-0.01,-0.25,-0.96,1.11,0.58,-1.98
1964-05,0.66,1.1,0.87,0.08,0.98,1.02,1.08,0.56,-0.02,1.97,-0.38,1.45,0.58,0.8,1.33,0.75,0.35,0.51,-0.45
1964-06,1.61,0.96,1.58,1.42,0.34,1.94,1.89,1.8,1.13,0.19,0.55,2.83,1.04,1.41,2.32,1.47,2.19,1.12,1.14
1964-07,3.83,1.99,3.4,2.84,1.93,2.97,2.8,3.01,3.26,1.58,2.53,2.15,3.8,2.69,2.91,4.11,1.77,2.89,3.51
1964-08,-1.31,-0.73,-0.31,-0.14,-0.75,-0.63,-0.24,-0.27,-0.08,-0.6,-1.0,-0.67,-0.58,-0.02,-0.45,-0.24,-0.31,-0.51,0.22
1964-09,6.63,3.47,3.25,3.98,2.78,4.54,2.98,3.58,4.02,2.63,3.03,5.36,3.72,2.97,3.0,3.33,3.86,3.97,4.06
1964-10,3.24,1.33,1.62,2.59,1.58,0.78,1.84,1.95,2.79,1.67,1.43,0.64,0.92,2.3,1.39,1.81,2.1,2.29,3.13
1964-11,-1.98,-0.51,0.38,-0.29,-0.73,0.32,0.54,-0.04,-0.38,-1.05,-0.2,0.09,0.56,0.68,0.4,-0.04,-0.05,-0.38,-0.38
1964-12,-6.3,0.17,-0.59,-1.51,0.63,-0.91,-0.21,-1.15,-1.64,0.5,0.84,-1.07,-0.74,-0.45,0.02,-1.11,-1.19,-1.0,-2.08
1965-01,13.25,6.46,6.31,6.6,6.69,6.24,5.87,6.5,6.77,7.32,5.64,5.82,6.68,5.87,5.88,6.78,6.17,6.24,7.13
1965-02,5.48,2.81,2.94,3.8,2.7,3.03,3.15,2.11,4.68,3.22,1.82,3.13,2.93,2.97,3.33,2.58,1.57,4.94,4.5
1965-03,4.8,1.1,-0.35,1.87,0.9,0.88,-0.36,0.74,1.67,0.79,1.1,1.63,0.12,0.22,-0.93,-0.71,2.36,1.04,2.11
1965-04,3.75,3.49,4.32,4.29,3.75,3.34,3.87,4.6,4.54,4.43,2.62,2.77,3.92,3.48,4.27,5.42,3.67,3.93,4.96
1965-05,0.69,-0.12,-0.49,0.08,0.02,-0.32,-0.35,-0.59,0.15,0.28,-0.4,-0.49,-0.14,0.29,-1.0,-1.0,-0.12,0.07,0.21
1965-06,-11.03,-8.35,-7.47,-8.03,-8.87,-7.43,-7.06,-7.39,-8.46,-10.08,-6.85,-6.94,-7.93,-7.29,-6.84,-7.81,-6.93,-8.57,-8.39
1965-07,2.17,2.29,2.71,3.37,2.79,1.57,2.92,2.51,3.78,3.4,1.85,0.88,2.22,2.69,3.16,2.7,2.35,3.22,4.15
1965-08,6.29,4.79,4.32,3.62,5.2,3.79,4.61,4.04,3.45,6.17,3.72,3.62,3.95,4.27,4.94,4.03,4.04,3.37,3.5
1965-09,2.07,3.44,3.41,3.54,3.63,3.65,3.13,3.7,3.27,3.31,4.13,2.89,4.38,3.19,3.07,3.14,4.21,3.47,3.14
1965-10,10.46,4.75,4.7,6.53,5.23,4.32,4.74,5.03,6.84,5.79,4.36,3.42,5.18,5.53,3.93,4.19,5.78,5.21,7.9
1965-11,14.43,3.45,4.11,5.56,4.21,1.9,4.75,3.67,6.5,4.78,3.34,1.33,2.44,4.41,5.1,4.22,3.18,7.05,6.15
1965-12,5.91,4.04,3.36,5.1,4.91,2.17,3.74,3.44,5.63,6.15,3.03,1.59,2.73,4.35,3.11,3.09,3.75,2.02,8.01
1966-01,13.74,4.54,4.52,6.91,5.41,3.07,3.89,6.08,7.33,6.66,3.52,2.07,4.04,4.88,2.89,6.35,5.85,7.55,7.19
1966-02,13.37,2.38,1.26,3.27,3.02,0.21,1.8,2.01,3.56,2.98,3.08,0.6,-0.17,1.37,2.23,1.41,2.55,1.89,4.65
1966-03,2.36,0.39,-1.85,-1.68,0.64,-1.09,-1.64,-2.02,-1.66,2.56,-2.28,-0.3,-1.84,-1.11,-2.18,-2.33,-1.74,-1.24,-1.94
1966-04,7.26,4.23,3.94,4.78,4.9,2.77,4.22,3.75,5.28,5.96,3.28,2.37,3.16,3.46,4.98,4.03,3.51,5.16,5.36
1966-05,-15.49,-7.71,-7.39,-9.27,-8.38,-6.21,-7.35,-8.41,-9.57,-10.09,-5.78,-5.84,-6.56,-7.44,-7.25,-8.28,-8.53,-8.3,-10.4
1966-06,-0.55,-1.03,-0.34,-0.21,-0.99,-1.32,0.05,-0.72,0.2,-0.27,-2.08,-1.15,-1.48,-0.67,0.76,-0.15,-1.21,0.3,0.12
1966-07,-2.9,-1.5,-1.52,-1.1,-1.4,-1.4,-1.63,-1.84,-0.78,-1.7,-0.93,-1.74,-1.08,-1.78,-1.49,-1.77,-1.9,-0.88,-0.72
1966-08,-12.77,-9.66,-9.35,-10.08,-9.76,-9.68,-8.99,-9.23,-10.47,-10.58,-8.43,-9.4,-9.96,-9.43,-8.57,-9.39,-9.07,-9.69,-11.04
1966-09,-2.38,-1.88,-1.26,-1.53,-2.42,-0.67,-1.07,-2.42,-1.05,-3.28,-1.04,-0.51,-0.82,-1.82,-0.36,-2.08,-2.75,-1.44,-0.77
1966-10,-7.19,-2.0,0.68,-0.4,-3.1,0.82,1.09,0.33,-0.95,-5.38,0.56,0.76,0.89,0.86,1.31,-0.34,1.0,-0.35,-1.38
1966-11,4.26,7.08,2.86,2.39,7.63,4.4,2.85,2.55,2.35,8.64,6.0,5.71,3.13,3.25,2.47,2.61,2.48,1.95,2.63
1966-12,-0.41,2.43,2.52,0.74,2.97,2.03,1.77,2.35,0.57,3.12,2.72,1.08,2.94,0.97,2.53,3.52,1.19,1.75,-0.28
1967-01,23.2,15.88,14.47,19.2,16.4,13.7,14.84,16.22,20.08,19.88,10.81,14.59,12.83,15.29,14.42,15.49,16.94,18.73,21.07
1967-02,13.35,5.28,2.2,2.74,5.7,2.91,2.23,1.97,3.34,6.63,4.21,4.22,1.65,1.05,3.33,2.72,1.22,1.96,4.34
1967-03,4.95,5.6,6.1,5.56,6.41,4.89,5.46,7.21,4.92,7.0,5.46,3.59,6.14,5.59,5.35,7.25,7.17,4.61,5.15
1967-04,4.73,5.4,3.39,4.29,5.64,3.8,3.54,3.75,4.47,5.51,5.84,4.8,2.84,3.16,3.9,3.67,3.82,3.92,4.87
1967-05,1.05,-1.55,-1.67,-0.95,-1.53,-1.16,-2.12,-1.5,-0.86,-1.39,-1.75,-1.62,-0.71,-2.28,-1.98,-1.79,-1.2,-0.02,-1.46
1967-06,14.98,8.43,6.31,7.44,8.87,6.63,6.0,6.75,7.91,10.48,6.26,7.34,5.95,5.18,6.77,7.27,6.23,7.13,8.48
1967-07,12.92,6.93,7.59,9.67,7.95,5.07,7.95,8.13,10.54,8.84,6.71,4.11,5.91,7.19,8.63,8.59,7.69,9.57,11.19
1967-08,3.84,-1.02,0.24,1.55,-1.22,-0.25,0.32,0.65,1.82,-0.29,-2.5,-0.46,-0.05,0.77,-0.08,0.39,0.9,0.82,2.49
1967-09,7.91,5.87,5.21,6.73,6.48,4.4,5.06,6.12,6.96,7.4,5.22,4.16,4.61,4.76,5.34,6.06,6.19,6.41,7.33
1967-10,-1.06,-1.16,-2.74,-2.75,-0.74,-2.18,-3.13,-2.5,-2.94,-0.33,-1.31,-2.31,-2.07,-3.13,-3.13,-2.69,-2.32,-2.77,-3.05
1967-11,-0.31,0.66,0.0,-0.07,0.85,0.14,-0.17,0.21,-0.23,0.27,1.65,0.12,0.16,-0.32,-0.03,0.14,0.29,-0.45,-0.09
1967-12,14.38,7.44,6.19,8.68,8.1,5.64,5.61,8.03,8.84,9.82,5.74,5.63,5.66,5.32,5.86,7.74,8.31,8.47,9.09
1968-01,12.26,-1.77,1.75,3.1,-2.1,0.35,0.94,2.27,4.0,-2.88,-1.04,-0.82,1.37,0.13,1.67,3.59,1.04,2.29,5.14
1968-02,-7.99,-6.69,-4.87,-4.9,-7.13,-4.94,-4.62,-5.36,-4.83,-7.62,-6.47,-5.45,-4.51,-4.64,-4.6,-5.68,-5.05,-5.43,-4.43
1968-03,-1.18,-0.23,-1.62,-0.51,-0.02,-1.64,-1.66,-0.3,-0.82,-0.02,-0.02,-0.81,-2.35,-2.34,-1.06,-0.83,0.2,0.0,-1.38
1968-04,19.43,14.4,11.91,15.45,15.08,11.52,12.03,13.66,15.92,15.96,13.86,12.49,10.69,10.76,13.17,12.9,14.38,13.96,17.23
1968-05,16.69,7.67,7.37,10.22,8.57,5.28,7.79,9.27,10.33,9.48,7.33,5.15,5.4,7.3,8.23,8.54,9.95,9.43,10.94
1968-06,-0.01,0.17,2.41,1.99,-0.36,2.58,2.58,1.47,2.08,-1.18,0.77,1.64,3.39,2.89,2.3,1.12,1.8,1.79,2.27
1968-07,1.18,-5.27,-2.79,-1.64,-5.17,-4.31,-2.14,-3.13,-1.44,-5.43,-4.75,-5.58,-2.93,-2.56,-1.67,-3.99,-2.14,-1.48,-1.42
1968-08,6.88,3.02,3.26,3.18,2.7,3.51,3.38,3.35,3.09,1.71,4.26,3.98,2.99,3.97,2.73,3.28,3.43,2.4,3.64
1968-09,9.91,7.06,6.61,6.68,7.38,6.46,6.84,5.68,7.17,7.69,6.87,6.11,6.85,6.48,7.23,5.91,5.42,5.06,8.87
1968-10,-1.18,-0.33,1.47,1.68,-0.92,0.89,1.42,2.43,1.51,-1.53,0.05,1.44,0.3,1.65,1.17,2.7,2.12,1.99,1.12
1968-11,4.75,7.47,7.43,6.79,7.52,7.49,7.84,6.44,6.88,8.32,6.25,7.32,7.69,8.27,7.36,6.35,6.54,7.51,6.38
1968-12,5.83,0.62,-1.18,-0.04,0.76,-0.4,-1.21,-1.23,0.42,2.23,-1.56,0.19,-1.04,-1.93,-0.42,-1.27,-1.19,-0.35,1.05
1969-01,1.58,-1.67,-0.4,0.07,-1.75,-0.81,-0.58,-0.18,0.12,-1.53,-2.1,-1.43,-0.12,0.25,-1.51,-0.28,-0.06,-0.19,0.38
1969-02,-13.17,-9.71,-7.33,-7.0,-10.1,-8.17,-7.65,-6.16,-7.38,-11.25,-8.28,-8.55,-7.75,-8.51,-6.69,-6.26,-6.04,-6.49,-8.09
1969-03,3.08,2.44,1.77,1.85,2.63,2.35,1.6,1.41,1.88,3.14,1.81,1.9,2.85,1.78,1.4,1.1,1.78,1.98,1.79
1969-04,0.06,0.82,0.39,0.64,0.98,0.18,0.38,1.3,0.14,0.74,1.35,0.34,0.01,0.11,0.67,0.78,1.9,0.59,-0.21
1969-05,3.99,0.03,0.47,0.09,0.57,-1.27,0.75,0.18,0.54,1.12,-0.29,-1.57,-0.92,0.86,0.64,1.22,-1.02,1.81,-0.48
1969-06,-14.91,-12.07,-10.32,-9.76,-12.27,-11.26,-10.67,-8.58,-10.41,-13.39,-10.51,-11.49,-11.0,-11.2,-10.09,-8.96,-8.14,-10.41,-10.41
1969-07,-11.94,-10.86,-8.92,-6.91,-11.31,-9.2,-9.02,-7.63,-7.06,-11.71,-10.66,-9.35,-9.05,-9.65,-8.4,-8.56,-6.59,-7.11,-7.02
1969-08,2.7,6.41,5.12,3.11,6.6,5.78,5.61,3.79,2.57,6.58,6.65,5.75,5.81,6.13,5.11,3.35,4.29,2.27,2.8
1969-09,-3.95,-2.12,-2.61,-2.73,-2.19,-2.19,-2.64,-2.75,-2.64,-2.44,-1.8,-1.85,-2.55,-2.18,-3.08,-2.6,-2.92,-2.73,-2.56
1969-10,13.03,11.56,8.86,6.46,12.41,8.79,8.93,7.83,6.25,12.97,11.51,8.67,8.91,8.9,8.96,8.64,6.92,5.59,6.78
1969-11,-9.67,-5.72,-5.48,-4.81,-6.01,-5.32,-5.54,-4.85,-4.81,-6.08,-5.9,-4.74,-5.92,-5.95,-5.13,-4.89,-4.8,-4.61,-4.97
1969-12,-13.55,-7.29,-5.68,-4.61,-7.9,-5.63,-5.84,-4.76,-4.64,-8.84,-6.39,-5.24,-6.03,-6.42,-5.28,-4.95,-4.53,-3.64,-5.46
1970-01,3.55,-4.74,-4.74,-3.51,-4.43,-5.3,-4.9,-4.07,-3.41,-3.84,-5.38,-5.8,-4.78,-5.14,-4.67,-4.37,-3.73,-4.36,-2.64
1970-02,3.53,3.93,4.41,5.33,3.8,4.91,4.08,4.94,5.02,2.91,5.25,4.38,5.45,4.22,3.96,3.98,6.02,5.38,4.73
1970-03,-2.58,-4.75,-0.89,0.8,-5.24,-2.84,-1.26,1.37,0.73,-6.17,-3.73,-3.1,-2.58,-2.12,-0.45,1.73,0.96,1.11,0.41
1970-04,-22.38,-19.8,-13.77,-10.41,-21.19,-15.12,-14.05,-11.12,-10.38,-22.17,-19.6,-15.07,-15.16,-14.4,-13.71,-11.7,-10.47,-9.7,-10.94
1970-05,-10.09,-9.84,-8.52,-7.52,-9.47,-9.83,-8.56,-7.85,-7.64,-9.76,-9.0,-11.1,-8.55,-9.7,-7.48,-8.4,-7.24,-6.69,-8.42
1970-06,-10.27,-9.63,-7.27,-4.67,-9.93,-8.09,-7.24,-6.06,-4.52,-11.06,-8.13,-8.59,-7.58,-7.01,-7.47,-6.99,-5.01,-5.34,-3.85
1970-07,1.52,5.72,6.79,6.32,4.86,7.3,7.0,6.04,6.6,3.61,6.5,7.74,6.77,7.56,6.43,6.42,5.57,7.14,6.11
1970-08,7.6,6.3,6.44,5.82,6.63,5.76,6.12,6.8,5.75,6.67,6.58,5.51,6.06,6.39,5.86,7.44,5.99,5.7,5.8
1970-09,20.68,16.64,9.16,10.31,17.85,11.91,9.44,8.17,11.1,19.59,15.59,13.79,9.65,9.98,8.9,8.13,8.23,9.59,12.47
1970-10,-10.23,-7.09,-5.34,-4.73,-7.5,-5.66,-5.18,-5.04,-5.04,-8.86,-5.72,-6.14,-5.08,-4.37,-6.0,-5.92,-3.94,-4.3,-5.7
1970-11,-7.79,-0.76,2.34,2.17,-1.48,1.68,2.26,3.04,1.45,-1.65,-1.26,0.92,2.61,2.28,2.24,2.24,4.04,2.13,0.83
1970-12,3.95,6.68,10.16,10.04,5.78,9.01,9.98,10.7,10.11,4.43,7.53,8.79,9.28,10.42,9.54,11.39,9.84,10.41,9.84
1971-01,26.07,13.85,11.52,12.47,14.15,12.8,10.83,10.67,13.79,15.29,12.66,13.14,12.4,10.04,11.61,11.95,9.09,13.31,14.21
1971-02,8.4,5.49,3.48,3.77,5.58,4.98,3.15,2.72,4.26,6.09,4.91,5.28,4.63,3.98,2.33,2.92,2.48,3.47,4.97
1971-03,7.61,6.06,5.95,4.95,6.16,6.99,5.37,4.12,5.48,6.44,5.79,5.82,8.4,5.96,4.77,4.55,3.6,4.75,6.13
1971-04,2.91,3.16,3.17,1.56,3.82,2.34,3.02,3.21,1.02,4.72,2.63,1.64,3.18,3.79,2.26,3.43,2.94,1.3,0.77
1971-05,-8.27,-4.78,-4.77,-5.36,-4.7,-4.88,-4.73,-4.71,-5.68,-4.38,-5.11,-4.98,-4.75,-5.1,-4.36,-4.86,-4.53,-5.08,-6.23
1971-06,-5.58,-1.26,-1.04,-1.99,-1.17,-0.98,-1.17,-1.7,-1.98,-2.01,-0.07,-1.46,-0.41,-0.88,-1.45,-1.45,-2.01,-2.39,-1.61
1971-07,-7.86,-6.28,-5.26,-5.06,-6.27,-5.63,-5.42,-4.78,-5.37,-6.17,-6.38,-6.3,-4.88,-6.28,-4.56,-5.32,-4.28,-4.8,-5.8
1971-08,5.39,4.89,4.43,4.02,4.64,4.88,4.91,3.24,4.45,5.06,4.17,5.45,4.22,4.82,5.01,3.6,2.9,4.19,4.65
1971-09,-2.83,-0.55,-0.28,-0.37,-0.55,0.48,-1.25,-0.07,-0.56,-0.57,-0.52,-0.57,1.67,-0.79,-1.7,-0.29,0.13,-0.01,-0.98
1971-10,-8.09,-6.26,-5.11,-5.12,-6.3,-5.44,-5.43,-4.73,-5.36,-7.56,-4.91,-6.16,-4.62,-5.45,-5.42,-4.95,-4.52,-4.07,-6.32
1971-11,-5.68,-3.01,-2.55,-3.33,-2.87,-3.3,-2.42,-2.63,-3.39,-3.55,-2.12,-3.31,-3.29,-3.24,-1.6,-2.04,-3.18,-3.28,-3.48
1971-12,11.08,13.1,11.7,11.87,13.38,13.13,11.31,10.43,12.36,13.29,13.49,12.48,13.87,11.97,10.64,10.21,10.64,10.9,13.46
1972-01,20.94,10.44,6.55,9.76,11.56,6.72,7.5,6.72,10.64,12.68,10.33,7.98,5.3,7.96,7.04,5.86,7.52,8.04,12.6
1972-02,4.76,6.16,3.08,3.52,6.49,4.94,2.84,2.65,3.69,6.15,6.86,5.43,4.4,1.93,3.75,2.17,3.09,3.17,4.08
1972-03,-2.12,0.18,0.74,-0.08,0.17,0.78,0.63,0.11,-0.11,0.53,-0.23,0.22,1.41,0.19,1.08,0.22,0.01,-0.21,-0.04
1972-04,0.25,0.15,0.77,0.01,0.16,0.77,0.32,0.01,0.35,0.84,-0.6,0.13,1.48,1.14,-0.5,0.98,-0.87,0.71,0.08
1972-05,-4.89,-0.97,-1.43,-2.53,-0.3,-1.69,-1.67,-1.66,-2.84,-0.6,0.04,-2.46,-0.82,-1.56,-1.79,-1.56,-1.75,-2.71,-2.94
1972-06,-5.14,-3.26,-2.81,-3.78,-3.29,-2.58,-3.03,-3.51,-3.83,-3.37,-3.21,-3.17,-1.91,-2.81,-3.25,-3.33,-3.66,-3.27,-4.25
1972-07,-3.68,-3.06,-3.13,-2.21,-2.39,-4.27,-2.79,-2.47,-2.32,-1.86,-3.0,-4.57,-3.95,-3.02,-2.58,-2.99,-1.95,-2.06,-2.54
1972-08,-0.6,0.18,1.79,3.05,0.24,0.54,1.93,2.6,3.09,0.21,0.28,0.05,1.06,1.38,2.44,2.25,2.95,3.91,2.36
1972-09,-4.27,-3.52,-2.92,-2.81,-3.24,-3.67,-2.75,-2.55,-3.13,-3.04,-3.47,-4.16,-3.15,-3.36,-2.17,-3.07,-2.04,-3.07,-3.17
1972-10,-3.32,-2.68,-1.15,0.62,-2.72,-2.3,-0.67,-0.2,0.5,-3.25,-2.1,-2.61,-1.97,-1.14,-0.24,-1.3,0.89,0.94,0.1
1972-11,2.19,3.64,6.46,6.55,2.95,5.42,6.45,7.2,6.33,3.26,2.59,5.2,5.67,6.98,5.95,7.31,7.09,5.6,6.99
1972-12,-3.27,-1.38,-1.94,-2.33,-1.11,-1.54,-1.91,-1.92,-2.92,-1.03,-1.2,-2.01,-1.04,-2.39,-1.45,-2.95,-0.9,-2.58,-3.23
1973-01,1.02,-5.53,-5.6,-2.85,-5.24,-5.82,-5.97,-4.66,-2.23,-5.02,-5.49,-6.19,-5.41,-6.45,-5.51,-5.0,-4.32,-2.01,-2.43
1973-02,-7.54,-8.96,-7.4,-5.45,-9.01,-8.76,-6.81,-6.11,-5.65,-8.32,-9.81,-8.83,-8.69,-6.58,-7.02,-7.27,-4.97,-5.98,-5.36
1973-03,-1.49,-3.47,-2.94,-1.75,-3.25,-3.81,-2.84,-1.82,-1.97,-4.28,-2.04,-3.97,-3.63,-3.22,-2.48,-2.43,-1.22,-2.64,-1.36
1973-04,-7.75,-9.11,-6.75,-5.02,-9.3,-8.27,-6.58,-5.67,-4.89,-9.29,-9.3,-8.7,-7.81,-6.92,-6.26,-6.0,-5.34,-4.45,-5.28
1973-05,-11.87,-9.04,-7.37,-6.87,-9.11,-8.49,-7.62,-6.72,-6.68,-9.46,-8.71,-8.88,-8.08,-7.8,-7.44,-6.12,-7.33,-6.27,-7.05
1973-06,-1.78,-4.06,-3.64,-2.48,-3.82,-3.73,-4.11,-2.93,-2.53,-3.35,-4.37,-4.58,-2.83,-4.39,-3.84,-3.5,-2.36,-2.58,-2.49
1973-07,12.91,16.47,11.42,9.12,17.15,14.51,11.25,8.46,9.63,16.74,17.63,15.04,13.9,10.98,11.54,9.01,7.98,8.53,10.27
1973-08,-4.71,-3.39,-5.1,-4.76,-2.88,-5.07,-4.94,-4.61,-4.85,-2.55,-3.27,-4.47,-5.76,-4.46,-5.46,-4.68,-4.55,-4.25,-5.2
1973-09,8.41,9.53,9.86,6.59,8.96,10.85,9.93,7.52,6.52,8.78,9.19,10.72,11.0,9.04,10.89,8.41,6.73,6.79,6.37
1973-10,2.59,-0.62,0.0,0.06,-0.99,0.07,-0.05,0.88,-0.59,-1.02,-0.96,0.16,-0.02,0.62,-0.79,0.16,1.53,-1.07,-0.31
1973-11,-20.41,-20.52,-18.46,-16.06,-20.44,-20.3,-17.98,-16.61,-16.32,-20.61,-20.25,-20.68,-19.86,-18.39,-17.54,-17.91,-15.46,-15.47,-16.82
1973-12,-7.73,-3.4,-2.35,-3.32,-3.96,-2.47,-2.83,-1.53,-3.87,-3.51,-4.5,-2.21,-2.77,-3.77,-1.82,-0.88,-2.1,-1.8,-5.09
1974-01,27.17,10.75,13.09,13.68,10.49,11.89,13.68,12.53,14.15,10.77,10.15,11.31,12.54,14.45,12.85,12.45,12.61,11.71,15.59
1974-02,1.69,-0.84,0.87,2.16,-1.15,0.19,0.73,1.84,2.16,-1.8,-0.38,-0.18,0.6,-0.09,1.63,1.47,2.16,1.44,2.59
1974-03,1.21,0.44,0.56,1.24,0.51,0.03,1.24,0.18,1.66,-0.16,1.31,0.29,-0.27,1.51,0.94,0.06,0.29,0.87,2.13
1974-04,-4.84,-6.34,-5.05,-4.51,-5.7,-7.02,-4.63,-4.97,-4.14,-5.89,-5.48,-7.68,-6.25,-4.4,-4.88,-4.58,-5.32,-4.72,-3.81
1974-05,-7.67,-7.16,-6.84,-6.34,-7.12,-7.15,-7.07,-6.23,-6.35,-6.63,-7.71,-7.24,-7.05,-7.25,-6.88,-6.11,-6.33,-6.49,-6.27
1974-06,-2.56,-3.02,-2.57,-2.59,-3.29,-2.78,-2.58,-2.09,-2.73,-3.34,-3.23,-2.44,-3.18,-1.82,-3.4,-1.85,-2.3,-3.3,-2.39
1974-07,-5.8,-6.94,-3.76,-3.92,-8.0,-4.31,-3.82,-3.33,-4.09,-9.76,-6.03,-4.38,-4.24,-3.61,-4.05,-3.16,-3.49,-4.25,-3.99
1974-08,-8.53,-9.24,-7.97,-7.24,-8.84,-9.72,-7.92,-6.75,-7.45,-8.9,-8.77,-10.21,-9.24,-7.78,-8.07,-6.77,-6.74,-7.49,-7.43
1974-09,-8.86,-10.6,-7.09,-7.78,-11.79,-8.26,-6.44,-7.43,-7.62,-12.64,-10.84,-7.72,-8.8,-7.11,-5.71,-6.58,-8.17,-7.29,-7.84
1974-10,10.09,15.96,9.33,7.16,17.68,11.8,8.34,7.73,7.26,19.01,16.18,11.78,11.81,8.43,8.25,8.64,6.93,6.85,7.54
1974-11,-7.26,-4.6,-4.49,-5.95,-4.53,-4.97,-4.37,-4.41,-6.46,-5.26,-3.7,-4.76,-5.17,-4.06,-4.7,-4.05,-4.72,-4.99,-7.48
1974-12,-13.33,-7.11,-5.96,-8.52,-7.53,-6.64,-5.64,-5.81,-9.46,-7.35,-7.74,-6.09,-7.19,-5.83,-5.44,-5.31,-6.24,-8.09,-10.41
1975-01,46.41,26.62,28.26,33.09,26.22,28.71,28.31,28.84,34.05,26.39,26.02,27.61,29.8,27.83,28.83,26.61,30.79,30.71,36.34
1975-02,6.2,7.98,4.69,3.69,8.71,5.98,4.5,3.98,3.57,9.33,8.02,6.23,5.74,5.61,3.27,3.96,4.0,3.42,3.67
1975-03,12.56,8.4,7.33,11.12,8.24,8.26,7.38,8.52,11.57,9.22,7.14,8.79,7.75,7.27,7.51,6.79,10.03,10.66,12.19
1975-04,5.52,5.81,4.2,2.01,6.39,4.77,3.64,3.13,1.97,5.61,7.28,4.4,5.12,3.49,3.81,4.28,2.11,2.65,1.5
1975-05,9.48,8.74,7.16,7.74,9.13,8.01,6.87,7.38,7.61,9.15,9.11,7.8,8.2,7.74,5.92,6.62,8.05,7.03,8.01
1975-06,13.42,7.16,8.08,8.17,7.41,7.01,8.03,8.22,8.36,7.1,7.76,6.56,7.45,8.43,7.59,8.79,7.71,8.77,8.09
1975-07,-1.03,-2.52,-1.18,-0.08,-2.93,-1.43,-1.86,-1.09,0.75,-3.44,-2.38,-1.64,-1.19,-1.77,-1.93,0.07,-2.24,0.33,1.06
1975-08,-7.31,-4.56,-4.16,-5.54,-4.84,-4.33,-4.01,-4.48,-5.74,-5.19,-4.45,-3.96,-4.74,-3.41,-4.51,-3.92,-5.04,-4.99,-6.29
1975-09,-5.97,-4.01,-3.36,-3.01,-4.56,-3.17,-3.36,-2.96,-3.13,-4.73,-4.37,-2.85,-3.53,-3.16,-3.53,-3.22,-2.69,-3.0,-3.23
1975-10,-0.92,3.12,2.78,1.58,3.32,2.48,3.08,1.95,1.75,2.37,4.35,2.71,2.24,4.04,2.27,2.74,1.15,3.89,0.19
1975-11,-1.06,1.78,2.69,3.04,1.43,2.82,2.03,3.65,2.75,1.2,1.69,2.53,3.13,2.34,1.78,3.5,3.79,2.67,2.82
1975-12,1.06,-1.35,-0.46,-0.4,-1.69,-0.42,-0.44,-0.22,-0.66,-1.97,-1.39,-0.61,-0.22,-0.44,-0.45,-0.71,0.27,-0.54,-0.75
1976-01,26.59,16.62,17.91,23.04,16.86,16.12,17.53,20.15,24.18,16.83,16.89,16.12,16.12,18.95,16.35,20.2,20.09,23.49,24.68
1976-02,22.46,7.73,9.11,13.75,7.89,7.83,9.0,10.61,14.74,7.99,7.77,7.39,8.31,9.01,9.0,10.02,11.2,13.01,16.0
1976-03,5.32,1.87,1.31,2.34,1.5,1.77,1.06,2.09,2.48,1.26,1.76,2.65,0.81,0.98,1.14,2.2,1.98,1.75,3.01
1976-04,-0.3,-1.15,-0.74,-1.23,-1.2,-0.98,-0.72,-0.62,-1.46,-1.25,-1.14,-1.04,-0.91,-0.8,-0.66,-0.62,-0.63,-1.83,-1.2
1976-05,-5.11,-2.19,-1.66,-2.15,-2.3,-1.66,-1.43,-2.18,-2.22,-2.7,-1.86,-1.96,-1.34,-2.2,-0.78,-2.36,-2.0,-2.19,-2.24
1976-06,1.64,3.42,3.32,3.1,3.2,3.9,3.13,3.25,3.0,2.79,3.64,3.88,3.92,2.89,3.34,3.14,3.36,3.24,2.83
1976-07,0.09,-0.56,0.5,0.38,-0.35,-0.28,0.08,0.87,0.35,-0.94,0.41,-1.04,0.41,-0.15,0.36,1.34,0.45,0.68,0.09
1976-08,-4.99,-2.52,-1.02,-0.8,-2.93,-1.58,-0.44,-1.19,-0.75,-3.05,-2.76,-1.58,-1.59,-0.76,-0.06,-1.5,-0.93,-0.48,-0.97
1976-09,-1.28,1.73,2.56,2.02,1.6,2.46,2.35,2.16,2.12,0.9,2.48,2.03,2.85,1.65,3.16,2.63,1.76,2.46,1.84
1976-10,-3.07,-3.52,-1.99,-1.6,-3.81,-2.36,-2.05,-1.64,-1.68,-4.15,-3.38,-2.84,-1.91,-1.9,-2.23,-1.95,-1.38,-1.2,-2.06
1976-11,1.25,2.58,2.97,2.73,2.08,3.57,2.94,2.5,2.83,1.94,2.26,3.72,3.43,2.46,3.49,2.55,2.44,3.54,2.26
1976-12,13.2,9.21,9.38,10.18,9.53,8.51,9.82,9.71,10.25,10.05,8.86,8.46,8.57,9.47,10.22,9.4,9.98,10.08,10.38
1977-01,6.66,0.52,2.32,4.41,0.28,1.15,2.48,3.26,4.8,0.66,-0.21,1.1,1.19,3.2,1.65,3.2,3.31,4.04,5.42
1977-02,1.46,-1.57,-0.54,0.69,-1.39,-0.92,-0.83,-0.45,1.06,-1.67,-1.04,-1.96,0.03,-1.29,-0.31,-0.59,-0.34,1.1,1.02
1977-03,2.05,0.26,0.7,1.2,0.27,0.51,0.59,0.7,1.42,0.26,0.29,0.24,0.76,-0.09,1.36,0.83,0.58,1.36,1.48
1977-04,2.87,0.41,1.7,2.26,0.47,0.73,2.04,1.62,2.48,0.22,0.8,0.26,1.17,2.36,1.67,1.61,1.63,2.44,2.52
1977-05,0.25,-0.18,-0.02,0.72,-0.5,-0.12,0.58,-0.11,0.92,-0.88,-0.01,0.54,-0.74,0.82,0.31,-0.39,0.15,1.72,0.27
1977-06,6.09,6.17,5.3,5.53,6.36,5.33,5.22,5.51,5.62,5.88,6.96,5.72,4.97,5.11,5.35,5.77,5.28,5.18,5.98
1977-07,2.85,0.31,0.43,1.29,0.19,0.99,-0.18,0.67,1.45,0.11,0.3,0.57,1.46,-0.55,0.19,0.57,0.78,1.09,1.66
1977-08,-1.75,0.2,-0.74,-1.11,0.4,-0.29,-0.99,-0.47,-1.37,0.07,0.85,-0.28,-0.29,-1.55,-0.43,-0.71,-0.24,-1.75,-1.15
1977-09,0.97,0.57,1.03,1.83,0.2,1.26,0.65,2.13,1.59,0.1,0.33,1.41,1.09,1.37,-0.07,1.61,2.64,1.82,1.45
1977-10,-4.02,-3.4,-2.25,-1.62,-3.6,-2.99,-2.12,-1.6,-1.69,-3.58,-3.62,-2.94,-3.05,-2.17,-2.07,-1.81,-1.39,-1.48,-1.82
1977-11,7.82,7.43,7.39,7.3,8.1,6.55,7.64,7.01,7.39,8.77,7.2,5.88,7.33,6.88,8.39,7.03,6.99,7.17,7.52
1977-12,1.88,2.23,1.6,2.24,2.25,2.16,1.24,1.52,2.52,2.47,1.96,2.18,2.14,0.99,1.48,1.74,1.31,2.67,2.43
1978-01,2.7,-2.26,-2.91,-0.78,-2.08,-3.3,-2.89,-2.08,-0.37,-1.8,-2.47,-2.67,-4.03,-2.99,-2.79,-2.02,-2.13,-0.81,-0.11
1978-02,3.32,1.29,1.95,3.33,1.19,1.72,1.69,2.72,3.41,1.52,0.74,1.53,1.94,1.52,1.87,2.37,3.06,3.23,3.51
1978-03,9.4,6.79,6.2,6.9,7.18,6.31,5.95,6.16,7.1,7.18,7.17,5.89,6.8,6.53,5.38,6.09,6.23,6.98,7.17
1978-04,10.83,9.13,7.78,7.38,9.42,8.02,8.46,6.81,7.58,9.73,8.99,8.45,7.52,8.4,8.51,6.9,6.72,7.84,7.43
1978-05,12.55,7.19,5.59,7.1,7.44,6.34,5.02,6.33,7.29,7.47,7.4,6.62,6.01,4.44,5.59,6.19,6.46,6.38,7.81
1978-06,2.72,0.65,0.21,0.73,1.03,-0.39,0.42,0.38,0.87,1.73,0.07,-0.24,-0.56,0.08,0.76,0.5,0.25,0.18,1.27
1978-07,4.0,6.07,5.2,5.38,6.26,5.85,4.76,4.96,5.54,6.31,6.19,5.52,6.22,5.19,4.33,4.98,4.95,6.11,5.14
1978-08,14.14,9.56,7.97,9.56,9.53,8.38,7.7,8.4,10.32,8.8,10.72,9.65,6.97,7.29,8.13,9.47,7.47,8.32,11.69
1978-09,3.02,-0.08,0.04,0.08,0.13,-0.07,-0.37,0.27,0.01,0.93,-1.17,-0.67,0.6,-0.74,0.01,0.25,0.29,-0.47,0.34
1978-10,-23.22,-20.73,-16.52,-18.33,-21.29,-18.06,-16.48,-16.87,-18.69,-22.08,-20.0,-19.18,-16.81,-16.38,-16.58,-16.32,-17.35,-17.26,-19.68
1978-11,2.17,6.35,4.1,4.19,6.05,5.92,3.59,4.75,3.95,5.45,7.02,7.16,4.53,3.54,3.64,4.61,4.87,3.47,4.28
1978-12,-1.74,2.05,1.16,1.61,2.02,1.77,1.21,0.91,1.85,1.77,2.44,2.11,1.4,1.38,1.03,0.84,0.97,2.04,1.71
1979-01,15.15,9.65,8.38,9.66,10.14,8.43,8.62,8.87,9.59,10.35,9.82,8.29,8.59,8.45,8.79,7.73,9.84,8.95,10.03
1979-02,-2.92,-2.4,-2.3,-2.04,-2.43,-2.51,-2.07,-2.4,-1.88,-1.96,-3.19,-2.31,-2.73,-1.81,-2.33,-2.3,-2.48,-2.06,-1.76
1979-03,9.56,9.83,7.45,8.09,10.44,8.04,7.0,7.84,8.18,10.94,9.62,8.17,7.9,7.16,6.83,7.83,7.86,8.68,7.84
1979-04,4.02,2.23,2.51,2.65,2.15,2.07,2.97,2.73,2.56,2.61,1.4,2.48,1.62,2.25,3.71,2.57,2.88,1.64,3.2
1979-05,-0.18,-1.46,-0.86,-1.11,-1.76,-0.69,-1.19,-1.13,-0.86,-1.8,-1.7,-0.59,-0.79,-0.22,-2.16,-0.33,-1.81,-0.94,-0.81
1979-06,5.67,6.23,5.21,4.53,6.59,5.16,5.3,4.73,4.58,7.25,5.51,5.21,5.1,5.19,5.41,5.14,4.38,3.7,5.18
1979-07,-0.45,2.14,2.47,3.28,2.04,2.31,2.89,2.42,3.41,2.15,1.87,2.47,2.13,2.84,2.95,1.94,2.91,3.16,3.61
1979-08,8.44,8.06,7.24,7.51,7.93,8.47,6.57,6.88,7.94,7.7,8.32,8.47,8.46,6.76,6.35,7.45,6.32,7.93,7.94
1979-09,-0.75,0.63,-0.42,-1.11,0.6,0.35,-0.21,-1.15,-1.13,0.95,0.02,0.72,-0.05,-0.7,0.39,-1.24,-1.06,-0.69,-1.47
1979-10,-9.95,-9.69,-9.09,-10.06,-10.0,-8.48,-9.57,-9.39,-10.13,-10.68,-8.86,-8.7,-8.24,-9.86,-9.24,-8.92,-9.86,-9.92,-10.3
1979-11,5.7,8.12,6.44,5.61,8.55,6.8,6.48,5.78,5.6,9.03,7.76,6.76,6.83,6.95,5.92,5.96,5.61,6.11,5.21
1979-12,9.53,7.98,5.3,5.43,8.76,5.72,5.25,4.74,5.66,9.51,7.52,5.48,5.98,4.81,5.78,4.71,4.78,4.58,6.5
1980-01,17.45,11.65,7.44,8.46,12.34,8.5,7.82,7.22,8.71,14.35,9.0,9.45,7.46,8.01,7.6,6.65,7.8,8.07,9.21
1980-02,3.71,-0.32,-1.64,-2.99,-0.01,-0.94,-1.84,-2.94,-2.76,0.46,-0.79,-1.3,-0.56,-1.93,-1.73,-2.28,-3.61,-3.15,-2.45
1980-03,-22.2,-17.35,-14.05,-15.1,-17.91,-15.12,-13.94,-13.41,-15.84,-19.09,-15.97,-15.56,-14.63,-14.15,-13.68,-13.71,-13.11,-15.37,-16.2
1980-04,3.21,5.52,5.96,4.87,5.33,6.18,5.72,5.75,4.7,5.28,5.41,6.14,6.22,5.92,5.48,6.18,5.32,5.29,4.24
1980-05,4.7,7.39,6.97,8.08,7.73,6.47,7.19,7.08,8.35,7.26,8.5,6.32,6.64,6.86,7.59,6.81,7.35,8.04,8.59
1980-06,2.69,3.89,4.42,4.41,3.92,3.66,4.8,4.41,4.43,4.0,3.8,3.77,3.53,4.79,4.8,4.5,4.33,4.08,4.71
1980-07,6.54,12.26,8.89,7.86,12.83,10.69,9.06,6.54,8.32,12.26,13.83,10.39,11.05,8.85,9.28,6.37,6.69,7.38,9.01
1980-08,7.31,9.35,5.17,4.91,9.65,7.28,5.4,3.75,5.44,10.96,7.32,8.39,5.95,5.56,5.23,3.91,3.6,4.88,5.84
1980-09,7.06,5.56,3.51,3.53,6.19,3.78,3.12,3.16,3.88,6.83,5.06,3.49,4.13,3.01,3.24,3.72,2.67,3.05,4.48
1980-10,3.34,5.79,2.58,2.85,6.33,3.95,2.69,1.39,3.32,7.54,4.19,4.03,3.85,3.28,2.08,1.06,1.68,2.45,3.96
1980-11,7.14,10.58,4.77,3.57,11.93,5.49,5.46,3.45,3.59,13.5,9.13,6.17,4.66,5.46,5.46,3.35,3.53,3.02,4.01
1980-12,-5.03,-4.55,-2.25,-1.46,-4.44,-3.96,-2.41,-0.99,-1.78,-4.59,-4.17,-4.91,-2.8,-2.44,-2.38,-1.36,-0.67,-0.59,-2.64
1981-01,2.41,-2.0,1.53,1.69,-2.6,0.19,1.77,1.61,1.86,-2.87,-2.13,-0.06,0.5,1.73,1.81,2.01,1.27,2.13,1.67
1981-02,0.76,-0.26,1.75,1.62,-0.56,1.07,1.94,1.66,1.56,-1.65,1.39,0.69,1.52,2.18,1.7,1.53,1.77,1.78,1.4
1981-03,7.1,7.95,8.17,7.97,7.62,8.21,8.33,7.72,8.44,7.6,7.67,9.02,7.23,7.66,9.02,8.75,6.84,7.68,8.99
1981-04,0.83,3.22,2.83,4.01,3.25,3.1,2.81,3.85,3.65,2.79,4.1,3.12,3.08,3.68,1.94,2.62,4.91,3.49,3.76
1981-05,5.17,3.64,2.61,2.34,3.8,2.53,3.06,2.7,2.07,3.96,3.5,3.1,1.84,3.56,2.56,2.37,2.99,2.24,1.94
1981-06,-3.79,-3.12,1.59,2.13,-3.74,-0.35,1.66,2.82,1.72,-4.43,-2.49,-1.08,0.54,1.92,1.4,2.45,3.14,2.06,1.47
1981-07,-3.42,-2.69,-1.94,-1.43,-2.42,-3.13,-1.48,-2.21,-1.16,-2.43,-2.41,-3.65,-2.55,-1.06,-1.86,-2.24,-2.18,-0.96,-1.3
1981-08,-10.31,-9.74,-6.06,-4.5,-10.25,-7.43,-6.22,-4.8,-4.45,-10.88,-9.02,-7.95,-6.87,-6.57,-5.92,-4.94,-4.65,-4.18,-4.63
1981-09,-12.04,-10.58,-6.57,-5.39,-11.51,-7.37,-6.18,-5.97,-5.34,-12.47,-9.66,-7.28,-7.46,-6.43,-5.96,-6.42,-5.5,-4.54,-5.86
1981-10,5.65,9.53,6.75,5.78,10.34,7.35,6.02,6.51,5.62,10.5,10.04,6.61,8.17,6.37,5.7,6.79,6.23,5.16,5.92
1981-11,-3.73,0.71,3.78,4.33,0.13,2.65,4.0,4.66,4.22,-0.53,1.41,2.82,2.48,3.11,4.8,4.69,4.63,5.64,3.3
1981-12,-4.44,-2.89,-1.05,-1.01,-2.98,-2.27,-0.8,-1.12,-0.79,-3.67,-1.64,-2.57,-1.94,-0.89,-0.71,-0.67,-1.59,-0.19,-1.18
1982-01,-0.61,-2.86,-2.04,-0.83,-3.22,-2.02,-1.53,-2.07,-0.58,-3.9,-1.88,-1.57,-2.51,-2.06,-1.05,-2.61,-1.52,-0.42,-0.69
1982-02,-5.57,-6.31,-2.95,-1.22,-6.88,-4.04,-2.8,-1.85,-1.19,-7.86,-4.97,-4.24,-3.82,-3.07,-2.56,-2.38,-1.3,-1.19,-1.18
1982-03,-2.42,-2.08,-0.18,0.6,-2.54,-0.01,-0.54,0.61,0.34,-3.24,-1.18,-0.42,0.43,-0.75,-0.36,-0.06,1.31,0.1,0.49
1982-04,3.58,6.23,5.69,4.72,6.44,5.75,6.1,4.48,4.83,6.3,6.71,5.51,6.02,6.53,5.72,4.52,4.43,4.55,5.0
1982-05,-3.47,-2.83,-2.03,-1.38,-2.71,-2.98,-1.86,-1.51,-1.42,-2.44,-3.23,-3.29,-2.64,-1.93,-1.79,-1.76,-1.26,-1.41,-1.43
1982-06,-4.71,-4.69,-1.49,-1.39,-5.22,-2.04,-1.52,-1.82,-1.21,-6.25,-3.21,-2.83,-1.17,-1.36,-1.66,-1.74,-1.91,-1.52,-1.0
1982-07,-2.21,-2.27,-1.28,-1.3,-2.33,-1.67,-1.62,-1.16,-1.13,-2.85,-1.29,-2.04,-1.25,-1.03,-2.2,-0.57,-1.7,-1.56,-0.8
1982-08,3.83,6.72,7.73,7.15,6.36,8.32,7.75,7.64,6.58,6.06,6.98,8.07,8.61,7.37,8.14,6.71,8.48,7.45,5.91
1982-09,2.24,2.21,3.57,4.99,2.21,2.34,3.44,4.68,5.26,1.91,2.83,2.2,2.52,2.82,4.05,5.01,4.38,6.01,4.69
1982-10,13.09,15.02,12.5,11.67,14.93,14.39,12.18,11.81,11.85,15.41,13.96,15.38,13.22,12.16,12.2,12.42,11.26,11.4,12.19
1982-11,10.68,9.28,8.66,9.22,9.42,8.71,8.58,8.71,9.49,9.88,8.51,8.74,8.67,9.11,8.05,8.82,8.6,8.34,10.38
1982-12,2.76,2.53,1.93,1.87,3.01,1.44,2.21,1.25,2.02,3.29,2.45,0.72,2.28,1.94,2.47,0.94,1.54,1.8,2.19
1983-01,22.04,11.64,5.95,6.81,12.62,7.0,5.82,5.95,7.31,13.62,10.6,7.9,5.93,6.91,4.73,6.25,5.68,6.3,8.1
1983-02,7.62,4.29,5.38,6.21,3.81,5.4,5.03,6.52,6.27,3.24,4.95,6.1,4.57,5.3,4.75,7.02,6.06,7.07,5.64
1983-03,7.51,3.51,5.38,6.16,3.1,4.88,5.25,6.35,6.12,2.39,4.53,5.06,4.67,4.56,5.94,6.45,6.25,5.19,6.85
1983-04,8.82,7.37,7.46,8.28,7.68,6.88,6.92,8.03,8.54,7.8,7.43,6.22,7.66,5.93,7.93,8.4,7.68,9.23,8.0
1983-05,13.54,11.22,6.55,6.39,11.73,8.05,7.35,5.29,6.7,13.16,8.85,9.33,6.53,9.41,5.26,4.85,5.7,6.98,6.47
1983-06,6.92,5.78,4.04,2.87,5.88,5.18,4.18,2.89,2.79,6.07,5.51,5.37,4.96,4.42,3.95,2.72,3.06,1.83,3.55
1983-07,-1.54,-4.35,-1.31,0.93,-4.6,-2.84,-1.57,0.24,1.14,-4.43,-4.93,-3.45,-2.19,-2.29,-0.89,-0.04,0.53,0.61,1.51
1983-08,-5.67,-4.42,-2.29,-0.12,-4.66,-3.03,-2.87,-0.69,0.02,-5.28,-3.43,-3.55,-2.46,-3.42,-2.35,-1.0,-0.39,0.07,-0.01
1983-09,-2.69,0.32,2.15,2.23,-0.11,2.05,1.9,2.44,2.2,-0.58,0.82,1.93,2.18,2.24,1.58,2.6,2.28,2.78,1.8
1983-10,-7.14,-7.88,-4.01,-2.34,-8.7,-4.52,-4.15,-2.75,-2.56,-9.68,-6.75,-4.85,-4.16,-4.64,-3.69,-3.6,-1.91,-1.88,-3.04
1983-11,0.83,4.9,3.85,2.87,4.87,4.82,3.52,3.7,2.49,4.45,5.69,5.01,4.61,3.46,3.58,3.78,3.61,2.91,2.19
1983-12,-4.19,-2.77,-0.48,-0.52,-3.01,-1.45,-0.3,-0.5,-0.47,-3.58,-1.88,-1.89,-0.98,-0.55,-0.07,-0.38,-0.62,-0.01,-0.8
1984-01,3.12,-2.3,0.04,1.68,-2.31,-1.92,0.37,1.16,1.79,-2.07,-2.78,-2.28,-1.52,-0.29,0.98,0.84,1.47,1.89,1.71
1984-02,-5.92,-7.01,-5.19,-3.63,-7.3,-5.73,-5.34,-4.54,-3.2,-7.17,-7.56,-5.96,-5.47,-4.9,-5.76,-4.64,-4.45,-2.63,-3.61
1984-03,0.79,-0.17,1.24,2.24,-0.37,1.01,0.93,2.03,2.11,-0.83,0.55,0.56,1.5,0.12,1.69,1.58,2.49,1.01,2.9
1984-04,-4.38,-2.23,0.28,-0.9,-2.45,-0.5,0.42,-0.69,-0.73,-3.03,-1.33,-1.4,0.47,0.23,0.6,-0.16,-1.23,-0.34,-1.01
1984-05,-6.58,-5.6,-3.55,-3.06,-5.86,-4.33,-3.61,-3.39,-2.69,-6.26,-5.08,-4.61,-4.02,-3.52,-3.7,-3.0,-3.79,-2.46,-2.85
1984-06,0.53,2.28,3.2,1.11,2.02,3.83,2.62,2.68,0.55,1.43,3.17,3.27,4.45,2.19,3.03,3.15,2.19,1.15,0.12
1984-07,-8.33,-5.35,-2.86,-1.32,-5.95,-3.48,-2.64,-1.96,-1.15,-6.44,-5.13,-3.28,-3.76,-2.68,-2.6,-2.44,-1.6,-1.38,-0.87
1984-08,6.91,11.6,9.63,9.47,11.58,10.82,9.3,9.86,9.49,11.21,12.19,11.69,9.55,9.24,9.37,10.4,9.44,9.71,9.22
1984-09,-1.59,-2.14,0.86,2.86,-2.84,0.3,0.87,1.8,3.3,-3.08,-2.45,0.26,0.36,1.22,0.49,1.31,2.17,2.78,3.92
1984-10,-6.4,-2.52,-0.94,1.5,-3.14,-0.98,-0.92,0.54,1.79,-4.02,-1.69,-0.38,-1.86,-1.62,-0.16,-0.11,1.03,1.25,2.43
1984-11,-7.27,-4.47,-1.27,-0.19,-4.96,-2.33,-1.05,-1.0,0.14,-6.09,-3.09,-2.78,-1.68,-1.54,-0.52,-1.35,-0.73,0.64,-0.45
1984-12,-1.32,0.6,1.63,2.56,0.25,1.51,1.29,2.68,2.57,-0.06,0.77,1.81,1.07,1.19,1.4,2.87,2.54,2.78,2.34
1985-01,13.41,14.78,12.18,8.47,14.82,13.91,12.24,9.98,8.2,15.42,13.83,14.64,12.87,12.48,11.98,11.38,8.89,8.24,8.16
1985-02,7.23,4.1,4.28,3.36,4.24,3.78,4.49,4.04,2.98,4.45,3.89,3.63,4.0,4.88,4.07,4.12,3.97,3.13,2.79
1985-03,-0.51,-3.51,-0.94,1.43,-3.88,-2.05,-0.77,0.3,1.77,-4.64,-2.62,-2.21,-1.81,-0.8,-0.75,-0.44,0.88,1.51,2.07
1985-04,-3.24,-2.49,-0.46,1.32,-2.64,-1.18,-0.92,0.44,1.74,-2.98,-2.09,-1.95,-0.09,-1.38,-0.42,0.16,0.66,2.15,1.24
1985-05,-0.33,2.74,4.94,3.74,2.29,4.64,4.89,4.14,3.89,1.58,3.44,4.35,5.05,5.23,4.51,4.96,3.51,3.53,4.3
1985-06,-2.37,-0.05,1.24,2.96,-0.31,0.84,1.52,1.78,3.34,-0.96,0.77,0.83,0.85,1.52,1.52,1.03,2.37,3.19,3.51
1985-07,1.76,2.14,1.92,0.57,1.99,2.24,2.48,0.79,0.52,2.05,1.9,2.65,1.81,2.4,2.59,0.94,0.67,-0.56,1.43
1985-08,-1.35,-1.41,-0.47,0.27,-1.27,-1.55,-0.53,0.51,0.08,-1.55,-0.87,-1.91,-1.16,-0.48,-0.6,0.39,0.63,0.89,-0.6
1985-09,-8.08,-6.51,-4.21,-4.24,-6.78,-5.02,-4.44,-3.55,-4.57,-7.44,-5.83,-5.51,-4.49,-5.01,-3.73,-3.47,-3.63,-4.07,-4.99
1985-10,-1.33,1.88,3.6,4.13,1.58,3.17,3.61,3.98,4.12,1.35,1.93,2.96,3.39,3.48,3.77,3.8,4.15,4.38,3.9
1985-11,2.82,6.34,6.07,6.42,6.15,6.32,6.24,6.55,6.17,5.29,7.4,7.0,5.61,6.2,6.28,6.2,6.87,5.67,6.6
1985-12,-0.04,3.35,4.22,4.13,3.14,4.04,4.44,4.07,4.15,2.55,4.0,4.11,3.96,4.32,4.6,4.05,4.09,3.85,4.4
1986-01,6.75,2.87,2.63,3.71,2.95,2.81,1.87,3.04,4.36,3.37,2.36,2.57,3.06,1.79,1.97,3.64,2.49,3.24,5.32
1986-02,5.4,5.18,6.77,8.45,4.68,6.63,6.61,8.03,8.47,3.93,5.77,6.97,6.28,6.58,6.64,7.58,8.43,7.93,8.92
1986-03,4.59,3.6,5.73,6.31,3.55,4.52,5.44,5.48,7.37,3.85,3.13,3.77,5.3,5.45,5.44,6.75,4.34,6.07,8.46
1986-04,2.36,1.28,0.97,0.24,1.44,1.32,0.58,0.8,-0.12,0.94,2.15,0.7,1.96,0.45,0.73,0.67,0.92,-0.2,-0.06
1986-05,3.52,3.59,3.95,3.68,3.21,4.19,3.76,4.29,3.63,3.91,2.21,4.92,3.43,4.18,3.25,4.86,3.77,3.93,3.37
1986-06,0.92,-0.57,0.73,2.16,-0.51,-0.21,0.2,1.66,2.65,0.18,-1.47,-0.78,0.39,-0.12,0.6,2.11,1.25,3.62,1.82
1986-07,-8.59,-9.27,-7.74,-4.72,-9.17,-8.66,-7.98,-5.88,-4.77,-9.78,-8.23,-9.59,-7.74,-8.89,-7.22,-7.29,-4.64,-3.77,-5.79
1986-08,0.31,2.01,4.09,3.09,2.08,2.82,4.15,3.23,3.55,2.41,1.56,1.81,3.82,4.55,3.81,4.26,2.32,3.65,3.45
1986-09,-5.38,-7.49,-6.31,-5.45,-7.4,-7.73,-6.24,-4.89,-5.81,-7.47,-7.29,-7.79,-7.66,-6.73,-5.82,-4.93,-4.85,-5.39,-6.25
1986-10,1.88,3.24,3.58,3.03,3.03,4.16,3.9,3.1,2.45,2.6,3.7,3.91,4.4,3.79,3.99,2.05,4.03,2.61,2.28
1986-11,-1.93,-0.4,0.45,0.12,-0.69,0.32,0.79,-0.02,0.3,-1.8,1.01,0.54,0.1,0.72,0.85,0.17,-0.19,0.54,0.06
1986-12,-4.45,-3.79,-2.54,-2.98,-3.76,-3.72,-1.97,-2.56,-3.19,-3.64,-3.95,-3.87,-3.58,-1.46,-2.4,-2.49,-2.62,-3.92,-2.42
1987-01,13.59,11.59,11.19,10.51,11.62,11.59,11.12,10.67,10.48,12.26,10.65,11.5,11.69,10.87,11.32,10.77,10.58,10.89,10.03
1987-02,10.06,8.46,6.64,5.25,8.74,7.16,6.75,5.74,5.2,9.0,8.35,7.52,6.81,6.75,6.75,6.21,5.34,5.27,5.12
1987-03,6.84,1.86,2.19,2.01,1.96,1.8,1.78,2.68,1.84,2.5,1.15,1.49,2.1,2.85,0.89,3.11,2.31,1.79,1.89
1987-04,0.59,-3.19,-2.6,-3.2,-3.3,-3.05,-2.53,-2.24,-3.64,-2.84,-4.0,-2.83,-3.27,-2.44,-2.6,-1.99,-2.46,-2.84,-4.5
1987-05,1.83,0.33,-0.12,-0.18,0.41,0.12,-0.14,0.02,-0.54,0.13,0.84,0.04,0.2,-0.03,-0.23,-0.45,0.42,-0.69,-0.37
1987-06,2.29,1.94,4.35,3.41,1.56,3.9,4.57,3.37,3.6,0.89,2.58,3.22,4.57,5.94,3.43,3.67,3.1,3.78,3.41
1987-07,4.6,3.33,3.84,2.39,2.84,4.05,4.45,2.89,2.4,2.26,3.49,4.79,3.1,4.25,4.66,3.38,2.37,3.06,1.72
1987-08,-0.45,1.95,2.91,3.68,1.72,3.1,2.34,3.49,3.67,0.97,2.58,2.65,3.66,2.35,2.33,3.3,3.69,3.3,4.05
1987-09,-1.73,-1.72,-1.18,-1.14,-1.61,-1.77,-1.39,-1.17,-0.86,-1.49,-1.75,-2.05,-1.41,-1.86,-0.89,-0.59,-1.79,-0.12,-1.64
1987-10,-31.25,-30.04,-27.36,-23.9,-30.69,-28.27,-27.77,-24.32,-24.3,-31.67,-29.55,-28.09,-28.5,-28.17,-27.35,-25.58,-22.96,-23.38,-25.27
1987-11,-7.01,-6.65,-4.72,-3.62,-6.77,-5.34,-5.58,-3.54,-3.72,-6.76,-6.78,-6.31,-4.12,-5.7,-5.45,-3.68,-3.39,-2.73,-4.76
1987-12,-0.3,5.47,6.61,3.62,4.78,7.89,6.82,3.84,3.86,2.8,7.1,7.52,8.36,6.6,7.06,4.61,3.05,3.33,4.42
1988-01,10.7,6.17,6.28,6.97,6.57,5.25,6.36,6.71,7.11,6.96,6.1,4.98,5.6,6.26,6.45,6.75,6.67,5.85,8.42
1988-02,6.76,6.72,8.13,6.31,6.18,8.19,8.37,7.2,6.2,5.03,7.52,8.36,7.99,8.23,8.53,7.81,6.56,6.61,5.78
1988-03,4.42,3.88,3.64,2.59,3.99,3.35,4.56,2.62,2.49,4.34,3.57,3.55,3.08,4.19,4.95,2.44,2.81,2.37,2.62
1988-04,2.06,1.37,1.26,1.41,1.62,0.79,1.62,1.11,1.43,1.62,1.61,0.66,0.97,2.1,1.12,0.87,1.36,1.64,1.21
1988-05,-2.13,-2.27,-1.37,-0.52,-2.9,-1.01,-0.85,-1.53,-0.27,-3.46,-2.25,-0.4,-1.79,0.05,-1.8,-1.94,-1.1,0.3,-0.87
1988-06,3.62,6.68,6.36,5.86,6.62,6.71,6.37,6.13,5.77,6.09,7.25,6.86,6.52,6.0,6.76,6.18,6.07,6.07,5.45
1988-07,0.56,-1.61,-0.37,0.69,-1.47,-1.08,-0.19,-0.12,0.67,-0.74,-2.57,-2.11,-0.09,-0.49,0.11,-1.05,0.74,-0.28,1.56
1988-08,-3.27,-2.46,-1.82,-1.47,-2.51,-2.04,-2.0,-1.33,-1.56,-3.15,-1.54,-2.26,-1.83,-2.46,-1.52,-1.41,-1.25,-1.7,-1.43
1988-09,0.71,2.91,3.02,3.25,2.74,3.08,3.22,2.86,3.48,3.03,2.31,3.48,2.71,3.74,2.68,2.98,2.74,3.99,2.99
1988-10,-3.93,-1.44,0.38,0.19,-1.82,-0.21,0.4,0.68,0.13,-2.1,-1.39,-0.16,-0.25,0.43,0.37,1.07,0.32,0.24,0.02
1988-11,-6.09,-3.66,-2.83,-3.4,-3.81,-2.95,-2.97,-2.67,-3.71,-4.15,-3.29,-3.16,-2.75,-2.76,-3.19,-2.63,-2.7,-2.94,-4.44
1988-12,0.98,3.74,3.14,3.12,3.86,3.04,3.49,2.85,3.24,3.51,4.4,3.32,2.77,4.11,2.85,2.85,2.86,3.32,3.17
1989-01,9.7,5.29,4.91,5.95,5.54,4.53,5.3,4.67,6.41,5.84,5.09,4.43,4.62,5.25,5.36,4.41,4.91,5.88,6.91
1989-02,0.9,0.08,0.47,0.58,-0.05,0.61,0.31,0.97,0.24,0.08,-0.26,0.55,0.67,0.46,0.15,0.55,1.36,0.09,0.38
1989-03,1.5,1.81,2.35,2.55,1.75,2.03,2.85,2.17,2.48,1.54,2.08,1.99,2.07,2.19,3.54,1.59,2.69,2.12,2.82
1989-04,3.1,4.18,3.4,4.03,3.94,4.46,3.44,3.75,3.71,3.52,4.59,5.01,3.95,2.81,4.1,2.66,4.75,3.9,3.54
1989-05,2.35,4.1,3.5,3.58,3.91,4.21,3.41,3.69,3.46,3.08,5.16,4.77,3.67,3.32,3.5,3.52,3.86,4.01,2.96
1989-06,-2.06,-2.01,-0.45,-0.44,-1.85,-2.23,-0.34,0.65,-0.75,-1.26,-2.76,-2.52,-1.96,0.17,-0.86,1.07,0.27,-0.7,-0.8
1989-07,0.32,4.23,4.45,3.84,3.48,5.52,5.06,3.47,3.99,2.79,4.65,6.7,4.23,5.45,4.64,3.44,3.49,4.76,3.32
1989-08,0.69,1.39,2.41,3.13,1.53,1.33,2.42,2.91,3.3,0.98,2.47,0.93,1.77,2.69,2.12,3.06,2.76,2.68,3.84
1989-09,0.66,0.0,0.08,-0.11,-0.02,0.13,0.37,-0.45,-0.03,-0.22,0.31,0.09,0.18,1.04,-0.36,-0.61,-0.27,0.85,-0.8
1989-10,-6.11,-4.14,-4.95,-5.1,-4.19,-4.49,-5.17,-4.01,-5.81,-3.94,-4.61,-4.0,-5.01,-5.24,-5.09,-4.45,-3.53,-4.21,-7.2
1989-11,-2.54,-0.45,-0.05,-1.06,-0.6,-0.13,0.8,-0.75,-1.55,-0.8,-0.26,0.06,-0.32,0.88,0.72,-1.49,0.03,-0.94,-2.08
1989-12,-2.72,-0.43,0.58,-1.82,-0.73,0.59,0.59,-0.06,-2.36,-1.25,0.15,0.54,0.64,0.9,0.26,0.49,-0.63,-1.16,-3.41
1990-01,-2.55,-6.57,-6.61,-6.48,-6.17,-7.21,-7.0,-5.96,-6.71,-5.22,-7.77,-7.88,-6.49,-7.22,-6.76,-5.97,-5.95,-6.56,-6.85
1990-02,2.7,1.79,1.84,2.5,2.17,0.79,2.2,1.89,2.79,1.51,3.27,0.55,1.06,2.18,2.23,1.92,1.85,2.23,3.27
1990-03,2.87,3.77,2.75,2.43,3.69,3.12,3.08,2.43,2.56,3.65,3.76,4.05,2.11,3.53,2.61,2.72,2.13,2.48,2.63
1990-04,-1.44,-2.03,-2.73,-4.18,-2.19,-2.12,-2.67,-2.88,-4.71,-1.8,-2.87,-1.49,-2.8,-3.15,-2.17,-2.77,-3.01,-3.62,-5.66
1990-05,4.5,6.77,5.94,4.11,6.88,6.56,6.33,4.46,3.9,6.41,7.68,6.39,6.75,6.22,6.44,4.36,4.57,4.04,3.78
1990-06,2.0,1.32,0.17,-1.07,1.3,1.05,-0.35,0.04,-1.28,0.49,2.68,1.38,0.69,-0.08,-0.63,0.65,-0.61,-0.69,-1.79
1990-07,-2.59,-3.39,-3.03,-3.41,-3.52,-3.02,-3.24,-2.54,-3.75,-3.51,-3.54,-2.96,-3.07,-3.55,-2.9,-2.53,-2.54,-3.78,-3.74
1990-08,-11.74,-12.05,-12.09,-11.91,-12.44,-11.69,-12.49,-10.85,-12.25,-12.05,-13.05,-10.79,-12.62,-12.97,-12.0,-10.61,-11.05,-11.31,-13.11
1990-09,-8.36,-7.88,-6.95,-8.93,-8.15,-7.0,-6.42,-7.64,-9.59,-8.15,-8.16,-7.01,-6.99,-6.6,-6.24,-8.06,-7.26,-9.16,-9.98
1990-10,-7.34,-5.84,-3.97,-5.61,-6.17,-4.34,-4.13,-3.81,-6.29,-7.03,-4.83,-4.78,-3.88,-4.73,-3.52,-3.69,-3.91,-5.7,-6.83
1990-11,1.26,6.16,5.46,5.86,5.61,6.84,5.9,5.27,5.71,5.06,6.47,7.89,5.76,6.14,5.66,4.17,6.24,6.57,4.93
1990-12,-4.06,0.81,2.97,2.78,0.92,2.12,2.61,2.92,2.67,-0.07,2.48,0.43,3.87,2.65,2.56,2.79,3.04,3.33,2.08
1991-01,11.79,8.84,7.95,10.17,8.73,8.52,7.96,8.56,10.65,8.17,9.59,9.2,7.82,9.09,6.78,8.06,9.0,9.13,12.03
1991-02,17.9,11.76,11.51,12.11,11.78,12.2,11.04,11.61,12.17,11.38,12.39,11.73,12.69,10.16,11.96,11.21,11.96,11.02,13.21
1991-03,11.61,8.36,6.31,6.34,8.2,7.52,6.65,5.56,6.72,9.03,6.91,8.86,6.15,6.47,6.84,5.73,5.41,6.03,7.34
1991-04,6.67,1.02,1.49,2.88,1.16,1.17,1.21,1.97,3.18,1.14,1.2,0.57,1.79,0.63,1.81,1.77,2.14,4.68,1.82
1991-05,2.16,3.55,3.69,3.19,3.06,4.26,3.64,3.15,3.55,2.59,3.79,5.11,3.39,3.62,3.67,4.11,2.3,3.85,3.29
1991-06,-3.92,-3.81,-3.63,-3.39,-3.75,-4.1,-4.12,-2.5,-3.55,-3.31,-4.43,-4.0,-4.19,-4.09,-4.15,-1.94,-3.0,-3.51,-3.58
1991-07,2.87,4.56,2.8,3.82,4.73,3.72,2.21,3.73,3.77,5.45,3.57,3.99,3.42,2.33,2.07,3.45,3.98,4.77,3.08
1991-08,4.01,2.6,3.2,3.03,2.69,2.94,3.6,2.55,3.02,2.6,2.84,2.3,3.64,3.3,3.93,1.98,3.05,2.93,3.08
1991-09,2.22,0.64,0.15,0.09,0.69,0.56,0.24,-0.16,0.07,1.07,0.07,0.47,0.66,0.3,0.17,-0.5,0.14,0.33,-0.11
1991-10,3.5,3.07,1.92,1.41,3.56,2.61,1.02,1.73,1.37,3.09,4.31,1.43,3.89,0.27,1.87,1.99,1.51,2.04,0.91
1991-11,-1.86,-2.77,-2.84,-3.1,-2.98,-2.65,-3.34,-2.37,-3.08,-2.81,-3.24,-2.09,-3.25,-3.58,-3.07,-1.47,-3.15,-3.91,-2.5
1991-12,-0.04,6.12,6.7,5.85,5.29,7.86,6.87,6.37,5.65,2.94,9.12,8.9,6.74,7.44,6.23,6.32,6.41,7.6,4.29
1992-01,28.9,10.7,7.2,12.02,11.99,6.17,7.7,8.28,13.05,14.19,8.43,6.39,5.94,8.62,6.67,7.32,9.12,9.15,15.78
1992-02,8.89,2.74,3.27,6.09,3.11,2.0,3.47,3.47,7.04,3.78,2.03,1.52,2.52,3.96,2.93,3.54,3.41,4.9,8.53
1992-03,-0.21,-2.78,-1.94,-0.42,-2.83,-2.77,-1.26,-1.59,-0.26,-2.51,-3.33,-2.61,-2.95,-1.27,-1.25,-2.41,-0.87,0.87,-1.06
1992-04,-6.44,-3.7,-2.14,-2.15,-4.35,-1.95,-2.02,-2.43,-1.96,-5.0,-3.31,-1.53,-2.41,-2.44,-1.56,-2.15,-2.67,-0.59,-2.91
1992-05,0.52,0.06,0.1,0.69,-0.09,-0.09,0.59,0.62,0.48,-0.26,0.18,0.57,-0.82,0.58,0.6,-0.11,1.26,-0.07,0.87
1992-06,-5.98,-4.79,-3.68,-3.44,-5.15,-3.95,-3.69,-3.38,-3.38,-5.81,-4.11,-3.63,-4.3,-3.74,-3.64,-3.11,-3.61,-3.21,-3.5
1992-07,0.78,2.51,2.76,3.29,2.16,2.57,3.41,3.1,3.29,1.7,2.85,3.72,1.49,3.21,3.61,2.92,3.32,3.11,3.41
1992-08,-4.96,-2.25,-1.88,-1.65,-2.75,-1.55,-2.11,-0.72,-1.95,-2.69,-2.84,-0.53,-2.51,-2.77,-1.43,-0.8,-0.62,-1.53,-2.25
1992-09,0.84,1.23,1.9,1.97,1.07,1.72,2.05,1.83,2.02,0.99,1.2,1.78,1.66,1.77,2.33,1.86,1.79,2.3,1.82
1992-10,1.12,2.92,2.77,2.41,3.24,2.46,3.08,2.07,2.44,3.58,2.73,1.82,3.07,3.51,2.66,1.85,2.31,2.33,2.51
1992-11,8.35,8.14,6.74,6.84,8.46,7.89,6.24,5.28,7.4,8.03,9.12,7.05,8.69,6.34,6.13,5.6,4.91,5.83,8.54
1992-12,3.9,2.47,3.42,4.93,2.81,2.32,3.2,3.83,5.3,2.85,2.74,1.29,3.3,3.5,2.9,3.96,3.67,5.62,5.06
1993-01,10.3,4.56,3.7,5.7,4.84,3.48,3.65,3.75,6.39,4.96,4.65,3.59,3.38,4.07,3.21,4.14,3.3,4.0,8.14
1993-02,-1.26,-3.28,-1.56,0.53,-3.78,-2.73,-1.02,0.15,0.55,-4.34,-2.94,-1.57,-3.84,-1.77,-0.25,-0.13,0.46,0.66,0.47
1993-03,2.26,2.72,2.68,2.84,2.59,2.8,3.29,2.26,2.86,2.81,2.26,3.17,2.45,2.99,3.6,1.81,2.77,2.06,3.44
1993-04,-0.76,-3.42,-2.42,-2.1,-3.2,-3.67,-2.03,-2.06,-2.19,-3.0,-3.5,-4.17,-3.2,-2.34,-1.72,-2.31,-1.78,-1.94,-2.37
1993-05,5.96,5.26,3.94,2.53,5.22,4.67,4.5,2.63,2.57,6.58,3.15,5.4,3.98,4.06,4.94,2.87,2.37,2.07,2.95
1993-06,2.79,0.45,0.27,1.44,0.55,-0.09,-0.2,1.2,1.68,0.68,0.36,0.08,-0.26,0.56,-0.97,1.71,0.63,1.9,1.52
1993-07,1.27,0.18,0.72,1.56,0.09,0.26,0.54,0.89,2.07,0.34,-0.23,0.41,0.09,1.18,-0.12,1.72,-0.01,1.94,2.15
1993-08,4.07,4.05,3.59,3.68,4.07,3.26,4.35,3.09,3.95,3.85,4.36,4.0,2.36,4.71,3.98,3.32,2.84,4.3,3.73
1993-09,3.63,2.62,1.9,2.17,2.7,2.03,2.2,1.53,2.42,2.47,3.0,2.4,1.58,2.0,2.4,1.65,1.41,1.7,2.89
1993-10,6.22,3.92,2.53,3.04,4.2,3.06,1.89,2.92,3.23,4.25,4.12,3.15,2.96,2.15,1.62,3.35,2.45,2.71,3.56
1993-11,-3.61,-1.79,-1.87,-1.92,-1.84,-1.68,-1.83,-2.29,-1.74,-1.89,-1.77,-1.66,-1.71,-1.78,-1.87,-2.11,-2.48,-1.63,-1.81
1993-12,-1.15,1.75,3.21,2.05,1.16,3.47,3.35,2.35,2.05,-0.61,3.5,3.44,3.51,3.16,3.54,2.63,2.04,2.12,2.0
1994-01,7.95,4.06,3.21,3.8,4.06,3.74,3.27,3.23,3.88,4.19,3.9,4.04,3.36,3.53,3.0,2.93,3.55,2.95,4.48
1994-02,-1.27,-0.37,-0.08,-0.17,-0.58,0.28,-0.28,-0.02,-0.26,-0.84,-0.25,0.22,0.35,0.53,-1.14,-0.11,0.08,-1.13,0.32
1994-03,-5.2,-4.74,-4.05,-3.71,-4.64,-4.61,-4.47,-3.18,-3.88,-4.28,-5.11,-5.02,-4.1,-4.76,-4.16,-3.18,-3.19,-3.42,-4.17
1994-04,-3.79,-1.15,0.06,0.15,-1.48,-0.6,0.2,0.36,0.27,-1.91,-0.91,-0.22,-1.07,0.05,0.36,0.9,-0.22,0.19,0.32
1994-05,-0.64,-1.24,-0.1,0.71,-1.21,-0.85,-0.22,0.71,0.56,-1.28,-1.12,-1.34,-0.23,-0.34,-0.08,0.26,1.18,0.07,0.87
1994-06,-5.14,-3.65,-2.06,-1.53,-3.8,-2.69,-2.34,-1.51,-1.55,-3.83,-3.77,-3.23,-2.02,-2.84,-1.82,-1.56,-1.45,-1.6,-1.52
1994-07,0.89,1.93,1.53,1.32,1.49,2.2,1.82,1.18,1.47,1.45,1.54,3.18,0.98,2.53,1.11,1.46,0.93,1.24,1.66
1994-08,3.1,5.36,3.72,3.48,5.62,4.43,3.59,3.43,3.55,5.39,5.92,4.63,4.18,4.34,2.84,3.57,3.3,3.64,3.48
1994-09,1.13,1.57,0.17,0.17,1.95,0.34,0.19,0.11,0.21,1.4,2.68,0.52,0.12,0.31,0.06,0.18,0.06,-0.02,0.4
1994-10,-1.18,1.74,0.57,-0.82,1.67,1.88,0.42,-0.29,-1.01,1.88,1.38,1.97,1.78,-0.24,1.09,-0.27,-0.32,-0.43,-1.5
1994-11,-5.78,-4.32,-3.4,-3.43,-4.51,-4.14,-3.64,-2.57,-3.5,-4.77,-4.16,-3.78,-4.57,-3.56,-3.71,-1.84,-3.22,-2.9,-4.01
1994-12,-3.65,-0.67,0.65,-0.43,-0.93,1.01,0.1,0.12,-0.58,-1.44,-0.25,0.05,2.19,0.36,-0.16,0.28,-0.02,-1.02,-0.21
1995-01,5.59,2.22,1.99,3.36,2.03,2.1,1.99,2.96,3.4,2.16,1.86,2.75,1.3,1.55,2.44,2.61,3.26,3.65,3.19
1995-02,2.81,3.23,3.4,3.66,3.04,4.1,2.92,3.52,3.63,2.38,3.91,3.77,4.5,3.17,2.67,3.28,3.73,3.6,3.67
1995-03,1.66,2.42,1.55,1.36,2.51,2.35,1.43,0.93,1.49,2.65,2.33,2.17,2.58,1.91,0.94,0.82,1.03,1.25,1.68
1995-04,2.41,2.11,2.33,2.39,2.17,1.91,2.54,2.29,2.46,1.99,2.4,1.96,1.84,2.16,2.92,2.37,2.21,2.4,2.51
1995-05,1.7,1.48,1.9,2.92,1.45,1.48,1.86,2.64,2.97,1.1,1.89,1.56,1.38,2.2,1.51,2.46,2.8,2.57,3.29
1995-06,8.02,5.72,3.39,3.86,5.97,4.49,3.24,3.18,4.16,6.23,5.63,5.03,3.82,3.75,2.72,3.29,3.08,3.59,4.63
1995-07,6.63,6.61,4.56,5.15,7.01,5.5,4.08,4.59,5.36,7.46,6.31,5.38,5.66,4.14,4.01,4.5,4.67,4.31,6.17
1995-08,6.04,2.6,1.99,3.64,2.8,1.72,2.02,2.98,3.68,3.6,1.58,1.96,1.42,2.05,2.0,2.39,3.54,3.64,3.72
1995-09,3.96,2.32,2.43,2.66,2.4,2.54,1.61,2.69,2.87,2.14,2.81,2.05,3.15,1.37,1.85,3.22,2.2,2.9,2.85
1995-10,-7.31,-4.79,-3.22,-2.46,-4.83,-4.38,-3.52,-1.95,-2.76,-4.93,-4.68,-4.68,-3.99,-3.61,-3.42,-2.15,-1.76,-2.38,-3.06
1995-11,-1.32,2.66,2.77,2.26,2.58,3.0,2.36,2.67,2.29,2.98,1.97,2.9,3.11,2.62,2.11,3.18,2.19,2.79,1.9
1995-12,0.61,0.01,1.32,1.78,0.14,0.34,1.6,1.39,1.77,-0.12,0.54,-0.38,1.24,1.63,1.56,0.93,1.81,1.96,1.62
1996-01,7.15,0.88,1.39,2.15,0.98,0.94,1.22,1.54,2.48,0.99,0.96,0.56,1.41,2.55,-0.09,1.66,1.42,1.05,3.61
1996-02,6.16,3.68,2.83,2.29,3.94,3.15,2.71,2.39,2.29,4.27,3.42,2.88,3.5,3.44,2.0,2.48,2.3,2.0,2.52
1996-03,3.62,3.02,2.55,2.6,3.09,2.69,2.62,2.29,2.8,3.3,2.76,2.79,2.56,3.4,1.85,2.42,2.16,2.48,3.05
1996-04,7.38,7.74,4.19,4.21,8.39,5.65,4.36,3.84,3.91,8.6,8.05,5.69,5.6,4.97,3.75,2.77,4.87,2.79,4.81
1996-05,11.55,6.5,4.14,5.0,7.12,4.62,4.08,3.69,5.63,7.53,6.46,4.57,4.69,4.56,3.62,3.78,3.6,3.85,7.05
1996-06,-5.21,-4.39,-1.63,-1.22,-4.64,-2.61,-2.36,-1.11,-1.05,-4.46,-4.93,-3.62,-1.38,-2.65,-2.06,-0.6,-1.59,-1.72,-0.52
1996-07,-12.99,-9.71,-5.58,-5.1,-10.6,-6.77,-5.77,-4.46,-5.4,-11.65,-9.1,-7.1,-6.37,-5.95,-5.59,-4.45,-4.46,-4.54,-6.12
1996-08,3.68,5.43,4.01,4.67,5.62,4.72,4.01,3.92,4.86,5.44,5.87,4.9,4.51,4.73,3.28,3.54,4.28,4.62,5.06
1996-09,1.55,3.9,3.23,3.13,4.1,2.97,3.5,3.1,3.22,4.22,3.94,3.29,2.59,2.95,4.06,3.28,2.94,3.44,3.03
1996-10,-6.57,-3.0,0.38,1.27,-3.54,-1.46,0.58,1.87,0.92,-4.14,-2.67,-1.43,-1.49,0.3,0.88,1.72,2.01,2.22,-0.18
1996-11,-0.56,2.73,4.1,4.92,2.29,3.82,3.83,4.95,4.96,1.9,2.86,4.0,3.6,4.15,3.51,5.08,4.83,5.22,4.74
1996-12,-4.46,-0.66,1.49,1.6,-1.05,0.79,1.52,1.46,1.78,-2.21,0.64,0.47,1.18,1.33,1.72,1.71,1.23,2.21,1.42
1997-01,11.61,5.42,4.37,4.94,5.39,5.08,4.7,4.29,4.91,6.28,4.09,5.51,4.57,5.04,4.36,3.51,5.01,4.26,5.46
1997-02,-3.11,-3.97,0.76,1.61,-4.8,-0.86,0.24,1.7,1.94,-5.29,-4.1,-1.54,-0.04,-0.51,0.99,2.53,0.92,1.13,2.63
1997-03,-8.09,-5.96,-2.67,-2.46,-6.71,-3.74,-2.31,-2.67,-2.25,-7.81,-5.11,-3.76,-3.7,-1.77,-2.84,-2.42,-2.91,-1.71,-2.7
1997-04,-4.97,-2.28,0.29,-0.67,-2.78,-0.41,0.03,0.66,-1.14,-3.65,-1.53,-0.81,0.06,-0.43,0.49,1.04,0.31,-0.65,-1.55
1997-05,7.7,12.0,8.43,7.63,13.17,9.03,8.67,7.31,7.62,13.73,12.35,8.64,9.5,9.04,8.29,6.94,7.64,8.36,7.0
1997-06,2.82,3.98,4.98,5.51,3.21,5.05,5.08,5.98,5.3,3.02,3.49,6.22,3.66,4.38,5.79,6.03,5.94,5.43,5.19
1997-07,3.46,5.49,5.81,6.04,5.43,5.68,5.81,6.19,5.85,4.65,6.36,5.65,5.71,5.24,6.39,5.9,6.51,5.89,5.82
1997-08,4.93,2.82,2.49,2.91,3.04,2.05,2.8,2.33,3.18,2.73,3.4,2.19,1.9,2.58,3.01,2.43,2.22,2.39,3.97
1997-09,10.38,7.29,7.83,8.89,7.27,7.98,7.42,8.12,9.05,7.69,6.77,7.34,8.71,8.07,6.78,7.79,8.49,8.94,9.15
1997-10,-2.07,-3.46,-1.56,-1.26,-3.59,-2.54,-1.77,-1.15,-1.15,-3.35,-3.86,-3.09,-1.93,-1.84,-1.71,-0.79,-1.55,-0.68,-1.62
1997-11,-6.16,-1.65,0.79,0.11,-1.7,-0.18,0.49,1.03,-0.32,-1.63,-1.78,-1.51,1.33,-0.38,1.35,0.88,1.2,0.22,-0.86
1997-12,-10.19,-2.68,1.47,1.49,-2.99,-1.05,1.14,3.08,1.18,-3.01,-2.97,-1.75,-0.26,0.14,2.13,3.8,2.28,2.39,-0.02
1998-01,4.7,0.15,-0.57,-0.09,0.36,-0.56,-0.2,-1.24,0.39,0.64,0.04,-0.46,-0.67,0.29,-0.68,-1.22,-1.28,-0.39,1.16
1998-02,5.64,7.52,6.48,6.09,7.56,7.16,6.7,5.85,6.09,7.76,7.34,7.38,6.92,7.23,6.16,5.65,6.07,6.25,5.94
1998-03,5.69,4.67,4.26,4.99,4.81,4.22,4.06,4.7,5.11,5.52,4.0,4.24,4.2,4.63,3.48,4.71,4.7,4.88,5.33
1998-04,3.97,1.9,1.76,2.74,1.89,1.89,1.84,1.54,3.23,1.82,1.96,1.93,1.84,1.58,2.1,1.52,1.55,2.53,3.92
1998-05,-5.37,-5.72,-3.15,-2.89,-5.98,-4.32,-3.04,-2.91,-2.89,-5.89,-6.08,-4.94,-3.6,-3.83,-2.25,-2.94,-2.87,-2.25,-3.53
1998-06,-5.16,-1.75,-1.76,-1.72,-1.63,-2.06,-1.71,-1.93,-1.5,-0.62,-2.78,-2.1,-2.0,-1.45,-1.97,-1.63,-2.26,-1.13,-1.86
1998-07,-5.6,-6.59,-5.37,-6.04,-6.79,-5.45,-5.23,-6.12,-6.05,-7.05,-6.41,-6.02,-4.88,-5.46,-5.01,-6.24,-6.02,-6.37,-5.81
1998-08,-25.33,-20.24,-16.94,-16.52,-20.61,-18.31,-17.34,-15.03,-17.35,-21.22,-19.72,-19.17,-17.45,-17.67,-17.01,-15.53,-14.55,-16.04,-18.39
1998-09,3.73,6.1,4.02,1.64,6.4,5.13,3.58,3.29,1.1,6.59,6.13,5.23,5.04,3.28,3.89,3.73,2.89,0.57,1.52
1998-10,2.35,4.71,4.46,3.63,4.25,5.51,4.1,3.77,3.91,3.78,4.93,6.04,4.98,5.43,2.8,4.61,2.99,4.35,3.55
1998-11,13.68,6.33,5.47,5.84,5.73,6.03,6.47,4.47,6.67,6.6,4.46,8.02,4.01,4.89,8.01,5.11,3.88,6.19,7.05
1998-12,1.18,4.24,3.26,1.09,4.62,3.58,2.57,2.35,1.12,4.94,4.17,3.15,4.02,1.72,3.4,3.8,1.01,1.75,0.62
1999-01,17.09,5.19,0.09,4.18,5.63,2.49,-0.22,0.55,5.38,5.39,5.96,3.93,1.05,0.07,-0.51,-0.37,1.39,2.62,7.64
1999-02,-4.36,-6.77,-4.03,-4.65,-7.31,-4.73,-3.8,-4.94,-4.26,-7.62,-6.88,-5.2,-4.25,-3.88,-3.72,-4.26,-5.55,-3.78,-4.65
1999-03,0.04,-1.62,-1.96,-2.7,-1.98,-1.27,-1.65,-2.84,-2.55,-2.1,-1.8,-0.6,-1.94,-0.74,-2.53,-2.61,-3.05,-2.27,-2.79
1999-04,9.65,7.56,9.0,8.93,7.43,8.09,9.91,7.66,9.62,7.35,7.54,7.94,8.23,8.93,10.85,8.02,7.33,9.24,9.93
1999-05,5.19,4.41,2.38,3.53,4.59,3.05,2.22,3.37,3.39,4.52,4.71,3.88,2.24,1.99,2.45,2.86,3.84,3.63,3.2
1999-06,3.97,4.9,3.59,3.5,4.98,4.36,3.87,2.94,3.55,4.66,5.44,4.7,4.03,3.86,3.88,2.47,3.37,3.86,3.3
1999-07,3.04,-1.26,0.16,0.89,-1.33,-0.82,0.64,0.59,0.76,-1.96,-0.46,-1.04,-0.61,0.35,0.92,-0.1,1.13,0.65,0.88
1999-08,-3.65,-3.83,-3.25,-3.12,-3.56,-4.4,-2.75,-3.28,-3.06,-3.41,-3.78,-4.54,-4.26,-3.11,-2.41,-3.34,-3.24,-4.53,-1.52
1999-09,-0.84,-1.33,-2.64,-3.53,-1.1,-2.18,-2.53,-3.04,-3.79,-0.53,-1.9,-1.94,-2.41,-3.4,-1.7,-3.06,-3.03,-4.63,-2.91
1999-10,-0.09,0.6,-0.15,-2.05,0.54,-0.24,0.27,-0.12,-2.99,0.89,0.06,0.74,-1.22,1.62,-1.0,0.0,-0.21,-2.11,-3.93
1999-11,17.8,9.17,3.14,4.82,10.5,4.29,3.16,4.58,4.37,10.73,10.17,5.47,3.12,3.34,2.98,3.13,5.7,2.62,6.22
1999-12,17.73,8.86,2.18,2.77,9.77,4.86,2.95,0.41,3.57,10.92,8.16,6.35,3.37,2.91,2.99,-0.58,1.19,2.09,5.15
2000-01,17.27,1.61,-0.79,1.75,2.6,-0.74,-0.59,-0.8,2.74,2.92,2.14,-1.06,-0.41,-0.26,-0.91,-1.55,-0.21,2.17,3.34
2000-02,31.08,11.88,1.55,4.39,14.48,3.49,2.45,1.05,5.31,17.88,9.74,4.85,2.13,1.64,3.2,-0.87,2.56,2.84,7.96
2000-03,-4.0,2.61,4.49,2.68,1.82,4.4,4.76,3.33,2.78,0.65,3.46,4.73,4.06,4.89,4.64,4.37,2.49,3.61,1.88
2000-04,-17.71,-7.55,-1.95,-2.17,-8.96,-3.04,-2.24,-0.58,-3.13,-11.19,-5.84,-3.75,-2.33,-2.92,-1.61,-0.99,-0.25,-1.91,-4.46
2000-05,-10.57,-5.36,-1.69,-3.12,-6.02,-3.02,-1.56,-2.1,-3.29,-7.57,-3.85,-3.62,-2.42,-1.9,-1.24,-1.26,-2.77,-2.77,-3.87
2000-06,14.01,6.7,2.63,2.75,7.22,4.44,2.28,2.81,2.57,9.9,3.49,5.3,3.57,1.99,2.54,2.45,3.09,3.05,2.06
2000-07,-6.5,-3.44,1.85,2.26,-4.36,0.65,2.07,2.01,2.19,-5.78,-2.14,-0.44,1.62,1.72,2.39,1.65,2.39,2.72,1.68
2000-08,7.06,7.98,4.53,5.66,8.41,5.72,4.37,4.87,5.82,8.72,7.92,6.59,4.94,4.5,4.26,4.46,5.3,5.34,6.31
2000-09,-8.72,-4.78,-0.08,-0.47,-5.11,-1.96,-0.03,0.14,-0.76,-6.45,-3.0,-3.7,-0.44,-0.44,0.34,0.13,0.14,-0.6,-0.91
2000-10,-12.8,-4.4,-1.56,-2.72,-5.43,-0.77,-1.88,-1.69,-3.27,-8.16,-1.15,-0.95,-0.62,-1.68,-2.06,-1.8,-1.58,-3.67,-2.86
2000-11,-23.34,-11.8,-2.87,-4.11,-13.42,-4.79,-2.63,-3.26,-4.33,-16.5,-8.59,-6.41,-3.36,-2.46,-2.77,-2.88,-3.66,-4.17,-4.5
2000-12,-10.32,0.93,4.54,4.3,0.14,3.33,5.24,5.46,3.25,-0.12,0.55,3.53,3.16,5.31,5.18,4.45,6.52,3.79,2.72
2001-01,44.56,20.88,10.07,14.79,22.69,12.7,9.19,10.95,16.64,26.35,16.89,14.85,10.84,8.02,10.24,11.0,10.9,14.93,18.35
2001-02,-14.91,-9.12,-0.96,0.3,-11.04,-2.8,-0.34,0.09,0.16,-14.29,-5.88,-2.74,-2.85,-0.25,-0.42,-0.4,0.6,1.32,-1.0
2001-03,-13.05,-7.05,-1.43,-2.3,-8.17,-3.08,-0.88,-1.53,-2.48,-9.99,-5.26,-3.32,-2.87,-1.95,0.07,-1.14,-1.93,-1.47,-3.47
2001-04,9.53,10.96,4.5,4.14,12.26,5.63,4.6,4.33,3.9,15.17,7.63,6.62,4.79,5.58,3.73,4.02,4.65,3.44,4.35
2001-05,8.19,4.7,6.33,7.75,4.41,7.05,5.42,6.11,8.61,4.24,4.67,5.67,8.22,5.95,4.95,6.29,5.93,8.26,8.96
2001-06,-0.73,2.24,2.99,2.65,2.38,1.4,3.88,2.9,2.62,2.79,1.71,1.78,1.07,2.85,4.78,3.09,2.71,3.2,2.03
2001-07,-8.4,-2.35,-0.09,1.94,-3.41,0.27,-0.74,1.55,1.9,-5.1,-1.01,0.61,-0.1,-0.57,-0.91,0.98,2.03,1.96,1.84
2001-08,-8.01,-4.38,-0.76,-0.79,-4.96,-2.02,-0.79,-0.6,-0.78,-6.43,-2.89,-2.73,-1.27,-0.08,-1.48,-0.35,-0.81,-0.61,-0.97
2001-09,-18.02,-13.02,-8.4,-10.93,-13.75,-9.93,-9.02,-8.02,-11.96,-15.22,-11.67,-10.99,-8.81,-8.33,-9.7,-7.12,-8.79,-10.67,-13.51
2001-10,13.26,8.53,3.95,4.19,9.36,5.04,4.41,3.67,4.29,11.22,6.75,6.21,3.8,4.38,4.44,3.31,3.98,3.03,5.8
2001-11,11.11,8.38,5.62,6.72,8.67,7.3,5.53,5.57,6.96,9.97,6.87,7.55,7.04,5.29,5.75,4.81,6.23,6.41,7.62
2001-12,7.81,6.34,5.21,5.82,6.76,5.25,5.11,5.28,6.08,7.32,5.97,5.16,5.34,4.55,5.65,5.31,5.26,5.61,6.65
2002-01,1.7,-0.17,2.03,4.04,-0.67,1.07,2.24,2.68,4.59,-1.32,0.26,1.22,0.91,1.1,3.34,2.43,2.89,4.0,5.31
2002-02,-9.13,-4.15,-0.22,0.15,-5.04,-0.99,-0.95,1.18,-0.4,-7.19,-2.07,-1.62,-0.31,-1.05,-0.86,1.03,1.3,0.72,-1.74
2002-03,8.04,8.42,7.79,8.75,8.67,8.21,8.06,7.08,9.4,8.93,8.31,7.71,8.76,8.9,7.24,6.7,7.4,8.37,10.66
2002-04,-5.0,-1.91,2.88,5.26,-2.54,0.58,2.67,4.67,5.38,-4.07,-0.45,-0.11,1.32,2.45,2.88,4.28,5.01,4.99,5.86
2002-05,-5.35,-2.76,-1.1,0.08,-3.76,-0.74,-2.1,0.33,0.18,-4.86,-2.24,0.05,-1.58,-2.17,-2.04,0.85,-0.12,-0.41,0.89
2002-06,-11.86,-8.54,-3.84,-2.52,-9.15,-6.12,-3.79,-2.22,-2.94,-10.81,-6.88,-6.82,-5.38,-3.66,-3.92,-2.87,-1.66,-2.35,-3.67
2002-07,-14.41,-12.48,-9.03,-10.06,-12.55,-10.69,-9.09,-9.05,-10.44,-12.76,-12.23,-12.31,-9.12,-9.53,-8.71,-8.84,-9.22,-8.74,-12.38
2002-08,-0.39,0.14,0.96,0.87,-0.46,0.56,1.5,1.0,0.94,-1.22,0.68,1.77,-0.63,1.55,1.46,1.35,0.73,1.66,0.1
2002-09,-12.86,-7.98,-5.9,-5.44,-8.17,-6.96,-5.76,-4.93,-5.93,-8.15,-8.2,-7.47,-6.47,-5.97,-5.57,-5.67,-4.35,-4.73,-7.3
2002-10,7.35,5.92,2.24,1.56,6.03,4.22,2.47,1.35,1.62,6.16,5.85,5.62,2.84,2.56,2.4,1.26,1.42,2.49,0.62
2002-11,21.56,10.13,6.54,5.92,11.55,6.68,6.3,5.18,6.72,12.29,10.45,6.26,7.09,7.08,5.62,6.49,4.16,5.1,8.62
2002-12,-9.74,-5.0,-1.79,-0.38,-5.51,-3.17,-2.29,-0.54,-0.1,-5.82,-5.06,-3.61,-2.73,-2.91,-1.75,0.02,-0.99,0.42,-0.72
2003-01,1.63,-1.07,-1.19,-0.07,-0.68,-2.06,-0.9,-0.85,0.21,0.12,-1.9,-2.13,-1.98,-0.47,-1.29,-1.03,-0.7,-0.58,1.14
2003-02,-3.17,-3.07,-2.99,-1.08,-3.31,-2.9,-2.74,-1.9,-1.16,-3.72,-2.71,-2.41,-3.37,-3.26,-2.29,-3.13,-0.92,-1.25,-1.05
2003-03,2.12,0.24,1.18,0.84,-0.1,1.53,1.16,0.81,0.76,-0.8,0.95,1.14,1.92,1.64,0.73,0.54,1.02,1.09,0.37
2003-04,14.17,8.7,7.79,7.31,9.13,7.83,7.88,7.49,7.17,9.9,7.97,7.54,8.11,7.76,7.97,7.34,7.61,6.69,7.74
2003-05,23.55,11.69,7.18,8.24,12.55,7.88,6.95,7.54,8.82,14.31,9.92,9.35,6.46,5.43,8.28,8.31,6.93,7.46,10.46
2003-06,7.69,3.19,3.24,4.12,3.46,3.09,3.03,2.7,4.94,3.6,3.24,2.45,3.7,3.32,2.78,3.22,2.29,3.43,6.75
2003-07,10.21,6.43,4.93,6.08,6.4,5.7,5.13,5.21,6.27,6.13,6.75,6.49,4.92,4.02,6.02,4.61,5.71,6.22,6.31
2003-08,7.17,5.64,3.17,3.5,5.94,4.57,2.67,2.91,3.82,6.63,5.07,4.8,4.35,3.08,2.34,2.99,2.83,3.03,4.64
2003-09,5.79,-1.06,0.2,1.96,-1.21,-0.26,-0.26,0.86,2.58,-0.85,-1.66,-0.66,0.13,-0.91,0.25,1.08,0.69,2.09,3.09
2003-10,10.56,8.07,6.78,8.06,8.62,6.28,7.02,6.87,8.74,9.75,7.19,6.57,5.99,7.05,6.99,7.09,6.68,7.72,9.79
2003-11,4.09,3.53,4.0,3.78,3.35,4.11,4.16,3.35,4.07,2.91,3.92,3.99,4.22,3.67,4.55,3.53,3.2,4.3,3.82
2003-12,3.56,3.54,2.64,4.11,3.45,3.27,2.83,2.59,4.69,3.81,2.99,3.77,2.78,3.16,2.57,2.18,2.94,4.09,5.32
2004-01,13.57,3.68,2.86,4.7,3.62,3.94,2.62,2.86,5.36,4.06,3.06,3.87,4.01,3.03,2.28,2.27,3.36,3.83,6.99
2004-02,-0.42,1.03,2.37,2.11,0.69,2.35,2.53,1.91,2.12,0.15,1.39,1.92,2.77,2.64,2.44,1.72,2.08,1.73,2.54
2004-03,-0.91,0.56,1.06,1.04,0.2,1.35,1.36,-0.04,1.77,-0.09,0.58,1.52,1.18,0.94,1.69,0.43,-0.43,1.18,2.4
2004-04,-4.95,-2.23,-1.84,-2.46,-2.61,-1.57,-1.37,-2.54,-2.44,-3.19,-1.86,-1.2,-1.95,-0.89,-1.75,-2.59,-2.49,-2.44,-2.45
2004-05,-0.61,1.1,0.21,0.04,1.39,0.32,0.23,0.06,0.04,1.67,1.02,0.33,0.31,0.17,0.27,0.08,0.03,1.18,-1.18
2004-06,1.38,3.31,3.4,3.24,3.43,3.06,3.6,3.57,2.97,2.99,4.0,2.99,3.12,3.67,3.54,3.31,3.79,2.22,3.76
2004-07,-10.45,-6.67,-3.28,-3.19,-7.4,-4.29,-3.21,-3.28,-3.07,-8.94,-5.3,-4.84,-3.59,-3.5,-2.95,-3.15,-3.41,-2.5,-3.63
2004-08,-3.07,-1.66,-0.01,0.43,-1.94,-0.28,-0.68,1.13,-0.22,-1.63,-2.37,-0.93,0.54,-0.31,-1.02,0.72,1.54,0.19,-0.62
2004-09,3.91,5.19,3.11,4.2,5.81,3.38,3.51,2.85,4.74,6.0,5.55,3.62,3.08,3.11,3.88,2.41,3.28,4.6,4.88
2004-10,1.64,2.49,1.74,1.93,2.66,2.02,1.31,2.5,1.49,2.99,2.19,2.08,1.94,1.33,1.29,2.33,2.67,1.76,1.22
2004-11,10.59,8.38,7.28,8.0,8.38,7.8,7.37,7.17,8.57,8.5,8.22,8.38,7.05,6.76,7.93,7.3,7.03,7.56,9.57
2004-12,9.31,5.43,3.68,4.22,5.57,4.86,3.52,3.41,4.57,6.5,4.28,5.08,4.58,3.91,3.17,3.2,3.62,3.8,5.33
2005-01,-5.94,-3.42,-1.95,-1.36,-3.82,-2.58,-1.59,-1.93,-1.01,-4.53,-2.84,-2.43,-2.76,-1.42,-1.74,-1.91,-1.94,-1.86,-0.2
2005-02,-0.15,1.92,0.82,1.95,2.01,1.47,1.0,0.68,2.45,2.32,1.58,1.71,1.17,1.03,0.98,0.22,1.13,2.21,2.69
2005-03,-5.62,-1.9,-1.41,-1.43,-2.25,-1.03,-1.73,-0.66,-2.17,-2.69,-1.66,-0.99,-1.08,-1.08,-2.32,-1.13,-0.19,-1.83,-2.51
2005-04,-8.42,-5.4,-4.14,-3.84,-5.7,-4.61,-4.36,-3.33,-4.21,-5.88,-5.45,-4.66,-4.54,-4.18,-4.52,-3.42,-3.24,-3.88,-4.53
2005-05,5.24,5.88,4.56,4.44,5.96,5.69,4.38,4.29,4.33,5.76,6.22,5.69,5.7,4.79,4.01,3.93,4.63,3.43,5.21
2005-06,3.37,2.74,2.99,3.92,2.47,2.94,2.8,3.32,4.64,2.31,2.69,3.43,2.32,2.62,2.95,3.89,2.77,4.79,4.49
2005-07,7.68,7.0,5.15,6.23,7.48,5.46,5.3,4.54,7.22,7.42,7.57,5.7,5.17,5.68,4.89,4.85,4.18,5.71,8.95
2005-08,-1.13,-1.24,-1.22,-1.09,-1.03,-1.65,-1.33,-1.36,-0.6,-1.11,-0.93,-1.78,-1.49,-1.03,-1.66,-0.76,-2.08,-1.12,-0.02
2005-09,0.92,0.82,0.02,1.32,0.98,0.29,-0.1,0.27,1.75,1.26,0.56,0.39,0.16,0.01,-0.22,0.11,0.46,1.09,2.49
2005-10,-5.45,-2.93,-1.35,-3.05,-3.31,-1.9,-1.15,-1.87,-3.25,-3.66,-2.79,-1.9,-1.89,-1.14,-1.16,-1.2,-2.65,-2.41,-4.2
2005-11,2.79,4.42,3.8,3.8,4.44,4.44,4.08,2.97,3.99,4.28,4.69,4.34,4.57,4.37,3.76,2.58,3.41,3.54,4.5
2005-12,1.36,0.6,0.26,0.84,0.78,0.17,0.21,0.5,0.93,0.92,0.58,0.1,0.24,0.29,0.13,0.37,0.66,1.01,0.83
2006-01,11.45,7.12,5.66,6.71,7.67,5.57,6.3,4.88,7.51,7.61,7.76,5.64,5.49,6.27,6.33,4.68,5.1,6.57,8.59
2006-02,1.72,0.02,0.51,-0.09,-0.39,0.92,0.59,0.17,-0.21,-0.71,0.08,1.09,0.71,0.7,0.47,0.19,0.16,-0.09,-0.35
2006-03,5.53,4.46,3.13,3.65,4.82,3.6,3.1,2.82,3.97,5.44,3.9,3.52,3.7,2.65,3.6,2.65,3.02,3.85,4.1
2006-04,-0.19,0.55,0.85,1.35,0.84,-0.11,1.1,0.98,1.65,0.78,0.93,-0.22,0.02,1.56,0.6,1.18,0.75,1.37,1.96
2006-05,-8.3,-4.6,-2.82,-3.19,-5.02,-3.26,-2.88,-2.24,-3.85,-5.21,-4.75,-3.47,-3.0,-2.85,-2.91,-2.55,-1.87,-3.23,-4.55
2006-06,-2.77,-0.58,0.4,-0.18,-0.43,-0.56,0.52,0.41,-0.35,-0.58,-0.22,-0.97,-0.07,0.29,0.76,0.63,0.17,0.41,-1.21
2006-07,-5.98,-3.64,-1.35,-2.04,-3.94,-2.68,-1.5,-0.51,-2.74,-4.07,-3.78,-2.83,-2.48,-1.71,-1.33,0.02,-0.96,-1.42,-3.89
2006-08,2.72,2.92,1.83,0.88,3.29,1.9,1.91,1.38,0.7,3.72,2.75,1.92,1.87,3.02,1.03,1.64,1.15,1.5,0.0
2006-09,-0.36,1.13,1.81,1.41,0.9,1.95,1.73,1.16,1.78,0.44,1.48,1.73,2.25,1.53,1.89,1.54,0.83,2.32,1.31
2006-10,5.98,4.73,4.45,4.45,4.68,4.85,4.45,3.97,4.82,4.99,4.28,4.87,4.83,4.6,4.32,4.08,3.88,3.91,5.61
2006-11,2.55,2.99,2.37,2.18,3.47,2.03,2.13,2.8,1.75,4.01,2.8,1.67,2.5,2.48,1.85,2.73,2.86,1.61,1.86
2006-12,1.18,1.08,1.07,2.27,1.07,0.93,0.86,1.93,2.43,1.12,1.02,1.1,0.71,0.86,0.86,1.82,2.02,1.37,3.35
2007-01,4.3,2.07,1.52,1.72,1.75,2.42,1.82,0.79,2.29,1.36,2.22,2.96,1.72,2.39,1.39,0.74,0.84,1.63,2.86
2007-02,0.82,0.24,-0.26,-0.19,0.1,0.37,-0.3,-0.13,-0.4,-0.38,0.69,0.63,0.04,0.03,-0.55,-0.46,0.15,0.31,-1.01
2007-03,-0.69,1.01,0.6,0.29,0.9,1.06,0.62,0.57,0.05,0.8,1.01,1.31,0.73,1.19,0.18,0.46,0.66,1.45,-1.13
2007-04,2.93,2.54,1.64,2.14,2.89,1.79,1.85,0.9,2.92,3.08,2.64,1.58,2.05,1.97,1.76,0.86,0.93,2.4,3.37
2007-05,0.47,3.59,3.23,2.52,3.61,3.69,3.41,2.01,2.97,3.34,3.94,3.53,3.89,3.62,3.26,2.23,1.81,2.85,3.07
2007-06,-1.35,-0.15,-0.36,-1.56,0.09,-0.37,-0.4,-1.14,-1.66,0.53,-0.46,-0.81,0.19,-0.17,-0.57,-0.84,-1.39,-1.88,-1.47
2007-07,-5.91,-3.91,-4.99,-6.53,-3.7,-4.33,-5.27,-5.79,-6.68,-3.56,-3.9,-4.64,-4.01,-5.57,-4.95,-5.38,-6.23,-6.02,-7.45
2007-08,-3.33,0.04,1.56,-2.41,-0.14,1.04,1.65,0.54,-3.38,-0.58,0.45,0.68,1.42,1.45,1.86,1.51,-0.48,-2.66,-4.22
2007-09,1.66,1.96,1.14,0.37,2.18,1.03,1.29,0.47,0.67,2.41,1.87,1.21,0.84,1.54,1.02,1.13,-0.24,0.18,1.24
2007-10,0.48,2.34,0.68,-0.55,2.53,1.79,0.58,-0.35,-0.61,2.78,2.19,1.69,1.89,0.95,0.19,-0.27,-0.43,-0.86,-0.33
2007-11,-12.35,-7.39,-5.7,-7.84,-7.74,-6.03,-5.48,-6.26,-8.5,-8.44,-6.81,-6.18,-5.87,-5.15,-5.84,-5.98,-6.55,-6.98,-10.3
2007-12,-2.93,-0.5,-1.81,-0.89,-0.32,-1.62,-1.44,-2.13,-0.29,-0.02,-0.74,-1.1,-2.18,-1.24,-1.67,-2.19,-2.08,-0.66,0.15
2008-01,-6.71,-6.57,-3.32,-2.42,-7.02,-4.29,-3.68,-1.91,-2.96,-7.17,-6.82,-5.01,-3.51,-4.02,-3.29,-2.46,-1.33,-2.46,-3.56
2008-02,-2.77,-3.48,-3.29,-1.33,-3.52,-3.06,-3.21,-2.96,-1.02,-2.91,-4.33,-3.34,-2.76,-3.63,-2.74,-3.92,-1.95,-1.2,-0.81
2008-03,-6.22,-1.12,0.08,-2.21,-1.39,-0.08,0.12,-0.63,-2.62,-1.44,-1.34,-0.15,0.01,0.18,0.04,0.08,-1.38,-2.62,-2.63
2008-04,1.48,3.39,2.14,2.49,3.65,2.73,1.84,2.8,1.87,3.75,3.52,2.5,2.97,1.6,2.11,1.92,3.72,0.75,3.2
2008-05,4.32,4.08,2.45,2.84,4.1,3.51,2.51,2.37,2.8,4.79,3.17,4.02,2.98,2.52,2.51,1.85,2.91,1.42,4.43
2008-06,-9.21,-9.2,-10.48,-10.07,-9.21,-9.18,-10.73,-10.5,-10.23,-8.94,-9.57,-9.18,-9.18,-10.52,-10.97,-11.19,-9.77,-10.22,-10.24
2008-07,-0.73,0.27,2.74,2.71,-0.16,1.67,2.33,3.85,2.46,-0.6,0.39,1.58,1.77,2.79,1.85,4.45,3.26,1.78,3.13
2008-08,0.05,3.62,3.25,3.68,3.83,2.51,3.68,4.14,3.28,3.8,3.87,2.98,2.01,3.96,3.4,3.73,4.54,2.81,3.74
2008-09,-16.32,-10.57,-8.13,-7.46,-10.47,-10.77,-7.85,-6.13,-8.09,-11.09,-9.7,-10.89,-10.64,-7.55,-8.15,-6.15,-6.11,-6.57,-9.61
2008-10,-25.83,-20.67,-18.08,-20.32,-20.97,-19.74,-18.25,-16.95,-21.52,-21.4,-20.43,-19.75,-19.73,-19.36,-17.11,-16.18,-17.72,-20.2,-22.84
2008-11,-17.61,-13.64,-10.41,-14.56,-14.18,-11.24,-10.61,-11.53,-15.25,-15.35,-12.72,-12.02,-10.43,-10.68,-10.54,-10.02,-13.06,-15.23,-15.26
2008-12,0.94,2.99,3.57,5.23,3.33,3.45,3.35,2.95,6.07,3.26,3.42,1.96,5.01,3.85,2.85,2.52,3.39,6.89,5.22
2009-01,5.61,-5.87,-8.93,-9.8,-5.74,-6.57,-9.28,-11.28,-8.69,-4.68,-7.05,-6.25,-6.9,-10.0,-8.55,-10.37,-12.21,-10.76,-6.55
2009-02,-11.92,-10.03,-11.59,-14.64,-9.83,-10.62,-11.22,-14.11,-14.48,-9.31,-10.46,-10.66,-10.58,-11.25,-11.19,-13.25,-14.99,-12.96,-16.05
2009-03,15.68,11.1,9.9,14.16,11.41,10.51,9.06,12.85,13.62,10.85,12.09,10.17,10.86,8.99,9.14,10.4,15.36,13.17,14.08
2009-04,25.3,20.19,19.0,23.2,20.34,19.04,18.25,21.93,23.36,21.43,19.0,19.76,18.3,19.12,17.36,21.02,22.86,22.71,24.03
2009-05,16.07,8.04,5.34,8.58,8.15,7.23,5.64,5.2,9.29,8.43,7.81,7.72,6.72,7.03,4.23,3.44,7.02,8.74,9.87
2009-06,8.35,3.52,1.63,-0.55,3.42,3.36,0.37,1.55,-1.02,3.24,3.64,3.82,2.88,0.76,-0.03,2.58,0.49,-1.78,-0.23
2009-07,9.79,7.28,7.77,10.68,7.06,7.41,7.25,10.22,10.71,7.26,6.76,7.98,6.79,6.8,7.7,9.88,10.61,9.3,11.8
2009-08,12.69,1.14,3.0,5.01,0.98,1.38,3.35,4.41,5.2,0.93,1.06,1.64,1.1,3.63,3.07,4.33,4.51,5.02,5.33
2009-09,9.61,4.15,4.86,7.93,4.08,4.78,4.6,5.12,8.92,4.1,4.05,4.36,5.25,4.53,4.66,4.97,5.28,7.54,9.98
2009-10,-9.85,-4.37,-4.34,-4.51,-4.56,-3.74,-5.0,-3.99,-4.57,-5.49,-3.24,-3.77,-3.7,-5.19,-4.81,-3.69,-4.34,-4.52,-4.61
2009-11,1.02,2.3,2.27,2.13,2.37,2.05,2.52,2.15,2.07,2.13,2.73,2.08,2.02,2.86,2.17,2.04,2.27,2.58,1.67
2009-12,7.48,6.03,6.02,6.38,6.18,5.45,5.93,6.73,6.34,5.65,6.92,5.59,5.3,5.76,6.1,6.96,6.47,6.63,6.11
2010-01,1.88,-2.19,-2.48,-1.47,-2.1,-2.37,-2.24,-2.51,-1.38,-2.17,-2.0,-2.49,-2.23,-1.8,-2.69,-3.21,-1.71,-1.92,-0.95
2010-02,3.86,3.6,3.42,4.9,3.63,3.49,3.08,4.69,4.69,3.78,3.41,3.51,3.47,2.89,3.26,4.04,5.41,4.4,4.93
2010-03,9.19,7.02,6.77,7.9,7.05,6.67,6.73,7.87,7.65,7.27,6.72,6.93,6.37,7.33,6.13,7.26,8.56,8.0,7.37
2010-04,11.38,5.52,5.45,6.4,5.85,4.68,5.22,6.08,6.72,6.18,5.38,4.5,4.87,5.7,4.73,6.51,5.6,6.61,6.8
2010-05,-9.97,-6.4,-6.34,-8.58,-6.84,-5.7,-5.95,-7.13,-9.1,-7.22,-6.3,-5.07,-6.4,-6.0,-5.91,-7.03,-7.24,-8.74,-9.38
2010-06,-10.58,-5.47,-5.47,-8.36,-5.61,-4.86,-5.24,-6.74,-9.0,-5.66,-5.52,-5.05,-4.64,-4.61,-5.87,-6.77,-6.7,-8.22,-9.62
2010-07,5.89,6.3,5.65,5.48,6.22,5.83,5.77,5.92,5.38,5.96,6.53,6.53,5.02,5.6,5.96,6.15,5.72,4.75,5.95
2010-08,-7.64,-6.71,-5.31,-6.57,-6.84,-5.78,-5.23,-5.9,-6.77,-6.3,-7.47,-6.37,-5.1,-5.15,-5.31,-5.7,-6.08,-6.12,-7.35
2010-09,11.82,11.71,9.75,8.91,11.87,10.58,9.59,8.91,9.31,11.5,12.3,11.27,9.77,10.31,8.78,10.06,7.93,8.94,9.64
2010-10,4.0,4.3,3.68,5.03,4.33,4.24,3.91,3.53,5.3,3.95,4.77,4.21,4.27,3.72,4.12,2.55,4.37,4.82,5.73
2010-11,1.58,3.74,1.8,2.03,4.09,2.86,1.11,1.97,2.05,4.38,3.74,2.8,2.92,1.29,0.9,1.96,1.97,2.5,1.64
2010-12,10.46,7.64,6.27,7.06,7.82,7.13,6.12,5.74,7.57,7.7,7.97,7.16,7.09,6.26,5.97,5.63,5.84,5.62,9.38
2011-01,3.94,0.87,0.34,0.94,1.2,0.39,-0.09,0.31,1.33,1.22,1.17,-0.02,0.86,-0.01,-0.18,0.66,0.01,2.02,0.7
2011-02,4.6,4.23,4.38,3.45,4.57,3.48,5.0,3.9,3.27,4.79,4.32,3.3,3.69,5.04,4.95,3.9,3.89,3.24,3.28
2011-03,1.0,2.26,1.85,0.12,2.37,2.07,1.53,1.01,0.13,2.11,2.68,1.96,2.21,0.93,2.2,2.11,0.1,1.19,-0.87
2011-04,0.69,2.46,2.07,1.38,2.46,2.22,1.81,1.84,1.51,2.65,2.23,2.46,1.94,1.76,1.85,2.76,1.08,2.26,0.82
2011-05,-2.68,-1.94,-1.1,-1.48,-2.06,-1.62,-0.57,-1.45,-1.55,-2.19,-1.91,-1.62,-1.62,-1.18,0.1,-1.6,-1.33,-1.32,-1.77
2011-06,-4.02,-1.13,-1.51,-1.75,-1.41,-1.05,-1.35,-2.17,-1.3,-1.26,-1.59,-0.38,-1.83,-1.19,-1.52,-1.45,-2.77,-1.45,-1.16
2011-07,-2.85,-2.87,-2.81,-1.4,-3.1,-2.66,-2.62,-2.2,-1.36,-3.66,-2.51,-2.32,-3.05,-2.89,-2.35,-2.95,-1.52,-1.91,-0.85
2011-08,-13.31,-8.24,-6.4,-8.53,-8.88,-6.48,-6.75,-6.26,-9.25,-9.33,-8.4,-6.72,-6.2,-7.37,-6.15,-5.89,-6.59,-6.98,-11.31
2011-09,-13.38,-10.18,-8.81,-9.92,-10.51,-9.65,-8.99,-7.85,-10.43,-11.07,-9.91,-9.42,-9.91,-8.84,-9.14,-7.05,-8.57,-8.77,-11.94
2011-10,11.04,13.96,12.96,10.93,14.39,13.41,12.76,11.62,10.86,14.3,14.48,12.95,13.95,13.11,12.41,12.16,11.14,11.17,10.58
2011-11,-4.59,-0.64,0.28,-1.09,-0.83,0.1,0.07,-0.01,-1.31,-0.96,-0.7,-0.21,0.45,0.47,-0.33,0.55,-0.51,-0.73,-1.83
2011-12,-0.5,-0.23,0.72,0.68,-0.19,0.21,0.3,1.22,0.56,-0.15,-0.22,-0.35,0.86,-0.36,0.97,1.45,1.01,0.07,1.0
2012-01,12.31,7.96,6.63,8.38,8.52,6.67,6.64,6.35,9.2,8.69,8.34,6.63,6.71,6.79,6.5,6.51,6.2,8.29,10.02
2012-02,5.87,3.55,2.82,3.27,3.71,3.06,3.24,2.13,3.59,4.2,3.18,3.18,2.92,3.69,2.8,1.83,2.4,4.24,3.01
2012-03,5.22,2.46,2.39,2.28,2.53,2.36,2.37,2.67,2.03,2.0,3.1,2.28,2.44,2.73,2.01,2.39,2.94,1.77,2.28
2012-04,-2.4,-1.15,-0.47,-1.54,-1.33,-0.4,-0.3,-1.4,-1.57,-1.63,-0.99,-0.73,-0.03,-0.8,0.18,-1.36,-1.44,-1.73,-1.43
2012-05,-7.88,-6.96,-5.86,-6.84,-7.09,-6.9,-5.27,-5.23,-7.53,-7.7,-6.45,-6.65,-7.18,-6.18,-4.38,-5.5,-4.98,-6.48,-8.51
2012-06,3.51,4.25,3.66,3.64,4.09,3.76,3.86,4.52,3.25,4.16,4.03,4.62,2.8,3.73,3.99,4.32,4.7,3.62,2.91
2012-07,-1.8,-1.14,-0.36,-0.79,-1.61,-0.11,-0.16,0.04,-1.4,-2.19,-0.82,0.27,-0.5,0.15,-0.48,-0.57,0.66,-1.18,-1.59
2012-08,2.77,3.4,2.31,2.91,3.82,2.21,2.82,2.35,2.77,3.91,3.69,2.16,2.26,2.72,2.93,1.47,3.25,4.18,1.55
2012-09,5.93,3.18,3.08,3.01,3.3,3.09,3.02,2.82,3.13,3.52,2.99,2.84,3.36,3.19,2.84,2.93,2.72,2.98,3.26
2012-10,-4.42,-2.22,-0.75,0.52,-2.58,-0.6,-0.98,-1.27,1.38,-2.97,-2.04,-1.17,-0.01,-0.17,-1.83,-1.05,-1.5,0.47,2.18
2012-11,-0.69,0.63,0.75,0.86,0.21,0.98,1.33,0.72,0.77,0.11,0.34,1.85,0.1,0.99,1.68,0.36,1.09,-0.19,1.61
2012-12,1.82,3.27,2.64,2.75,3.7,2.2,2.96,3.06,2.29,3.72,3.67,1.99,2.41,2.81,3.12,2.29,3.83,2.37,2.22
2013-01,9.41,6.1,5.86,8.08,6.02,5.72,6.04,6.61,8.58,6.11,5.89,6.34,5.09,6.51,5.55,6.29,6.94,7.28,9.7
2013-02,0.35,0.86,1.4,1.55,0.75,1.22,1.6,1.07,1.81,1.71,-0.58,1.2,1.24,1.89,1.32,1.19,0.95,1.52,2.07
2013-03,4.14,4.53,4.62,4.12,4.63,4.58,4.57,4.28,4.11,4.72,4.49,4.26,4.91,4.32,4.82,4.44,4.12,3.55,4.6
2013-04,0.18,-0.38,0.11,-0.19,-0.54,-0.09,0.41,-0.17,-0.15,-0.75,-0.25,0.08,-0.26,1.26,-0.45,-0.06,-0.29,-0.81,0.42
2013-05,6.65,3.87,4.06,4.61,3.88,3.51,4.11,4.36,4.93,4.3,3.29,3.85,3.16,3.91,4.32,4.83,3.9,4.79,5.05
2013-06,-1.3,0.48,-0.14,0.23,0.46,0.17,0.01,-0.3,0.44,-0.15,1.34,0.53,-0.19,0.12,-0.09,-0.36,-0.24,0.5,0.38
2013-07,9.79,6.38,6.48,7.24,6.57,6.04,6.36,7.34,7.06,6.93,6.23,5.88,6.21,5.99,6.78,6.98,7.61,7.16,6.96
2013-08,-1.99,-1.17,-2.95,-2.19,-0.8,-2.17,-3.26,-3.1,-1.77,0.63,-2.17,-2.13,-2.2,-2.72,-3.84,-3.12,-3.08,-1.87,-1.67
2013-09,6.43,5.88,5.41,5.26,5.75,5.67,5.53,5.3,5.32,5.86,5.63,6.22,5.08,5.42,5.65,5.53,5.14,3.94,6.56
2013-10,0.33,2.95,3.59,3.93,2.56,3.38,3.85,4.12,3.78,1.49,3.57,3.96,2.75,3.72,3.99,3.94,4.25,3.37,4.16
2013-11,5.25,3.57,3.45,5.07,3.45,3.58,3.72,4.36,4.95,3.52,3.39,3.87,3.27,3.81,3.63,3.09,5.32,4.87,5.02
2013-12,3.87,2.89,2.2,1.85,3.0,2.75,1.88,1.41,2.32,3.52,2.5,2.62,2.89,1.67,2.11,2.09,0.89,2.46,2.19
2014-01,6.32,-2.46,-3.22,-2.78,-1.99,-3.3,-3.02,-4.17,-2.01,-1.02,-2.91,-3.65,-2.92,-2.73,-3.34,-3.95,-4.34,-2.3,-1.76
2014-02,5.64,3.75,4.47,4.38,3.41,4.29,4.89,3.84,4.77,3.5,3.33,4.63,3.92,5.04,4.73,4.2,3.58,4.1,5.39
2014-03,-1.31,-0.31,1.03,1.61,-0.66,0.78,1.07,1.55,1.45,-0.96,-0.37,0.6,0.98,0.38,1.83,1.01,1.94,2.04,0.9
2014-04,-7.16,-3.01,-1.56,-2.03,-3.46,-1.5,-1.95,-1.68,-2.05,-4.47,-2.49,-1.86,-1.12,-2.23,-1.63,-1.24,-2.0,-1.81,-2.28
2014-05,-0.97,0.55,0.86,0.46,0.75,0.35,1.02,0.52,0.51,0.41,1.07,0.03,0.68,1.42,0.58,0.71,0.38,1.14,-0.08
2014-06,5.8,4.53,3.5,3.18,4.97,3.6,3.23,3.67,2.94,6.27,3.75,3.39,3.82,3.09,3.39,3.69,3.67,3.04,2.84
2014-07,-6.04,-4.81,-3.79,-3.71,-4.81,-4.03,-4.07,-4.05,-3.51,-5.09,-4.51,-4.83,-3.06,-4.62,-3.47,-3.97,-4.14,-2.96,-4.08
2014-08,3.77,4.55,4.13,3.83,4.57,4.57,3.95,3.95,3.79,4.49,4.65,4.51,4.65,3.77,4.14,3.99,3.91,4.76,2.78
2014-09,-6.73,-4.25,-3.86,-4.0,-4.74,-3.14,-3.87,-3.89,-4.32,-4.39,-5.1,-3.1,-3.2,-3.88,-3.86,-4.46,-3.32,-3.46,-5.21
2014-10,0.04,4.15,5.15,3.91,3.55,5.65,4.55,5.43,3.32,2.31,4.88,5.57,5.75,4.23,4.9,5.69,5.17,3.42,3.22
2014-11,-1.35,0.19,0.67,0.54,-0.09,0.73,0.8,0.45,0.6,-0.01,-0.17,0.84,0.6,1.42,0.13,0.49,0.41,0.87,0.33
2014-12,1.4,1.96,1.94,1.84,1.77,1.91,1.9,2.72,1.38,1.93,1.59,2.42,1.31,1.55,2.28,2.61,2.83,2.0,0.73
2015-01,-3.1,-3.36,-3.87,-3.62,-3.37,-3.67,-3.26,-4.73,-3.13,-3.6,-3.13,-3.32,-4.09,-3.26,-3.26,-4.79,-4.67,-3.59,-2.65
2015-02,8.38,6.18,5.79,5.58,6.38,5.89,5.81,5.27,5.81,5.66,7.15,5.71,6.09,6.03,5.57,5.45,5.09,6.02,5.58
2015-03,-1.88,0.73,1.03,1.14,0.62,1.09,0.63,1.55,0.97,0.23,1.06,0.98,1.22,0.45,0.82,1.58,1.53,0.83,1.11
2015-04,1.13,-0.68,-0.48,0.41,-0.75,-0.46,-0.31,-0.76,0.89,-0.43,-1.1,-0.52,-0.38,-0.31,-0.31,-0.91,-0.61,0.18,1.64
2015-05,1.18,0.66,0.71,0.07,0.33,1.12,1.0,0.03,0.14,0.82,-0.2,1.45,0.74,1.07,0.93,0.15,-0.09,0.08,0.19
2015-06,-1.95,0.82,-0.04,0.34,0.97,-0.05,0.11,0.36,0.31,0.62,1.34,0.49,-0.69,0.05,0.18,0.32,0.4,0.78,-0.19
2015-07,-5.76,-1.24,-0.46,-3.39,-1.76,0.09,-1.01,-1.43,-3.83,-2.94,-0.65,-0.09,0.28,-1.88,-0.13,-0.28,-2.5,-2.6,-5.04
2015-08,-4.55,-5.03,-4.56,-3.36,-4.92,-5.0,-4.57,-3.91,-3.32,-5.03,-4.81,-5.29,-4.69,-4.43,-4.71,-4.41,-3.44,-3.02,-3.61
2015-09,-9.74,-4.29,-2.82,-4.6,-4.69,-3.11,-3.04,-2.68,-5.45,-5.37,-4.05,-3.4,-2.8,-3.22,-2.86,-2.44,-2.9,-3.35,-7.54
2015-10,3.88,5.51,5.83,6.73,5.42,5.49,6.41,5.89,6.93,6.08,4.81,5.71,5.25,6.65,6.17,5.42,6.33,7.57,6.3
2015-11,4.37,1.85,1.86,1.19,1.81,1.55,2.15,2.33,0.52,2.41,1.25,1.95,1.12,2.2,2.11,2.12,2.53,2.25,-1.2
2015-12,-7.01,-3.5,-3.11,-4.97,-3.71,-2.86,-2.82,-4.17,-5.33,-3.91,-3.52,-3.06,-2.65,-2.49,-3.15,-4.11,-4.23,-4.7,-5.97
2016-01,-14.43,-7.73,-5.19,-8.1,-8.55,-5.31,-5.58,-5.59,-9.14,-9.5,-7.67,-5.94,-4.62,-5.2,-5.97,-5.08,-6.05,-7.5,-10.77
2016-02,-0.96,1.08,1.64,0.45,0.99,1.44,1.92,1.18,0.08,-0.21,2.12,1.28,1.62,1.78,2.05,1.18,1.19,0.87,-0.72
2016-03,8.93,8.29,7.28,8.24,8.34,7.79,7.32,6.88,9.04,8.87,7.84,8.18,7.36,6.86,7.78,7.12,6.67,6.7,11.37
2016-04,5.03,2.47,2.27,4.74,3.09,1.39,1.9,3.28,5.63,4.45,1.81,1.14,1.66,1.65,2.15,3.59,3.0,3.8,7.44
2016-05,0.34,1.05,1.14,-0.25,0.33,2.01,0.87,0.79,-0.51,-0.8,1.39,2.61,1.34,0.52,1.21,1.39,0.25,1.56,-2.55
2016-06,-1.32,0.17,0.03,-0.47,0.12,0.06,0.24,-0.52,-0.26,0.64,-0.37,0.27,-0.17,0.27,0.21,-0.12,-0.88,-1.65,1.09
2016-07,6.83,4.98,4.45,6.67,5.06,4.71,4.2,4.89,7.6,5.13,4.98,4.78,4.63,4.83,3.54,4.69,5.08,5.73,9.22
2016-08,2.9,1.06,1.67,2.62,1.5,0.28,1.73,2.69,2.49,1.59,1.39,0.02,0.56,1.24,2.24,2.53,2.85,3.53,1.6
2016-09,4.39,1.17,0.91,0.95,1.44,0.33,1.47,0.91,0.86,2.23,0.56,0.55,0.11,2.18,0.73,0.69,1.12,0.69,1.01
2016-10,-9.97,-3.74,-2.06,-2.54,-3.99,-2.6,-1.93,-2.02,-3.02,-4.77,-3.12,-3.16,-2.01,-2.1,-1.76,-2.31,-1.72,-2.67,-3.33
2016-11,7.4,7.48,10.35,12.99,7.29,7.98,9.78,13.48,12.59,7.24,7.35,7.95,8.01,8.71,10.89,13.27,13.69,12.83,12.38
2016-12,-0.87,2.31,4.01,4.6,1.64,3.39,3.81,5.29,4.26,1.62,1.67,3.92,2.83,3.43,4.2,5.37,5.2,4.51,4.04
2017-01,4.16,0.98,0.03,0.02,1.05,0.65,0.07,-0.38,0.22,1.2,0.87,0.81,0.48,0.58,-0.45,-0.43,-0.33,-0.15,0.55
2017-02,1.88,2.36,1.9,0.91,2.08,2.42,1.94,1.64,0.67,1.76,2.43,3.04,1.77,2.26,1.6,1.95,1.33,1.91,-0.41
2017-03,1.21,0.34,0.7,-0.51,0.14,0.93,0.98,-0.1,-0.73,-0.77,1.15,0.81,1.07,1.09,0.87,-0.06,-0.13,0.02,-1.37
2017-04,-1.93,1.82,1.6,1.27,1.93,1.57,1.55,1.83,0.87,1.67,2.23,1.54,1.6,1.65,1.45,1.69,1.98,0.73,0.99
2017-05,-4.49,0.64,-0.73,-2.74,1.33,-0.51,-0.64,-2.21,-2.63,1.43,1.22,-0.97,-0.02,0.26,-1.57,-1.49,-2.93,-2.96,-2.35
2017-06,5.05,2.43,2.85,3.66,2.49,1.95,3.22,3.57,3.58,2.86,2.08,2.29,1.59,2.66,3.81,3.34,3.79,3.64,3.54
2017-07,-1.05,0.84,0.37,0.49,0.54,0.88,0.52,0.09,0.81,0.08,1.07,1.55,0.14,0.79,0.27,0.31,-0.13,0.34,1.25
2017-08,-1.79,-0.66,-1.79,-2.5,-0.76,-0.99,-2.0,-1.94,-2.58,-0.33,-1.25,-0.43,-1.6,-1.73,-2.24,-1.54,-2.34,-2.65,-2.52
2017-09,9.98,5.03,6.43,5.56,4.82,5.84,6.62,5.97,5.49,4.59,5.09,5.52,6.19,6.83,6.43,6.26,5.7,5.25,5.71
2017-10,-1.87,1.21,1.5,0.79,0.56,2.53,1.4,0.95,0.67,0.51,0.61,2.71,2.32,1.05,1.72,0.88,1.01,0.62,0.72
2017-11,3.37,2.54,4.0,3.74,2.45,2.88,4.03,4.16,3.93,2.29,2.63,2.77,2.99,4.71,3.42,4.94,3.38,4.26,3.62
2017-12,2.57,0.22,-0.49,1.05,0.52,-0.08,-0.73,-0.07,1.24,0.4,0.67,-0.49,0.38,-0.73,-0.74,-0.85,0.7,1.15,1.32
2018-01,3.73,3.09,2.75,2.53,2.97,3.41,2.62,2.77,2.16,3.51,2.34,3.36,3.47,3.17,2.11,2.3,3.24,2.81,1.57
2018-02,-4.54,-3.58,-3.85,-3.68,-3.21,-4.3,-3.76,-3.58,-3.82,-2.73,-3.77,-4.44,-4.15,-3.56,-3.94,-3.75,-3.42,-4.12,-3.53
2018-03,0.07,1.65,1.15,1.18,1.7,1.19,1.47,0.77,1.41,1.71,1.69,1.52,0.82,0.94,1.95,0.79,0.74,1.85,1.0
2018-04,1.69,0.8,0.21,-0.09,0.61,0.95,0.13,0.06,-0.21,1.38,-0.27,1.23,0.64,0.27,0.0,-0.02,0.14,0.17,-0.58
2018-05,6.62,4.49,4.17,3.63,4.68,4.08,4.11,3.79,3.87,4.75,4.59,4.08,4.07,4.2,4.02,4.39,3.17,3.35,4.37
2018-06,-0.05,1.68,0.82,1.4,1.89,1.3,0.69,1.01,1.33,1.6,2.23,1.2,1.42,0.87,0.52,0.5,1.53,1.2,1.45
2018-07,-1.64,2.44,1.87,1.28,2.51,2.43,1.85,1.36,1.08,2.4,2.62,2.31,2.55,1.87,1.82,1.06,1.65,1.69,0.54
2018-08,5.05,4.42,1.93,1.59,4.97,2.68,1.99,1.71,1.5,5.52,4.37,3.34,2.04,1.93,2.05,1.64,1.77,0.78,2.14
2018-09,-1.52,-1.03,-2.03,-2.42,-1.1,-1.14,-2.21,-2.38,-2.47,-1.2,-1.0,-0.89,-1.39,-1.54,-2.83,-2.43,-2.32,-2.91,-2.08
2018-10,-12.74,-10.13,-7.9,-8.52,-10.53,-8.72,-7.67,-8.4,-8.44,-10.47,-10.6,-9.32,-8.13,-7.02,-8.28,-8.13,-8.68,-8.22,-8.63
2018-11,-2.52,1.32,1.59,-0.11,1.04,1.72,1.87,0.54,-0.23,-0.28,2.47,1.9,1.55,2.2,1.56,0.99,0.11,0.2,-0.61
2018-12,-16.95,-10.55,-10.7,-12.21,-10.62,-10.42,-10.69,-11.22,-12.66,-10.7,-10.54,-10.4,-10.44,-10.61,-10.76,-11.06,-11.37,-11.33,-13.81
2019-01,19.74,10.93,9.1,12.81,11.74,9.48,8.61,10.53,13.51,11.78,11.69,9.31,9.64,8.73,8.5,9.52,11.52,11.84,14.95
2019-02,5.96,5.6,4.59,3.68,5.86,4.65,4.84,3.87,3.89,5.46,6.29,5.07,4.25,4.76,4.91,4.45,3.29,2.63,4.97
2019-03,0.18,-1.02,-2.78,-3.21,-0.84,-2.16,-3.03,-2.52,-3.31,-1.48,-0.14,-1.38,-2.93,-2.66,-3.38,-2.01,-3.02,-3.76,-2.92
2019-04,0.33,3.46,4.01,4.44,3.16,4.09,3.91,4.16,4.56,2.59,3.79,4.06,4.12,3.78,4.03,4.11,4.2,4.93,4.24
2019-05,-9.02,-7.3,-7.47,-9.57,-7.08,-7.25,-7.38,-8.68,-9.98,-7.99,-6.08,-7.75,-6.77,-7.71,-7.07,-8.54,-8.82,-9.15,-10.69
2019-06,3.44,7.92,6.65,6.67,7.77,7.63,6.67,6.83,6.19,6.79,8.85,8.23,7.05,7.49,5.9,6.1,7.56,6.57,5.87
2019-07,-3.52,0.91,0.98,-0.33,0.94,0.56,1.37,0.68,-0.87,1.34,0.36,0.82,0.29,2.1,0.65,0.88,0.47,1.18,-2.71
2019-08,-5.87,-4.14,-3.79,-7.49,-4.3,-3.15,-4.05,-5.57,-7.94,-4.25,-4.38,-3.74,-2.51,-4.0,-4.1,-4.39,-6.81,-6.6,-9.15
2019-09,-0.85,1.83,4.78,6.4,1.62,3.04,4.78,5.9,6.49,0.64,3.04,2.35,3.78,4.66,4.9,5.57,6.25,6.1,6.84
2019-10,-0.96,1.02,1.89,0.35,1.19,0.57,2.04,2.15,-0.45,1.2,1.18,0.61,0.53,2.36,1.73,2.73,1.55,1.78,-2.46
2019-11,4.21,3.85,2.97,3.25,4.21,2.89,2.92,3.71,2.61,5.07,2.98,3.0,2.78,2.32,3.5,3.21,4.24,4.1,1.25
2019-12,7.78,2.63,3.47,4.61,2.44,2.93,3.73,3.53,5.38,1.84,3.29,3.07,2.78,3.7,3.75,3.6,3.44,1.95,8.48
2020-01,2.57,-1.42,-3.85,-6.8,-1.73,-1.35,-3.88,-5.8,-7.07,-0.87,-2.96,-0.67,-2.09,-4.34,-3.42,-5.24,-6.38,-3.6,-10.24
2020-02,-4.51,-7.91,-8.82,-10.86,-7.65,-8.66,-8.77,-9.71,-11.09,-7.37,-8.06,-8.52,-8.8,-8.22,-9.3,-8.93,-10.52,-9.82,-12.25
2020-03,-22.45,-18.01,-22.5,-29.29,-18.18,-19.27,-22.75,-23.75,-32.64,-18.11,-18.29,-17.6,-21.05,-22.11,-23.37,-23.26,-24.25,-30.85,-34.29
2020-04,23.92,16.19,13.91,21.73,16.89,14.39,15.25,12.46,27.16,17.95,15.39,14.53,14.25,13.38,17.06,11.39,13.56,20.49,33.33
2020-05,13.18,7.38,3.22,3.41,7.88,5.11,3.48,2.33,4.0,7.11,8.98,6.16,3.99,3.91,3.07,2.13,2.54,5.81,2.3
2020-06,11.78,2.83,2.42,6.3,2.91,2.72,1.68,4.31,6.98,2.86,2.99,2.63,2.81,1.16,2.18,3.35,5.29,4.82,9.06
2020-07,7.29,4.82,1.73,0.43,4.55,5.05,2.33,-1.31,1.68,5.14,3.75,5.51,4.54,2.44,2.23,-0.97,-1.71,0.18,3.33
2020-08,3.59,4.64,4.83,6.45,4.66,5.06,4.45,4.93,7.31,4.76,4.53,4.59,5.56,4.55,4.36,4.87,4.99,5.95,8.82
2020-09,-1.84,-2.67,-4.1,-2.93,-2.57,-3.37,-3.99,-4.26,-2.22,-2.55,-2.6,-2.92,-3.87,-4.6,-3.49,-4.39,-4.11,-1.87,-2.61
2020-10,-1.12,1.43,3.18,4.84,1.27,1.65,2.68,5.44,4.18,0.77,1.96,1.81,1.47,2.0,3.23,5.01,5.95,5.68,2.52
2020-11,25.24,16.11,16.11,19.78,16.4,15.08,16.37,16.56,21.74,16.6,16.14,15.36,14.77,17.01,15.85,16.63,16.49,21.12,22.42
2020-12,12.2,7.06,5.86,8.53,7.41,6.4,5.5,6.61,9.14,7.12,7.8,6.18,6.65,6.18,4.95,5.85,7.5,8.05,10.32
2021-01,22.75,3.66,4.0,5.08,3.67,7.11,1.55,2.88,6.32,4.62,2.38,3.63,10.89,1.0,2.0,2.79,3.0,4.67,8.15
2021-02,9.65,6.78,8.72,12.39,6.04,7.31,8.6,11.09,12.96,6.13,5.91,8.68,5.83,7.89,9.16,10.8,11.44,12.21,13.79
2021-03,-1.82,1.64,6.88,7.09,0.67,5.49,6.28,7.7,6.66,-0.07,1.67,4.1,7.0,6.29,6.27,7.61,7.82,6.92,6.36
2021-04,-0.87,3.47,2.74,3.56,3.62,3.15,3.02,2.56,3.8,3.89,3.25,3.1,3.19,3.73,2.46,2.06,3.15,3.44,4.2
2021-05,0.43,0.98,2.7,4.58,0.59,1.78,2.49,3.58,5.26,0.65,0.51,1.96,1.59,2.65,2.36,3.71,3.43,3.3,7.42
2021-06,6.81,2.46,-1.35,-1.08,2.83,1.12,-1.33,-2.57,-0.33,3.61,1.77,1.5,0.72,-1.52,-1.18,-2.75,-2.35,-1.45,0.91
2021-07,-8.06,1.23,0.46,-1.03,1.06,1.18,1.17,-0.9,-1.05,-0.62,3.09,1.65,0.61,1.46,0.89,-0.81,-1.0,-0.76,-1.46
2021-08,2.71,2.15,1.59,2.87,2.66,1.21,1.03,2.68,2.86,2.92,2.34,0.86,1.63,0.93,1.11,2.47,2.9,2.77,2.99
2021-09,-2.65,-3.67,-3.29,-1.66,-3.4,-4.72,-3.53,-1.95,-1.38,-3.21,-3.61,-4.38,-5.12,-3.99,-3.11,-1.6,-2.34,-1.26,-1.55
2021-10,0.15,5.07,4.46,3.94,4.69,5.75,4.42,4.09,3.78,4.21,5.26,6.06,5.38,4.47,4.37,3.89,4.31,3.88,3.66
2021-11,-9.47,-3.39,-1.3,-1.14,-3.98,-0.89,-2.3,-1.4,-0.78,-6.35,-1.1,-1.91,0.33,-1.66,-2.92,-0.82,-2.02,-0.63,-0.99
2021-12,-3.55,3.52,5.72,3.46,3.65,4.34,5.56,4.83,3.41,2.79,4.69,3.21,5.72,5.14,5.95,6.0,3.56,3.63,3.11
2022-01,-11.03,-9.06,-5.19,-2.65,-9.82,-6.95,-5.31,-3.21,-2.75,-10.35,-9.18,-7.15,-6.71,-5.8,-4.85,-3.95,-2.4,-1.84,-4.01
2022-02,-0.89,0.07,-0.46,0.41,0.11,-0.78,-0.71,0.96,0.12,1.13,-1.12,-0.02,-1.72,-0.38,-1.03,0.81,1.12,-0.48,0.95
2022-03,3.97,0.93,0.8,-1.2,0.7,1.47,1.27,-0.72,-1.27,0.35,1.13,1.49,1.45,1.39,1.16,-0.44,-1.03,-1.23,-1.33
2022-04,-15.76,-9.82,-5.64,-5.93,-10.49,-7.56,-5.16,-5.68,-5.98,-12.09,-8.55,-8.13,-6.89,-5.47,-4.87,-5.56,-5.81,-5.58,-6.53
2022-05,-5.21,0.19,1.43,2.25,0.38,0.0,1.37,2.29,2.24,-0.55,1.51,-0.31,0.37,0.08,2.6,2.28,2.29,2.69,1.62
2022-06,-6.11,-6.96,-6.42,-8.36,-7.21,-6.56,-6.08,-7.16,-8.65,-7.72,-6.6,-6.31,-6.86,-6.44,-5.73,-6.68,-7.68,-7.58,-10.11
2022-07,8.28,9.97,8.36,8.2,10.48,9.12,7.68,8.24,8.24,10.73,10.1,8.39,9.72,8.26,7.17,8.37,8.15,8.13,8.35
2022-08,2.72,-2.23,-2.58,-2.25,-1.91,-2.59,-3.1,-2.37,-2.05,-1.54,-2.47,-3.22,-2.08,-4.45,-1.88,-2.06,-2.59,-2.78,-1.22
2022-09,-13.25,-10.23,-9.05,-9.7,-10.59,-9.29,-9.21,-7.96,-10.93,-10.8,-10.27,-9.12,-9.44,-8.5,-9.85,-8.34,-7.69,-8.7,-13.43
2022-10,3.71,9.16,10.44,10.83,9.07,9.72,10.64,11.16,10.34,9.66,8.18,9.44,9.95,10.7,10.6,10.54,11.62,10.87,9.75
2022-11,-3.67,4.53,4.63,3.52,4.17,4.77,4.89,3.9,3.65,3.87,4.62,5.67,4.02,5.19,4.62,4.72,3.31,4.35,2.87
2022-12,-6.89,-5.79,-5.1,-5.2,-6.38,-4.71,-5.13,-4.63,-5.63,-7.04,-5.38,-3.97,-5.32,-5.88,-4.45,-4.81,-4.5,-4.88,-6.47
2023-01,22.45,11.08,8.78,9.76,11.8,9.36,8.46,7.73,11.33,12.2,11.21,8.85,9.78,9.3,7.69,8.43,7.23,9.24,13.65
2023-02,-6.67,-2.19,-1.58,-1.32,-2.26,-1.8,-2.37,-0.21,-1.86,-2.52,-1.88,-1.96,-1.67,-2.78,-2.0,0.11,-0.45,-1.65,-2.09
2023-03,-8.27,-1.09,-3.76,-9.55,-1.03,-2.45,-1.59,-9.28,-9.35,-1.68,-0.07,-1.27,-3.42,-1.45,-1.72,-8.47,-9.88,-10.22,-8.36
2023-04,-2.28,-1.25,-1.83,-2.68,-1.42,-1.71,-1.67,-2.48,-2.34,-1.14,-1.83,-0.74,-2.49,-2.25,-1.16,-1.47,-3.22,-2.81,-1.82
2023-05,2.74,-0.74,-2.54,-4.17,0.41,-3.49,-1.32,-4.2,-4.39,0.74,-0.08,-4.27,-2.85,-0.96,-1.65,-4.72,-3.82,-4.82,-3.9
2023-06,4.12,8.32,7.16,8.59,8.46,7.52,6.32,8.16,9.15,7.88,9.34,7.88,7.23,5.27,7.25,8.82,7.69,9.12,9.18
2023-07,4.02,2.92,5.84,9.64,3.06,2.86,5.27,9.7,8.77,3.42,2.58,2.59,3.14,4.58,5.9,8.5,10.86,9.24,8.24
2023-08,-10.06,-3.27,-3.32,-5.01,-3.11,-3.35,-3.31,-4.61,-4.53,-4.1,-1.78,-3.63,-3.05,-1.66,-4.85,-3.51,-5.68,-4.41,-4.67
