Date,5_5 Forward Inflation
2010-01-01,
2010-01-04,2.63
2010-01-05,2.56
2010-01-06,2.58
2010-01-07,2.63
2010-01-08,2.66
2010-01-11,2.64
2010-01-12,2.63
2010-01-13,2.61
2010-01-14,2.6
2010-01-15,2.62
2010-01-18,
2010-01-19,2.67
2010-01-20,2.65
2010-01-21,2.68
2010-01-22,2.67
2010-01-25,2.69
2010-01-26,2.71
2010-01-27,2.66
2010-01-28,2.72
2010-01-29,2.75
2010-02-01,2.79
2010-02-02,2.8
2010-02-03,2.81
2010-02-04,2.71
2010-02-05,2.65
2010-02-08,2.63
2010-02-09,2.66
2010-02-10,2.59
2010-02-11,2.56
2010-02-12,2.5
2010-02-15,
2010-02-16,2.53
2010-02-17,2.55
2010-02-18,2.6
2010-02-19,2.55
2010-02-22,2.58
2010-02-23,2.48
2010-02-24,2.48
2010-02-25,2.43
2010-02-26,2.43
2010-03-01,2.47
2010-03-02,2.49
2010-03-03,2.5
2010-03-04,2.5
2010-03-05,2.53
2010-03-08,2.59
2010-03-09,2.58
2010-03-10,2.57
2010-03-11,2.59
2010-03-12,2.59
2010-03-15,2.57
2010-03-16,2.56
2010-03-17,2.54
2010-03-18,2.54
2010-03-19,2.54
2010-03-22,2.56
2010-03-23,2.6
2010-03-24,2.59
2010-03-25,2.65
2010-03-26,2.62
2010-03-29,2.59
2010-03-30,2.61
2010-03-31,2.65
2010-04-01,2.71
2010-04-02,2.68
2010-04-05,2.7
2010-04-06,2.57
2010-04-07,2.64
2010-04-08,2.71
2010-04-09,2.71
2010-04-12,2.75
2010-04-13,2.75
2010-04-14,2.73
2010-04-15,2.78
2010-04-16,2.76
2010-04-19,2.77
2010-04-20,2.74
2010-04-21,2.75
2010-04-22,2.73
2010-04-23,2.75
2010-04-26,2.74
2010-04-27,2.68
2010-04-28,2.8
2010-04-29,2.84
2010-04-30,2.79
2010-05-03,2.8
2010-05-04,2.7
2010-05-05,2.67
2010-05-06,2.53
2010-05-07,2.55
2010-05-10,2.63
2010-05-11,2.64
2010-05-12,2.64
2010-05-13,2.65
2010-05-14,2.53
2010-05-17,2.51
2010-05-18,2.49
2010-05-19,2.38
2010-05-20,2.2
2010-05-21,2.13
2010-05-24,2.14
2010-05-25,2.13
2010-05-26,2.2
2010-05-27,2.3
2010-05-28,2.29
2010-05-31,
2010-06-01,2.26
2010-06-02,2.27
2010-06-03,2.33
2010-06-04,2.22
2010-06-07,2.2
2010-06-08,2.16
2010-06-09,2.21
2010-06-10,2.28
2010-06-11,2.25
2010-06-14,2.25
2010-06-15,2.32
2010-06-16,2.31
2010-06-17,2.3
2010-06-18,2.29
2010-06-21,2.33
2010-06-22,2.28
2010-06-23,2.24
2010-06-24,2.22
2010-06-25,2.21
2010-06-28,2.19
2010-06-29,2.12
2010-06-30,2.1
2010-07-01,2.02
2010-07-02,1.98
2010-07-05,
2010-07-06,1.97
2010-07-07,2.0
2010-07-08,2.15
2010-07-09,2.15
2010-07-12,2.16
2010-07-13,2.23
2010-07-14,2.2
2010-07-15,2.15
2010-07-16,2.06
2010-07-19,2.06
2010-07-20,2.08
2010-07-21,2.08
2010-07-22,2.13
2010-07-23,2.17
2010-07-26,2.18
2010-07-27,2.2
2010-07-28,2.16
2010-07-29,2.19
2010-07-30,2.17
2010-08-02,2.22
2010-08-03,2.23
2010-08-04,2.22
2010-08-05,2.24
2010-08-06,2.18
2010-08-09,2.16
2010-08-10,2.2
2010-08-11,2.11
2010-08-12,2.03
2010-08-13,2.02
2010-08-16,1.97
2010-08-17,1.98
2010-08-18,1.96
2010-08-19,1.9
2010-08-20,1.9
2010-08-23,1.89
2010-08-24,1.79
2010-08-25,1.85
2010-08-26,1.86
2010-08-27,1.95
2010-08-30,1.87
2010-08-31,1.85
2010-09-01,1.91
2010-09-02,1.96
2010-09-03,1.99
2010-09-06,
2010-09-07,2.02
2010-09-08,2.05
2010-09-09,2.15
2010-09-10,2.24
2010-09-13,2.26
2010-09-14,2.22
2010-09-15,2.25
2010-09-16,2.25
2010-09-17,2.25
2010-09-20,2.32
2010-09-21,2.37
2010-09-22,2.32
2010-09-23,2.29
2010-09-24,2.31
2010-09-27,2.21
2010-09-28,2.27
2010-09-29,2.26
2010-09-30,2.26
2010-10-01,2.25
2010-10-04,2.23
2010-10-05,2.3
2010-10-06,2.33
2010-10-07,2.35
2010-10-08,2.44
2010-10-11,
2010-10-12,2.42
2010-10-13,2.47
2010-10-14,2.55
2010-10-15,2.6
2010-10-18,2.57
2010-10-19,2.61
2010-10-20,2.6
2010-10-21,2.62
2010-10-22,2.62
2010-10-25,2.66
2010-10-26,2.67
2010-10-27,2.67
2010-10-28,2.72
2010-10-29,2.78
2010-11-01,2.83
2010-11-02,2.79
2010-11-03,2.83
2010-11-04,2.66
2010-11-05,2.63
2010-11-08,2.66
2010-11-09,2.7
2010-11-10,2.58
2010-11-11,
2010-11-12,2.53
2010-11-15,2.53
2010-11-16,2.47
2010-11-17,2.57
2010-11-18,2.57
2010-11-19,2.63
2010-11-22,2.62
2010-11-23,2.62
2010-11-24,2.67
2010-11-25,
2010-11-26,2.64
2010-11-29,2.64
2010-11-30,2.6
2010-12-01,2.68
2010-12-02,2.7
2010-12-03,2.72
2010-12-06,2.72
2010-12-07,2.79
2010-12-08,2.7
2010-12-09,2.63
2010-12-10,2.67
2010-12-13,2.7
2010-12-14,2.75
2010-12-15,2.85
2010-12-16,2.86
2010-12-17,2.81
2010-12-20,2.83
2010-12-21,2.81
2010-12-22,2.85
2010-12-23,2.83
2010-12-24,
2010-12-27,2.77
2010-12-28,2.82
2010-12-29,2.77
2010-12-30,2.78
2010-12-31,2.77
2011-01-03,2.8
2011-01-04,2.84
2011-01-05,2.9
2011-01-06,2.86
2011-01-07,2.81
2011-01-10,2.81
2011-01-11,2.8
2011-01-12,2.84
2011-01-13,2.79
2011-01-14,2.77
2011-01-17,
2011-01-18,2.85
2011-01-19,2.82
2011-01-20,2.6
2011-01-21,2.56
2011-01-24,2.57
2011-01-25,2.54
2011-01-26,2.62
2011-01-27,2.62
2011-01-28,2.61
2011-01-31,2.72
2011-02-01,2.73
2011-02-02,2.71
2011-02-03,2.7
2011-02-04,2.77
2011-02-07,2.74
2011-02-08,2.77
2011-02-09,2.68
2011-02-10,2.7
2011-02-11,2.68
2011-02-14,2.7
2011-02-15,2.65
2011-02-16,2.56
2011-02-17,2.57
2011-02-18,2.64
2011-02-21,
2011-02-22,2.59
2011-02-23,2.58
2011-02-24,2.62
2011-02-25,2.63
2011-02-28,2.63
2011-03-01,2.65
2011-03-02,2.65
2011-03-03,2.71
2011-03-04,2.74
2011-03-07,2.76
2011-03-08,2.79
2011-03-09,2.75
2011-03-10,2.7
2011-03-11,2.71
2011-03-14,2.71
2011-03-15,2.64
2011-03-16,2.65
2011-03-17,2.68
2011-03-18,2.68
2011-03-21,2.68
2011-03-22,2.59
2011-03-23,2.6
2011-03-24,2.72
2011-03-25,2.69
2011-03-28,2.74
2011-03-29,2.74
2011-03-30,2.75
2011-03-31,2.75
2011-04-01,2.79
2011-04-04,2.79
2011-04-05,2.8
2011-04-06,2.8
2011-04-07,2.85
2011-04-08,2.9
2011-04-11,2.88
2011-04-12,2.92
2011-04-13,2.92
2011-04-14,2.99
2011-04-15,2.99
2011-04-18,3.01
2011-04-19,3.02
2011-04-20,2.95
2011-04-21,2.89
2011-04-22,
2011-04-25,2.9
2011-04-26,2.84
2011-04-27,2.79
2011-04-28,2.71
2011-04-29,2.69
2011-05-02,2.68
2011-05-03,2.68
2011-05-04,2.69
2011-05-05,2.68
2011-05-06,2.71
2011-05-09,2.67
2011-05-10,2.67
2011-05-11,2.66
2011-05-12,2.66
2011-05-13,2.63
2011-05-16,2.56
2011-05-17,2.52
2011-05-18,2.58
2011-05-19,2.42
2011-05-20,2.53
2011-05-23,2.55
2011-05-24,2.59
2011-05-25,2.58
2011-05-26,2.56
2011-05-27,2.53
2011-05-30,
2011-05-31,2.5
2011-06-01,2.45
2011-06-02,2.5
2011-06-03,2.45
2011-06-06,2.47
2011-06-07,2.46
2011-06-08,2.43
2011-06-09,2.39
2011-06-10,2.41
2011-06-13,2.41
2011-06-14,2.52
2011-06-15,2.49
2011-06-16,2.45
2011-06-17,2.48
2011-06-20,2.47
2011-06-21,2.51
2011-06-22,2.48
2011-06-23,2.63
2011-06-24,2.69
2011-06-27,2.76
2011-06-28,2.76
2011-06-29,2.8
2011-06-30,2.83
2011-07-01,2.85
2011-07-04,
2011-07-05,2.75
2011-07-06,2.73
2011-07-07,2.74
2011-07-08,2.67
2011-07-11,2.61
2011-07-12,2.63
2011-07-13,2.67
2011-07-14,2.62
2011-07-15,2.68
2011-07-18,2.72
2011-07-19,2.72
2011-07-20,2.67
2011-07-21,2.66
2011-07-22,2.73
2011-07-25,2.84
2011-07-26,2.83
2011-07-27,2.8
2011-07-28,2.81
2011-07-29,2.81
2011-08-01,2.81
2011-08-02,2.75
2011-08-03,2.69
2011-08-04,2.67
2011-08-05,2.7
2011-08-08,2.66
2011-08-09,2.65
2011-08-10,2.65
2011-08-11,2.7
2011-08-12,2.68
2011-08-15,2.66
2011-08-16,2.62
2011-08-17,2.59
2011-08-18,2.36
2011-08-19,2.4
2011-08-22,2.41
2011-08-23,2.38
2011-08-24,2.43
2011-08-25,2.52
2011-08-26,2.44
2011-08-29,2.45
2011-08-30,2.43
2011-08-31,2.38
2011-09-01,2.44
2011-09-02,2.32
2011-09-05,
2011-09-06,2.23
2011-09-07,2.25
2011-09-08,2.27
2011-09-09,2.27
2011-09-12,2.25
2011-09-13,2.25
2011-09-14,2.24
2011-09-15,2.19
2011-09-16,2.21
2011-09-19,2.15
2011-09-20,2.15
2011-09-21,2.06
2011-09-22,1.93
2011-09-23,2.0
2011-09-26,2.1
2011-09-27,2.19
2011-09-28,2.17
2011-09-29,2.1
2011-09-30,2.0
2011-10-03,1.98
2011-10-04,2.03
2011-10-05,2.1
2011-10-06,2.18
2011-10-07,2.25
2011-10-10,
2011-10-11,2.25
2011-10-12,2.29
2011-10-13,2.23
2011-10-14,2.3
2011-10-17,2.22
2011-10-18,2.22
2011-10-19,2.19
2011-10-20,2.24
2011-10-21,2.26
2011-10-24,2.28
2011-10-25,2.28
2011-10-26,2.33
2011-10-27,2.42
2011-10-28,2.37
2011-10-31,2.3
2011-11-01,2.28
2011-11-02,2.29
2011-11-03,2.27
2011-11-04,2.31
2011-11-07,2.34
2011-11-08,2.37
2011-11-09,2.21
2011-11-10,2.28
2011-11-11,
2011-11-14,2.26
2011-11-15,2.28
2011-11-16,2.24
2011-11-17,2.21
2011-11-18,2.28
2011-11-21,2.21
2011-11-22,2.18
2011-11-23,2.19
2011-11-24,
2011-11-25,2.2
2011-11-28,2.24
2011-11-29,2.28
2011-11-30,2.34
2011-12-01,2.34
2011-12-02,2.34
2011-12-05,2.33
2011-12-06,2.31
2011-12-07,2.35
2011-12-08,2.31
2011-12-09,2.4
2011-12-12,2.44
2011-12-13,2.37
2011-12-14,2.32
2011-12-15,2.25
2011-12-16,2.24
2011-12-19,2.24
2011-12-20,2.36
2011-12-21,2.4
2011-12-22,2.44
2011-12-23,2.46
2011-12-26,
2011-12-27,2.43
2011-12-28,2.37
2011-12-29,2.31
2011-12-30,2.33
2012-01-02,
2012-01-03,2.36
2012-01-04,2.45
2012-01-05,2.5
2012-01-06,2.47
2012-01-09,2.49
2012-01-10,2.46
2012-01-11,2.39
2012-01-12,2.39
2012-01-13,2.37
2012-01-16,
2012-01-17,2.38
2012-01-18,2.41
2012-01-19,2.27
2012-01-20,2.32
2012-01-23,2.37
2012-01-24,2.37
2012-01-25,2.43
2012-01-26,2.38
2012-01-27,2.34
2012-01-30,2.35
2012-01-31,2.34
2012-02-01,2.41
2012-02-02,2.43
2012-02-03,2.48
2012-02-06,2.47
2012-02-07,2.47
2012-02-08,2.53
2012-02-09,2.51
2012-02-10,2.52
2012-02-13,2.45
2012-02-14,2.46
2012-02-15,2.48
2012-02-16,2.53
2012-02-17,2.55
2012-02-20,
2012-02-21,2.56
2012-02-22,2.57
2012-02-23,2.54
2012-02-24,2.51
2012-02-27,2.46
2012-02-28,2.51
2012-02-29,2.53
2012-03-01,2.53
2012-03-02,2.51
2012-03-05,2.46
2012-03-06,2.42
2012-03-07,2.42
2012-03-08,2.47
2012-03-09,2.49
2012-03-12,2.5
2012-03-13,2.55
2012-03-14,2.57
2012-03-15,2.61
2012-03-16,2.68
2012-03-19,2.71
2012-03-20,2.69
2012-03-21,2.67
2012-03-22,2.68
2012-03-23,2.68
2012-03-26,2.66
2012-03-27,2.65
2012-03-28,2.61
2012-03-29,2.63
2012-03-30,2.62
2012-04-02,2.68
2012-04-03,2.68
2012-04-04,2.64
2012-04-05,2.59
2012-04-06,2.61
2012-04-09,2.62
2012-04-10,2.63
2012-04-11,2.65
2012-04-12,2.69
2012-04-13,2.63
2012-04-16,2.63
2012-04-17,2.67
2012-04-18,2.65
2012-04-19,2.47
2012-04-20,2.5
2012-04-23,2.49
2012-04-24,2.49
2012-04-25,2.48
2012-04-26,2.5
2012-04-27,2.46
2012-04-30,2.44
2012-05-01,2.46
2012-05-02,2.44
2012-05-03,2.45
2012-05-04,2.49
2012-05-07,2.44
2012-05-08,2.37
2012-05-09,2.34
2012-05-10,2.32
2012-05-11,2.33
2012-05-14,2.31
2012-05-15,2.32
2012-05-16,2.29
2012-05-17,2.23
2012-05-18,2.35
2012-05-21,2.46
2012-05-22,2.47
2012-05-23,2.48
2012-05-24,2.49
2012-05-25,2.48
2012-05-28,
2012-05-29,2.46
2012-05-30,2.45
2012-05-31,2.46
2012-06-01,2.47
2012-06-04,2.49
2012-06-05,2.55
2012-06-06,2.59
2012-06-07,2.53
2012-06-08,2.51
2012-06-11,2.47
2012-06-12,2.49
2012-06-13,2.44
2012-06-14,2.43
2012-06-15,2.42
2012-06-18,2.41
2012-06-19,2.47
2012-06-20,2.44
2012-06-21,2.43
2012-06-22,2.48
2012-06-25,2.5
2012-06-26,2.52
2012-06-27,2.52
2012-06-28,2.52
2012-06-29,2.54
2012-07-02,2.51
2012-07-03,2.49
2012-07-04,
2012-07-05,2.46
2012-07-06,2.44
2012-07-09,2.43
2012-07-10,2.45
2012-07-11,2.43
2012-07-12,2.4
2012-07-13,2.44
2012-07-16,2.44
2012-07-17,2.46
2012-07-18,2.45
2012-07-19,2.5
2012-07-20,2.55
2012-07-23,2.55
2012-07-24,2.54
2012-07-25,2.52
2012-07-26,2.51
2012-07-27,2.59
2012-07-30,2.56
2012-07-31,2.57
2012-08-01,2.61
2012-08-02,2.57
2012-08-03,2.65
2012-08-06,2.65
2012-08-07,2.67
2012-08-08,2.66
2012-08-09,2.62
2012-08-10,2.6
2012-08-13,2.56
2012-08-14,2.61
2012-08-15,2.61
2012-08-16,2.6
2012-08-17,2.62
2012-08-20,2.66
2012-08-21,2.64
2012-08-22,2.64
2012-08-23,2.64
2012-08-24,2.62
2012-08-27,2.61
2012-08-28,2.66
2012-08-29,2.65
2012-08-30,2.6
2012-08-31,2.55
2012-09-03,
2012-09-04,2.57
2012-09-05,2.6
2012-09-06,2.61
2012-09-07,2.67
2012-09-10,2.64
2012-09-11,2.65
2012-09-12,2.64
2012-09-13,2.71
2012-09-14,2.89
2012-09-17,2.87
2012-09-18,2.87
2012-09-19,2.89
2012-09-20,2.79
2012-09-21,2.78
2012-09-24,2.79
2012-09-25,2.73
2012-09-26,2.73
2012-09-27,2.77
2012-09-28,2.73
2012-10-01,2.73
2012-10-02,2.82
2012-10-03,2.76
2012-10-04,2.87
2012-10-05,2.86
2012-10-08,
2012-10-09,2.83
2012-10-10,2.81
2012-10-11,2.75
2012-10-12,2.79
2012-10-15,2.77
2012-10-16,2.74
2012-10-17,2.74
2012-10-18,2.82
2012-10-19,2.81
2012-10-22,2.88
2012-10-23,2.85
2012-10-24,2.85
2012-10-25,2.85
2012-10-26,2.86
2012-10-29,2.85
2012-10-30,
2012-10-31,2.88
2012-11-01,2.91
2012-11-02,2.84
2012-11-05,2.87
2012-11-06,2.88
2012-11-07,2.88
2012-11-08,2.87
2012-11-09,2.83
2012-11-12,
2012-11-13,2.82
2012-11-14,2.78
2012-11-15,2.76
2012-11-16,2.77
2012-11-19,2.75
2012-11-20,2.75
2012-11-21,2.75
2012-11-22,
2012-11-23,2.78
2012-11-26,2.74
2012-11-27,2.74
2012-11-28,2.77
2012-11-29,2.8
2012-11-30,2.81
2012-12-03,2.84
2012-12-04,2.86
2012-12-05,2.84
2012-12-06,2.86
2012-12-07,2.9
2012-12-10,2.95
2012-12-11,2.93
2012-12-12,2.9
2012-12-13,2.82
2012-12-14,2.81
2012-12-17,2.85
2012-12-18,2.88
2012-12-19,2.83
2012-12-20,2.84
2012-12-21,2.86
2012-12-24,2.83
2012-12-25,
2012-12-26,2.85
2012-12-27,2.83
2012-12-28,2.86
2012-12-31,2.81
2013-01-01,
2013-01-02,2.84
2013-01-03,2.81
2013-01-04,2.83
2013-01-07,2.88
2013-01-08,2.83
2013-01-09,2.86
2013-01-10,2.86
2013-01-11,2.86
2013-01-14,2.98
2013-01-15,2.84
2013-01-16,2.8
2013-01-17,2.87
2013-01-18,2.86
2013-01-21,
2013-01-22,2.93
2013-01-23,2.83
2013-01-24,2.78
2013-01-25,2.87
2013-01-28,2.86
2013-01-29,2.85
2013-01-30,2.88
2013-01-31,2.85
2013-02-01,2.84
2013-02-04,2.86
2013-02-05,2.86
2013-02-06,2.84
2013-02-07,2.85
2013-02-08,2.91
2013-02-11,2.88
2013-02-12,2.98
2013-02-13,2.92
2013-02-14,2.9
2013-02-15,2.89
2013-02-18,
2013-02-19,2.9
2013-02-20,2.89
2013-02-21,2.87
2013-02-22,2.88
2013-02-25,2.81
2013-02-26,2.82
2013-02-27,2.86
2013-02-28,2.88
2013-03-01,2.86
2013-03-04,2.84
2013-03-05,2.84
2013-03-06,2.85
2013-03-07,2.9
2013-03-08,2.94
2013-03-11,2.86
2013-03-12,2.83
2013-03-13,2.83
2013-03-14,2.83
2013-03-15,2.82
2013-03-18,2.86
2013-03-19,2.81
2013-03-20,2.81
2013-03-21,2.82
2013-03-22,2.83
2013-03-25,2.82
2013-03-26,2.85
2013-03-27,2.8
2013-03-28,2.78
2013-03-29,
2013-04-01,2.79
2013-04-02,2.8
2013-04-03,2.78
2013-04-04,2.83
2013-04-05,2.82
2013-04-08,2.76
2013-04-09,2.84
2013-04-10,2.78
2013-04-11,2.82
2013-04-12,2.75
2013-04-15,2.8
2013-04-16,2.78
2013-04-17,2.76
2013-04-18,2.54
2013-04-19,2.6
2013-04-22,2.66
2013-04-23,2.72
2013-04-24,2.69
2013-04-25,2.68
2013-04-26,2.65
2013-04-29,2.64
2013-04-30,2.62
2013-05-01,2.62
2013-05-02,2.57
2013-05-03,2.59
2013-05-06,2.57
2013-05-07,2.59
2013-05-08,2.55
2013-05-09,2.6
2013-05-10,2.65
2013-05-13,2.64
2013-05-14,2.63
2013-05-15,2.59
2013-05-16,2.57
2013-05-17,2.54
2013-05-20,2.56
2013-05-21,2.57
2013-05-22,2.57
2013-05-23,2.59
2013-05-24,2.61
2013-05-27,
2013-05-28,2.62
2013-05-29,2.55
2013-05-30,2.53
2013-05-31,2.55
2013-06-03,2.51
2013-06-04,2.46
2013-06-05,2.44
2013-06-06,2.39
2013-06-07,2.39
2013-06-10,2.37
2013-06-11,2.31
2013-06-12,2.27
2013-06-13,2.28
2013-06-14,2.28
2013-06-17,2.28
2013-06-18,2.28
2013-06-19,2.25
2013-06-20,2.16
2013-06-21,2.2
2013-06-24,2.24
2013-06-25,2.27
2013-06-26,2.23
2013-06-27,2.25
2013-06-28,2.22
2013-07-01,2.24
2013-07-02,2.26
2013-07-03,2.25
2013-07-04,
2013-07-05,2.27
2013-07-08,2.27
2013-07-09,2.26
2013-07-10,2.25
2013-07-11,2.26
2013-07-12,2.28
2013-07-15,2.34
2013-07-16,2.39
2013-07-17,2.38
2013-07-18,2.47
2013-07-19,2.51
2013-07-22,2.53
2013-07-23,2.5
2013-07-24,2.47
2013-07-25,2.51
2013-07-26,2.47
2013-07-29,2.51
2013-07-30,2.52
2013-07-31,2.57
2013-08-01,2.58
2013-08-02,2.51
2013-08-05,2.58
2013-08-06,2.62
2013-08-07,2.59
2013-08-08,2.58
2013-08-09,2.57
2013-08-12,2.57
2013-08-13,2.54
2013-08-14,2.56
2013-08-15,2.51
2013-08-16,2.53
2013-08-19,2.5
2013-08-20,2.52
2013-08-21,2.51
2013-08-22,2.45
2013-08-23,2.44
2013-08-26,2.48
2013-08-27,2.44
2013-08-28,2.45
2013-08-29,2.4
2013-08-30,2.42
2013-09-02,
2013-09-03,2.44
2013-09-04,2.4
2013-09-05,2.41
2013-09-06,2.43
2013-09-09,2.43
2013-09-10,2.46
2013-09-11,2.5
2013-09-12,2.47
2013-09-13,2.45
2013-09-16,2.48
2013-09-17,2.53
2013-09-18,2.56
2013-09-19,2.59
2013-09-20,2.61
2013-09-23,2.68
2013-09-24,2.61
2013-09-25,2.57
2013-09-26,2.61
2013-09-27,2.6
2013-09-30,2.64
2013-10-01,2.63
2013-10-02,2.6
2013-10-03,2.61
2013-10-04,2.61
2013-10-07,2.61
2013-10-08,2.6
2013-10-09,2.64
2013-10-10,2.61
2013-10-11,2.61
2013-10-14,
2013-10-15,2.63
2013-10-16,2.59
2013-10-17,2.55
2013-10-18,2.58
2013-10-21,2.59
2013-10-22,2.58
2013-10-23,2.54
2013-10-24,2.57
2013-10-25,2.61
2013-10-28,2.59
2013-10-29,2.6
2013-10-30,2.59
2013-10-31,2.6
2013-11-01,2.6
2013-11-04,2.55
2013-11-05,2.56
2013-11-06,2.61
2013-11-07,2.58
2013-11-08,2.59
2013-11-11,
2013-11-12,2.57
2013-11-13,2.55
2013-11-14,2.56
2013-11-15,2.56
2013-11-18,2.58
2013-11-19,2.59
2013-11-20,2.57
2013-11-21,2.62
2013-11-22,2.62
2013-11-25,2.61
2013-11-26,2.63
2013-11-27,2.61
2013-11-28,
2013-11-29,2.61
2013-12-02,2.6
2013-12-03,2.61
2013-12-04,2.58
2013-12-05,2.58
2013-12-06,2.57
2013-12-09,2.61
2013-12-10,2.6
2013-12-11,2.65
2013-12-12,2.63
2013-12-13,2.66
2013-12-16,2.68
2013-12-17,2.67
2013-12-18,2.67
2013-12-19,2.55
2013-12-20,2.68
2013-12-23,2.69
2013-12-24,2.7
2013-12-25,
2013-12-26,2.7
2013-12-27,2.76
2013-12-30,2.82
2013-12-31,2.79
2014-01-01,
2014-01-02,2.81
2014-01-03,2.83
2014-01-06,2.77
2014-01-07,2.69
2014-01-08,2.82
2014-01-09,2.79
2014-01-10,2.83
2014-01-13,2.83
2014-01-14,2.76
2014-01-15,2.84
2014-01-16,2.76
2014-01-17,2.8
2014-01-20,
2014-01-21,2.81
2014-01-22,2.71
2014-01-23,2.54
2014-01-24,2.6
2014-01-27,2.56
2014-01-28,2.59
2014-01-29,2.56
2014-01-30,2.54
2014-01-31,2.56
2014-02-03,2.58
2014-02-04,2.49
2014-02-05,2.5
2014-02-06,2.5
2014-02-07,2.59
2014-02-10,2.59
2014-02-11,2.58
2014-02-12,2.59
2014-02-13,2.57
2014-02-14,2.65
2014-02-17,
2014-02-18,2.49
2014-02-19,2.48
2014-02-20,2.48
2014-02-21,2.5
2014-02-24,2.54
2014-02-25,2.52
2014-02-26,2.56
2014-02-27,2.51
2014-02-28,2.55
2014-03-03,2.54
2014-03-04,2.57
2014-03-05,2.56
2014-03-06,2.58
2014-03-07,2.63
2014-03-10,2.56
2014-03-11,2.54
2014-03-12,2.56
2014-03-13,2.59
2014-03-14,2.6
2014-03-17,2.56
2014-03-18,2.59
2014-03-19,2.59
2014-03-20,2.51
2014-03-21,2.49
2014-03-24,2.51
2014-03-25,2.58
2014-03-26,2.53
2014-03-27,2.53
2014-03-28,2.54
2014-03-31,2.56
2014-04-01,2.57
2014-04-02,2.56
2014-04-03,2.6
2014-04-04,2.55
2014-04-07,2.63
2014-04-08,2.51
2014-04-09,2.58
2014-04-10,2.59
2014-04-11,2.62
2014-04-14,2.55
2014-04-15,2.6
2014-04-16,2.61
2014-04-17,2.47
2014-04-18,
2014-04-21,2.43
2014-04-22,2.44
2014-04-23,2.44
2014-04-24,2.43
2014-04-25,2.44
2014-04-28,2.41
2014-04-29,2.41
2014-04-30,2.4
2014-05-01,2.44
2014-05-02,2.43
2014-05-05,2.44
2014-05-06,2.41
2014-05-07,2.48
2014-05-08,2.45
2014-05-09,2.44
2014-05-12,2.45
2014-05-13,2.43
2014-05-14,2.42
2014-05-15,2.42
2014-05-16,2.42
2014-05-19,2.41
2014-05-20,2.42
2014-05-21,2.41
2014-05-22,2.45
2014-05-23,2.47
2014-05-26,
2014-05-27,2.47
2014-05-28,2.5
2014-05-29,2.5
2014-05-30,2.51
2014-06-02,2.51
2014-06-03,2.46
2014-06-04,2.44
2014-06-05,2.44
2014-06-06,2.47
2014-06-09,2.47
2014-06-10,2.48
2014-06-11,2.5
2014-06-12,2.43
2014-06-13,2.45
2014-06-16,2.48
2014-06-17,2.49
2014-06-18,2.48
2014-06-19,2.48
2014-06-20,2.54
2014-06-23,2.53
2014-06-24,2.51
2014-06-25,2.53
2014-06-26,2.52
2014-06-27,2.51
2014-06-30,2.52
2014-07-01,2.52
2014-07-02,2.51
2014-07-03,2.53
2014-07-04,
2014-07-07,2.53
2014-07-08,2.55
2014-07-09,2.6
2014-07-10,2.56
2014-07-11,2.57
2014-07-14,2.55
2014-07-15,2.54
2014-07-16,2.51
2014-07-17,2.49
2014-07-18,2.52
2014-07-21,2.51
2014-07-22,2.53
2014-07-23,2.54
2014-07-24,2.61
2014-07-25,2.61
2014-07-28,2.61
2014-07-29,2.6
2014-07-30,2.6
2014-07-31,2.61
2014-08-01,2.62
2014-08-04,2.6
2014-08-05,2.58
2014-08-06,2.6
2014-08-07,2.59
2014-08-08,2.64
2014-08-11,2.64
2014-08-12,2.61
2014-08-13,2.58
2014-08-14,2.58
2014-08-15,2.53
2014-08-18,2.51
2014-08-19,2.53
2014-08-20,2.51
2014-08-21,2.54
2014-08-22,2.49
2014-08-25,2.52
2014-08-26,2.45
2014-08-27,2.48
2014-08-28,2.49
2014-08-29,2.48
2014-09-01,
2014-09-02,2.54
2014-09-03,2.57
2014-09-04,2.58
2014-09-05,2.53
2014-09-08,2.52
2014-09-09,2.51
2014-09-10,2.51
2014-09-11,2.48
2014-09-12,2.51
2014-09-15,2.53
2014-09-16,2.49
2014-09-17,2.49
2014-09-18,2.48
2014-09-19,2.5
2014-09-22,2.38
2014-09-23,2.41
2014-09-24,2.4
2014-09-25,2.42
2014-09-26,2.35
2014-09-29,2.29
2014-09-30,2.38
2014-10-01,2.32
2014-10-02,2.33
2014-10-03,2.3
2014-10-06,2.31
2014-10-07,2.32
2014-10-08,2.38
2014-10-09,2.42
2014-10-10,2.4
2014-10-13,
2014-10-14,2.43
2014-10-15,2.35
2014-10-16,2.41
2014-10-17,2.41
2014-10-20,2.37
2014-10-21,2.38
2014-10-22,2.35
2014-10-23,2.39
2014-10-24,2.34
2014-10-27,2.34
2014-10-28,2.35
2014-10-29,2.37
2014-10-30,2.31
2014-10-31,2.31
2014-11-03,2.31
2014-11-04,2.35
2014-11-05,2.32
2014-11-06,2.3
2014-11-07,2.29
2014-11-10,2.3
2014-11-11,
2014-11-12,2.29
2014-11-13,2.28
2014-11-14,2.33
2014-11-17,2.3
2014-11-18,2.26
2014-11-19,2.27
2014-11-20,2.29
2014-11-21,2.28
2014-11-24,2.29
2014-11-25,2.23
2014-11-26,2.2
2014-11-27,
2014-11-28,2.19
2014-12-01,2.19
2014-12-02,2.18
2014-12-03,2.2
2014-12-04,2.18
2014-12-05,2.15
2014-12-08,2.18
2014-12-09,2.12
2014-12-10,2.15
2014-12-11,2.13
2014-12-12,2.08
2014-12-15,2.07
2014-12-16,2.09
2014-12-17,2.08
2014-12-18,2.1
2014-12-19,2.09
2014-12-22,2.11
2014-12-23,2.1
2014-12-24,2.1
2014-12-25,
2014-12-26,2.08
2014-12-29,2.08
2014-12-30,2.07
2014-12-31,2.09
2015-01-01,
2015-01-02,2.12
2015-01-05,2.03
2015-01-06,1.96
2015-01-07,1.98
2015-01-08,2.03
2015-01-09,2.04
2015-01-12,1.98
2015-01-13,2.03
2015-01-14,1.96
2015-01-15,1.98
2015-01-16,2.01
2015-01-19,
2015-01-20,1.99
2015-01-21,2.05
2015-01-22,2.03
2015-01-23,1.99
2015-01-26,1.98
2015-01-27,2.03
2015-01-28,1.98
2015-01-29,1.93
2015-01-30,2.01
2015-02-02,1.98
2015-02-03,2.0
2015-02-04,2.07
2015-02-05,2.02
2015-02-06,2.06
2015-02-09,2.06
2015-02-10,2.08
2015-02-11,2.04
2015-02-12,1.95
2015-02-13,2.04
2015-02-16,
2015-02-17,2.09
2015-02-18,2.1
2015-02-19,2.13
2015-02-20,2.13
2015-02-23,2.1
2015-02-24,2.11
2015-02-25,2.08
2015-02-26,2.09
2015-02-27,2.17
2015-03-02,2.12
2015-03-03,2.15
2015-03-04,2.13
2015-03-05,2.15
2015-03-06,2.11
2015-03-09,2.05
2015-03-10,2.1
2015-03-11,1.99
2015-03-12,2.01
2015-03-13,1.98
2015-03-16,2.03
2015-03-17,1.94
2015-03-18,2.07
2015-03-19,2.09
2015-03-20,2.02
2015-03-23,2.02
2015-03-24,2.01
2015-03-25,2.06
2015-03-26,2.03
2015-03-27,1.98
2015-03-30,1.97
2015-03-31,2.01
2015-04-01,2.02
2015-04-02,2.06
2015-04-03,2.08
2015-04-06,2.1
2015-04-07,2.1
2015-04-08,2.1
2015-04-09,2.09
2015-04-10,2.08
2015-04-13,2.05
2015-04-14,2.05
2015-04-15,2.09
2015-04-16,2.12
2015-04-17,2.13
2015-04-20,2.18
2015-04-21,2.13
2015-04-22,2.14
2015-04-23,2.08
2015-04-24,2.07
2015-04-27,2.11
2015-04-28,2.09
2015-04-29,2.14
2015-04-30,2.16
2015-05-01,2.16
2015-05-04,2.15
2015-05-05,2.16
2015-05-06,2.13
2015-05-07,2.1
2015-05-08,2.1
2015-05-11,2.12
2015-05-12,2.11
2015-05-13,2.05
2015-05-14,2.09
2015-05-15,2.04
2015-05-18,2.08
2015-05-19,2.08
2015-05-20,2.11
2015-05-21,2.05
2015-05-22,2.09
2015-05-25,
2015-05-26,2.05
2015-05-27,2.06
2015-05-28,2.07
2015-05-29,2.03
2015-06-01,2.05
2015-06-02,2.07
2015-06-03,2.07
2015-06-04,2.03
2015-06-05,2.08
2015-06-08,2.07
2015-06-09,2.07
2015-06-10,2.08
2015-06-11,2.03
2015-06-12,2.04
2015-06-15,2.06
2015-06-16,2.09
2015-06-17,2.11
2015-06-18,2.11
2015-06-19,2.09
2015-06-22,2.15
2015-06-23,2.17
2015-06-24,2.16
2015-06-25,2.19
2015-06-26,2.18
2015-06-29,2.15
2015-06-30,2.13
2015-07-01,2.18
2015-07-02,2.2
2015-07-03,
2015-07-06,2.17
2015-07-07,2.17
2015-07-08,2.12
2015-07-09,2.14
2015-07-10,2.16
2015-07-13,2.16
2015-07-14,2.15
2015-07-15,2.15
2015-07-16,2.16
2015-07-17,2.16
2015-07-20,2.15
2015-07-21,2.15
2015-07-22,2.12
2015-07-23,2.13
2015-07-24,2.12
2015-07-27,2.11
2015-07-28,2.12
2015-07-29,2.14
2015-07-30,2.14
2015-07-31,2.12
2015-08-03,2.09
2015-08-04,2.11
2015-08-05,2.09
2015-08-06,2.03
2015-08-07,2.04
2015-08-10,2.08
2015-08-11,2.05
2015-08-12,1.97
2015-08-13,2.0
2015-08-14,1.99
2015-08-17,1.94
2015-08-18,1.95
2015-08-19,1.97
2015-08-20,1.95
2015-08-21,1.93
2015-08-24,1.87
2015-08-25,1.91
2015-08-26,1.93
2015-08-27,1.96
2015-08-28,2.0
2015-08-31,2.0
2015-09-01,1.96
2015-09-02,1.93
2015-09-03,1.92
2015-09-04,1.88
2015-09-07,
2015-09-08,1.91
2015-09-09,1.97
2015-09-10,1.97
2015-09-11,1.97
2015-09-14,1.93
2015-09-15,1.92
2015-09-16,1.93
2015-09-17,1.92
2015-09-18,1.91
2015-09-21,1.89
2015-09-22,1.87
2015-09-23,1.88
2015-09-24,1.87
2015-09-25,1.81
2015-09-28,1.76
2015-09-29,1.75
2015-09-30,1.75
2015-10-01,1.79
2015-10-02,1.81
2015-10-05,1.84
2015-10-06,1.82
2015-10-07,1.88
2015-10-08,1.9
2015-10-09,1.86
2015-10-12,
2015-10-13,1.86
2015-10-14,1.83
2015-10-15,1.82
2015-10-16,1.78
2015-10-19,1.77
2015-10-20,1.8
2015-10-21,1.77
2015-10-22,1.8
2015-10-23,1.83
2015-10-26,1.8
2015-10-27,1.81
2015-10-28,1.8
2015-10-29,1.85
2015-10-30,1.86
2015-11-02,1.87
2015-11-03,1.89
2015-11-04,1.88
2015-11-05,1.87
2015-11-06,1.93
2015-11-09,1.92
2015-11-10,1.85
2015-11-11,
2015-11-12,1.84
2015-11-13,1.83
2015-11-16,1.82
2015-11-17,1.83
2015-11-18,1.87
2015-11-19,1.85
2015-11-20,1.89
2015-11-23,1.89
2015-11-24,1.91
2015-11-25,1.91
2015-11-26,
2015-11-27,1.89
2015-11-30,1.88
2015-12-01,1.85
2015-12-02,1.85
2015-12-03,1.89
2015-12-04,1.9
2015-12-07,1.87
2015-12-08,1.87
2015-12-09,1.85
2015-12-10,1.82
2015-12-11,1.75
2015-12-14,1.73
2015-12-15,1.74
2015-12-16,1.72
2015-12-17,1.73
2015-12-18,1.71
2015-12-21,1.71
2015-12-22,1.73
2015-12-23,1.77
2015-12-24,1.81
2015-12-25,
2015-12-28,1.76
2015-12-29,1.78
2015-12-30,1.8
2015-12-31,1.77
2016-01-01,
2016-01-04,1.79
2016-01-05,1.81
2016-01-06,1.8
2016-01-07,1.75
2016-01-08,1.73
2016-01-11,1.71
2016-01-12,1.67
2016-01-13,1.68
2016-01-14,1.66
2016-01-15,1.6
2016-01-18,
2016-01-19,1.6
2016-01-20,1.54
2016-01-21,1.48
2016-01-22,1.55
2016-01-25,1.53
2016-01-26,1.55
2016-01-27,1.62
2016-01-28,1.64
2016-01-29,1.63
2016-02-01,1.6
2016-02-02,1.58
2016-02-03,1.6
2016-02-04,1.59
2016-02-05,1.59
2016-02-08,1.49
2016-02-09,1.49
2016-02-10,1.47
2016-02-11,1.42
2016-02-12,1.47
2016-02-15,
2016-02-16,1.47
2016-02-17,1.52
2016-02-18,1.46
2016-02-19,1.46
2016-02-22,1.51
2016-02-23,1.51
2016-02-24,1.57
2016-02-25,1.6
2016-02-26,1.62
2016-02-29,1.61
2016-03-01,1.67
2016-03-02,1.68
2016-03-03,1.7
2016-03-04,1.66
2016-03-07,1.6
2016-03-08,1.59
2016-03-09,1.65
2016-03-10,1.61
2016-03-11,1.67
2016-03-14,1.66
2016-03-15,1.65
2016-03-16,1.71
2016-03-17,1.68
2016-03-18,1.75
2016-03-21,1.78
2016-03-22,1.78
2016-03-23,1.72
2016-03-24,1.72
2016-03-25,
2016-03-28,1.72
2016-03-29,1.75
2016-03-30,1.78
2016-03-31,1.75
2016-04-01,1.75
2016-04-04,1.8
2016-04-05,1.75
2016-04-06,1.75
2016-04-07,1.75
2016-04-08,1.73
2016-04-11,1.71
2016-04-12,1.75
2016-04-13,1.69
2016-04-14,1.7
2016-04-15,1.7
2016-04-18,1.73
2016-04-19,1.74
2016-04-20,1.75
2016-04-21,1.72
2016-04-22,1.72
2016-04-25,1.74
2016-04-26,1.78
2016-04-27,1.79
2016-04-28,1.83
2016-04-29,1.82
2016-05-02,1.78
2016-05-03,1.74
2016-05-04,1.74
2016-05-05,1.74
2016-05-06,1.71
2016-05-09,1.68
2016-05-10,1.71
2016-05-11,1.65
2016-05-12,1.67
2016-05-13,1.64
2016-05-16,1.67
2016-05-17,1.66
2016-05-18,1.68
2016-05-19,1.61
2016-05-20,1.61
2016-05-23,1.59
2016-05-24,1.59
2016-05-25,1.65
2016-05-26,1.65
2016-05-27,1.65
2016-05-30,
2016-05-31,1.61
2016-06-01,1.61
2016-06-02,1.6
2016-06-03,1.59
2016-06-06,1.59
2016-06-07,1.63
2016-06-08,1.64
2016-06-09,1.59
2016-06-10,1.55
2016-06-13,1.49
2016-06-14,1.45
2016-06-15,1.47
2016-06-16,1.42
2016-06-17,1.41
2016-06-20,1.43
2016-06-21,1.45
2016-06-22,1.47
2016-06-23,1.53
2016-06-24,1.48
2016-06-27,1.41
2016-06-28,1.42
2016-06-29,1.44
2016-06-30,1.42
2016-07-01,1.43
2016-07-04,
2016-07-05,1.41
2016-07-06,1.45
2016-07-07,1.45
2016-07-08,1.47
2016-07-11,1.43
2016-07-12,1.46
2016-07-13,1.47
2016-07-14,1.46
2016-07-15,1.54
2016-07-18,1.57
2016-07-19,1.49
2016-07-20,1.52
2016-07-21,1.66
2016-07-22,1.66
2016-07-25,1.66
2016-07-26,1.67
2016-07-27,1.67
2016-07-28,1.71
2016-07-29,1.67
2016-08-01,1.65
2016-08-02,1.63
2016-08-03,1.64
2016-08-04,1.64
2016-08-05,1.67
2016-08-08,1.68
2016-08-09,1.68
2016-08-10,1.61
2016-08-11,1.62
2016-08-12,1.59
2016-08-15,1.6
2016-08-16,1.6
2016-08-17,1.63
2016-08-18,1.62
2016-08-19,1.62
2016-08-22,1.6
2016-08-23,1.62
2016-08-24,1.64
2016-08-25,1.65
2016-08-26,1.63
2016-08-29,1.63
2016-08-30,1.64
2016-08-31,1.67
2016-09-01,1.66
2016-09-02,1.66
2016-09-05,
2016-09-06,1.69
2016-09-07,1.72
2016-09-08,1.7
2016-09-09,1.68
2016-09-12,1.69
2016-09-13,1.67
2016-09-14,1.68
2016-09-15,1.67
2016-09-16,1.68
2016-09-19,1.65
2016-09-20,1.65
2016-09-21,1.65
2016-09-22,1.7
2016-09-23,1.72
2016-09-26,1.68
2016-09-27,1.66
2016-09-28,1.68
2016-09-29,1.64
2016-09-30,1.75
2016-10-03,1.79
2016-10-04,1.79
2016-10-05,1.76
2016-10-06,1.79
2016-10-07,1.76
2016-10-10,
2016-10-11,1.77
2016-10-12,1.77
2016-10-13,1.76
2016-10-14,1.81
2016-10-17,1.81
2016-10-18,1.78
2016-10-19,1.8
2016-10-20,1.8
2016-10-21,1.78
2016-10-24,1.79
2016-10-25,1.83
2016-10-26,1.84
2016-10-27,1.87
2016-10-28,1.86
2016-10-31,1.87
2016-11-01,1.85
2016-11-02,1.85
2016-11-03,1.84
2016-11-04,1.84
2016-11-07,1.86
2016-11-08,1.89
2016-11-09,1.97
2016-11-10,2.06
2016-11-11,
2016-11-14,2.01
2016-11-15,1.97
2016-11-16,2.0
2016-11-17,2.03
2016-11-18,2.06
2016-11-21,2.08
2016-11-22,2.05
2016-11-23,2.1
2016-11-24,
2016-11-25,2.04
2016-11-28,2.01
2016-11-29,2.03
2016-11-30,2.11
2016-12-01,2.13
2016-12-02,2.06
2016-12-05,2.09
2016-12-06,2.1
2016-12-07,2.06
2016-12-08,2.07
2016-12-09,2.09
2016-12-12,2.1
2016-12-13,2.04
2016-12-14,2.06
2016-12-15,2.02
2016-12-16,1.97
2016-12-19,1.98
2016-12-20,2.0
2016-12-21,2.08
2016-12-22,2.04
2016-12-23,2.1
2016-12-26,
2016-12-27,2.1
2016-12-28,2.05
2016-12-29,2.07
2016-12-30,2.06
2017-01-02,
2017-01-03,2.1
2017-01-04,2.12
2017-01-05,2.07
2017-01-06,2.08
2017-01-09,2.05
2017-01-10,2.06
2017-01-11,2.13
2017-01-12,2.09
2017-01-13,2.13
2017-01-16,
2017-01-17,2.1
2017-01-18,2.14
2017-01-19,2.18
2017-01-20,2.16
2017-01-23,2.18
2017-01-24,2.19
2017-01-25,2.2
2017-01-26,2.22
2017-01-27,2.2
2017-01-30,2.19
2017-01-31,2.16
2017-02-01,2.18
2017-02-02,2.17
2017-02-03,2.19
2017-02-06,2.13
2017-02-07,2.13
2017-02-08,2.1
2017-02-09,2.12
2017-02-10,2.15
2017-02-13,2.13
2017-02-14,2.15
2017-02-15,2.19
2017-02-16,2.14
2017-02-17,2.17
2017-02-20,
2017-02-21,2.19
2017-02-22,2.16
2017-02-23,2.16
2017-02-24,2.1
2017-02-27,2.16
2017-02-28,2.15
2017-03-01,2.22
2017-03-02,2.18
2017-03-03,2.16
2017-03-06,2.12
2017-03-07,2.14
2017-03-08,2.12
2017-03-09,2.11
2017-03-10,2.12
2017-03-13,2.16
2017-03-14,2.1
2017-03-15,2.18
2017-03-16,2.17
2017-03-17,2.13
2017-03-20,2.14
2017-03-21,2.16
2017-03-22,2.15
2017-03-23,2.15
2017-03-24,2.23
2017-03-27,2.19
2017-03-28,2.21
2017-03-29,2.16
2017-03-30,2.11
2017-03-31,2.17
2017-04-03,2.19
2017-04-04,2.15
2017-04-05,2.17
2017-04-06,2.19
2017-04-07,2.18
2017-04-10,2.17
2017-04-11,2.12
2017-04-12,2.11
2017-04-13,2.1
2017-04-14,
2017-04-17,2.07
2017-04-18,2.05
2017-04-19,2.04
2017-04-20,1.88
2017-04-21,1.89
2017-04-24,1.93
2017-04-25,1.97
2017-04-26,1.97
2017-04-27,2.01
2017-04-28,2.03
2017-05-01,2.04
2017-05-02,1.99
2017-05-03,1.98
2017-05-04,2.0
2017-05-05,1.97
2017-05-08,1.97
2017-05-09,1.98
2017-05-10,1.92
2017-05-11,1.94
2017-05-12,1.93
2017-05-15,1.9
2017-05-16,1.9
2017-05-17,1.86
2017-05-18,1.88
2017-05-19,1.89
2017-05-22,1.89
2017-05-23,1.89
2017-05-24,1.89
2017-05-25,1.9
2017-05-26,1.89
2017-05-29,
2017-05-30,1.89
2017-05-31,1.9
2017-06-01,1.89
2017-06-02,1.86
2017-06-05,1.86
2017-06-06,1.83
2017-06-07,1.87
2017-06-08,1.87
2017-06-09,1.88
2017-06-12,1.83
2017-06-13,1.83
2017-06-14,1.83
2017-06-15,1.78
2017-06-16,1.78
2017-06-19,1.78
2017-06-20,1.78
2017-06-21,1.78
2017-06-22,1.81
2017-06-23,1.81
2017-06-26,1.81
2017-06-27,1.8
2017-06-28,1.81
2017-06-29,1.82
2017-06-30,1.83
2017-07-03,1.84
2017-07-04,
2017-07-05,1.85
2017-07-06,1.86
2017-07-07,1.83
2017-07-10,1.84
2017-07-11,1.89
2017-07-12,1.89
2017-07-13,1.9
2017-07-14,1.9
2017-07-17,1.9
2017-07-18,1.9
2017-07-19,1.87
2017-07-20,1.92
2017-07-21,1.9
2017-07-24,1.94
2017-07-25,1.95
2017-07-26,1.94
2017-07-27,1.98
2017-07-28,1.98
2017-07-31,1.97
2017-08-01,1.96
2017-08-02,1.95
2017-08-03,1.94
2017-08-04,1.95
2017-08-07,1.95
2017-08-08,1.97
2017-08-09,1.94
2017-08-10,1.92
2017-08-11,1.94
2017-08-14,1.95
2017-08-15,1.93
2017-08-16,1.94
2017-08-17,1.93
2017-08-18,1.91
2017-08-21,1.91
2017-08-22,1.93
2017-08-23,1.92
2017-08-24,1.9
2017-08-25,1.93
2017-08-28,1.94
2017-08-29,1.94
2017-08-30,1.95
2017-08-31,1.94
2017-09-01,1.95
2017-09-04,
2017-09-05,1.96
2017-09-06,1.96
2017-09-07,1.97
2017-09-08,1.99
2017-09-11,2.03
2017-09-12,2.01
2017-09-13,2.02
2017-09-14,2.0
2017-09-15,1.98
2017-09-18,2.0
2017-09-19,2.0
2017-09-20,1.99
2017-09-21,1.96
2017-09-22,1.97
2017-09-25,1.96
2017-09-26,1.96
2017-09-27,2.0
2017-09-28,2.01
2017-09-29,2.0
2017-10-02,1.93
2017-10-03,2.0
2017-10-04,1.97
2017-10-05,1.98
2017-10-06,1.96
2017-10-09,
2017-10-10,2.01
2017-10-11,2.03
2017-10-12,1.99
2017-10-13,1.99
2017-10-16,2.02
2017-10-17,1.95
2017-10-18,1.99
2017-10-19,2.02
2017-10-20,1.98
2017-10-23,2.03
2017-10-24,2.01
2017-10-25,2.02
2017-10-26,2.02
2017-10-27,2.0
2017-10-30,1.97
2017-10-31,1.97
2017-11-01,2.05
2017-11-02,1.95
2017-11-03,1.98
2017-11-06,1.95
2017-11-07,1.96
2017-11-08,1.97
2017-11-09,1.94
2017-11-10,1.98
2017-11-13,1.97
2017-11-14,1.95
2017-11-15,1.92
2017-11-16,1.89
2017-11-17,1.97
2017-11-20,1.96
2017-11-21,1.93
2017-11-22,1.93
2017-11-23,
2017-11-24,1.97
2017-11-27,1.97
2017-11-28,1.99
2017-11-29,1.99
2017-11-30,1.99
2017-12-01,2.0
2017-12-04,1.98
2017-12-05,2.03
2017-12-06,1.98
2017-12-07,2.0
2017-12-08,2.05
2017-12-11,2.0
2017-12-12,2.0
2017-12-13,2.02
2017-12-14,1.98
2017-12-15,1.99
2017-12-18,2.07
2017-12-19,2.08
2017-12-20,2.1
2017-12-21,2.02
2017-12-22,2.06
2017-12-25,
2017-12-26,2.12
2017-12-27,2.06
2017-12-28,2.06
2017-12-29,2.06
2018-01-01,
2018-01-02,2.1
2018-01-03,2.09
2018-01-04,2.1
2018-01-05,2.07
2018-01-08,2.13
2018-01-09,2.11
2018-01-10,2.12
2018-01-11,2.11
2018-01-12,2.1
2018-01-15,
2018-01-16,2.12
2018-01-17,2.18
2018-01-18,2.11
2018-01-19,2.12
2018-01-22,2.12
2018-01-23,2.2
2018-01-24,2.18
2018-01-25,2.23
2018-01-26,2.25
2018-01-29,2.26
2018-01-30,2.23
2018-01-31,2.24
2018-02-01,2.29
2018-02-02,2.35
2018-02-05,2.25
2018-02-06,2.32
2018-02-07,2.3
2018-02-08,2.29
2018-02-09,2.27
2018-02-12,2.3
2018-02-13,2.22
2018-02-14,2.27
2018-02-15,2.22
2018-02-16,2.18
2018-02-19,
2018-02-20,2.16
2018-02-21,2.18
2018-02-22,2.16
2018-02-23,2.2
2018-02-26,2.19
2018-02-27,2.17
2018-02-28,2.2
2018-03-01,2.17
2018-03-02,2.21
2018-03-05,2.21
2018-03-06,2.14
2018-03-07,2.16
2018-03-08,2.14
2018-03-09,2.28
2018-03-12,2.18
2018-03-13,2.13
2018-03-14,2.1
2018-03-15,2.09
2018-03-16,2.11
2018-03-19,2.12
2018-03-20,2.11
2018-03-21,2.22
2018-03-22,2.13
2018-03-23,2.13
2018-03-26,2.15
2018-03-27,2.2
2018-03-28,2.19
2018-03-29,2.18
2018-03-30,
2018-04-02,2.11
2018-04-03,2.17
2018-04-04,2.12
2018-04-05,2.23
2018-04-06,2.13
2018-04-09,2.12
2018-04-10,2.16
2018-04-11,2.16
2018-04-12,2.21
2018-04-13,2.25
2018-04-16,2.16
2018-04-17,2.27
2018-04-18,2.28
2018-04-19,2.22
2018-04-20,2.24
2018-04-23,2.25
2018-04-24,2.24
2018-04-25,2.25
2018-04-26,2.26
2018-04-27,2.25
2018-04-30,2.24
2018-05-01,2.23
2018-05-02,2.25
2018-05-03,2.23
2018-05-04,2.23
2018-05-07,2.23
2018-05-08,2.22
2018-05-09,2.23
2018-05-10,2.22
2018-05-11,2.17
2018-05-14,2.18
2018-05-15,2.21
2018-05-16,2.18
2018-05-17,2.16
2018-05-18,2.16
2018-05-21,2.17
2018-05-22,2.17
2018-05-23,2.16
2018-05-24,2.13
2018-05-25,2.14
2018-05-28,
2018-05-29,2.1
2018-05-30,2.12
2018-05-31,2.11
2018-06-01,2.12
2018-06-04,2.18
2018-06-05,2.21
2018-06-06,2.22
2018-06-07,2.18
2018-06-08,2.16
2018-06-11,2.18
2018-06-12,2.19
2018-06-13,2.15
2018-06-14,2.17
2018-06-15,2.16
2018-06-18,2.16
2018-06-19,2.17
2018-06-20,2.18
2018-06-21,2.17
2018-06-22,2.17
2018-06-25,2.14
2018-06-26,2.17
2018-06-27,2.15
2018-06-28,2.13
2018-06-29,2.16
2018-07-02,2.21
2018-07-03,2.16
2018-07-04,
2018-07-05,2.16
2018-07-06,2.16
2018-07-09,2.16
2018-07-10,2.17
2018-07-11,2.15
2018-07-12,2.14
2018-07-13,2.15
2018-07-16,2.15
2018-07-17,2.15
2018-07-18,2.15
2018-07-19,2.17
2018-07-20,2.2
2018-07-23,2.21
2018-07-24,2.22
2018-07-25,2.25
2018-07-26,2.22
2018-07-27,2.24
2018-07-30,2.25
2018-07-31,2.24
2018-08-01,2.26
2018-08-02,2.25
2018-08-03,2.24
2018-08-06,2.24
2018-08-07,2.26
2018-08-08,2.24
2018-08-09,2.25
2018-08-10,2.2
2018-08-13,2.21
2018-08-14,2.19
2018-08-15,2.19
2018-08-16,2.19
2018-08-17,2.2
2018-08-20,2.19
2018-08-21,2.19
2018-08-22,2.2
2018-08-23,2.19
2018-08-24,2.19
2018-08-27,2.22
2018-08-28,2.23
2018-08-29,2.24
2018-08-30,2.21
2018-08-31,2.18
2018-09-03,
2018-09-04,2.21
2018-09-05,2.2
2018-09-06,2.19
2018-09-07,2.22
2018-09-10,2.22
2018-09-11,2.23
2018-09-12,2.22
2018-09-13,2.22
2018-09-14,2.2
2018-09-17,2.21
2018-09-18,2.25
2018-09-19,2.28
2018-09-20,2.28
2018-09-21,2.28
2018-09-24,2.29
2018-09-25,2.27
2018-09-26,2.24
2018-09-27,2.26
2018-09-28,2.25
2018-10-01,2.24
2018-10-02,2.21
2018-10-03,2.25
2018-10-04,2.26
2018-10-05,2.27
2018-10-08,
2018-10-09,2.29
2018-10-10,2.28
2018-10-11,2.25
2018-10-12,2.25
2018-10-15,2.26
2018-10-16,2.25
2018-10-17,2.26
2018-10-18,2.21
2018-10-19,2.24
2018-10-22,2.24
2018-10-23,2.24
2018-10-24,2.21
2018-10-25,2.19
2018-10-26,2.19
2018-10-29,2.2
2018-10-30,2.19
2018-10-31,2.2
2018-11-01,2.16
2018-11-02,2.21
2018-11-05,2.21
2018-11-06,2.22
2018-11-07,2.21
2018-11-08,2.22
2018-11-09,2.18
2018-11-12,
2018-11-13,2.16
2018-11-14,2.15
2018-11-15,2.15
2018-11-16,2.16
2018-11-19,2.13
2018-11-20,2.12
2018-11-21,2.13
2018-11-22,
2018-11-23,2.15
2018-11-26,2.14
2018-11-27,2.09
2018-11-28,2.14
2018-11-29,2.17
2018-11-30,2.17
2018-12-03,2.16
2018-12-04,2.14
2018-12-05,
2018-12-06,2.11
2018-12-07,2.1
2018-12-10,2.07
2018-12-11,2.04
2018-12-12,2.04
2018-12-13,2.04
2018-12-14,2.04
2018-12-17,2.04
2018-12-18,2.04
2018-12-19,2.04
2018-12-20,1.99
2018-12-21,1.99
2018-12-24,1.98
2018-12-25,
2018-12-26,1.97
2018-12-27,1.95
2018-12-28,1.94
2018-12-31,1.91
2019-01-01,
2019-01-02,1.91
2019-01-03,1.87
2019-01-04,1.94
2019-01-07,1.95
2019-01-08,1.98
2019-01-09,1.98
2019-01-10,1.97
2019-01-11,2.0
2019-01-14,1.98
2019-01-15,1.99
2019-01-16,2.0
2019-01-17,1.94
2019-01-18,1.99
2019-01-21,
2019-01-22,1.95
2019-01-23,1.96
2019-01-24,1.92
2019-01-25,1.94
2019-01-28,1.94
2019-01-29,1.94
2019-01-30,2.0
2019-01-31,2.0
2019-02-01,2.04
2019-02-04,2.02
2019-02-05,2.02
2019-02-06,2.01
2019-02-07,1.99
2019-02-08,1.95
2019-02-11,1.95
2019-02-12,1.95
2019-02-13,1.96
2019-02-14,1.96
2019-02-15,1.97
2019-02-18,
2019-02-19,1.98
2019-02-20,1.99
2019-02-21,2.02
2019-02-22,2.0
2019-02-25,2.02
2019-02-26,2.02
2019-02-27,2.02
2019-02-28,2.06
2019-03-01,2.07
2019-03-04,2.04
2019-03-05,2.03
2019-03-06,2.01
2019-03-07,2.0
2019-03-08,2.0
2019-03-11,2.0
2019-03-12,1.99
2019-03-13,2.0
2019-03-14,2.03
2019-03-15,2.02
2019-03-18,2.04
2019-03-19,2.05
2019-03-20,2.04
2019-03-21,2.06
2019-03-22,2.0
2019-03-25,1.99
2019-03-26,1.97
2019-03-27,1.94
2019-03-28,1.94
2019-03-29,1.98
2019-04-01,1.98
2019-04-02,1.99
2019-04-03,2.01
2019-04-04,1.99
2019-04-05,2.01
2019-04-08,2.01
2019-04-09,2.02
2019-04-10,2.05
2019-04-11,2.06
2019-04-12,2.04
2019-04-15,2.03
2019-04-16,2.06
2019-04-17,2.04
2019-04-18,2.04
2019-04-19,
2019-04-22,2.03
2019-04-23,2.03
2019-04-24,2.05
2019-04-25,2.1
2019-04-26,2.08
2019-04-29,2.06
2019-04-30,2.05
2019-05-01,2.03
2019-05-02,2.0
2019-05-03,2.02
2019-05-06,2.01
2019-05-07,1.98
2019-05-08,1.99
2019-05-09,1.97
2019-05-10,2.01
2019-05-13,1.97
2019-05-14,1.97
2019-05-15,1.92
2019-05-16,1.93
2019-05-17,1.91
2019-05-20,1.91
2019-05-21,1.94
2019-05-22,1.9
2019-05-23,1.84
2019-05-24,1.9
2019-05-27,
2019-05-28,1.88
2019-05-29,1.91
2019-05-30,1.89
2019-05-31,1.9
2019-06-03,1.9
2019-06-04,1.89
2019-06-05,1.91
2019-06-06,1.88
2019-06-07,1.87
2019-06-10,1.86
2019-06-11,1.87
2019-06-12,1.89
2019-06-13,1.85
2019-06-14,1.78
2019-06-17,1.77
2019-06-18,1.79
2019-06-19,1.81
2019-06-20,1.9
2019-06-21,1.86
2019-06-24,1.85
2019-06-25,1.82
2019-06-26,1.84
2019-06-27,1.83
2019-06-28,1.85
2019-07-01,1.85
2019-07-02,1.8
2019-07-03,1.79
2019-07-04,
2019-07-05,1.83
2019-07-08,1.85
2019-07-09,1.86
2019-07-10,1.89
2019-07-11,1.91
2019-07-12,1.92
2019-07-15,1.93
2019-07-16,1.97
2019-07-17,1.9
2019-07-18,1.98
2019-07-19,2.0
2019-07-22,1.99
2019-07-23,2.01
2019-07-24,1.99
2019-07-25,2.0
2019-07-26,1.99
2019-07-29,1.97
2019-07-30,1.98
2019-07-31,1.96
2019-08-01,1.93
2019-08-02,1.87
2019-08-05,1.81
2019-08-06,1.84
2019-08-07,1.86
2019-08-08,1.87
2019-08-09,1.88
2019-08-12,1.83
2019-08-13,1.82
2019-08-14,1.78
2019-08-15,1.74
2019-08-16,1.74
2019-08-19,1.76
2019-08-20,1.72
2019-08-21,1.74
2019-08-22,1.75
2019-08-23,1.73
2019-08-26,1.74
2019-08-27,1.74
2019-08-28,1.74
2019-08-29,1.79
2019-08-30,1.75
2019-09-02,
2019-09-03,1.71
2019-09-04,1.71
2019-09-05,1.77
2019-09-06,1.73
2019-09-09,1.76
2019-09-10,1.8
2019-09-11,1.8
2019-09-12,1.83
2019-09-13,1.88
2019-09-16,1.86
2019-09-17,1.86
2019-09-18,1.78
2019-09-19,1.81
2019-09-20,1.8
2019-09-23,1.8
2019-09-24,1.77
2019-09-25,1.79
2019-09-26,1.74
2019-09-27,1.7
2019-09-30,1.71
2019-10-01,1.71
2019-10-02,1.71
2019-10-03,1.71
2019-10-04,1.73
2019-10-07,1.75
2019-10-08,1.71
2019-10-09,1.74
2019-10-10,1.75
2019-10-11,1.78
2019-10-14,
2019-10-15,1.79
2019-10-16,1.79
2019-10-17,1.66
2019-10-18,1.68
2019-10-21,1.69
2019-10-22,1.69
2019-10-23,1.7
2019-10-24,1.72
2019-10-25,1.75
2019-10-28,1.75
2019-10-29,1.71
2019-10-30,1.67
2019-10-31,1.64
2019-11-01,1.68
2019-11-04,1.72
2019-11-05,1.78
2019-11-06,1.75
2019-11-07,1.77
2019-11-08,1.79
2019-11-11,
2019-11-12,1.8
2019-11-13,1.74
2019-11-14,1.7
2019-11-15,1.74
2019-11-18,1.72
2019-11-19,1.73
2019-11-20,1.69
2019-11-21,1.73
2019-11-22,1.71
2019-11-25,1.71
2019-11-26,1.72
2019-11-27,1.72
2019-11-28,
2019-11-29,1.72
2019-12-02,1.76
2019-12-03,1.75
2019-12-04,1.78
2019-12-05,1.79
2019-12-06,1.79
2019-12-09,1.79
2019-12-10,1.83
2019-12-11,1.78
2019-12-12,1.82
2019-12-13,1.78
2019-12-16,1.82
2019-12-17,1.85
2019-12-18,1.84
2019-12-19,1.86
2019-12-20,1.87
2019-12-23,1.83
2019-12-24,1.83
2019-12-25,
2019-12-26,1.82
2019-12-27,1.82
2019-12-30,1.84
2019-12-31,1.86
2020-01-01,
2020-01-02,1.88
2020-01-03,1.85
2020-01-06,1.81
2020-01-07,1.81
2020-01-08,1.82
2020-01-09,1.81
2020-01-10,1.85
2020-01-13,1.84
2020-01-14,1.84
2020-01-15,1.83
2020-01-16,1.8
2020-01-17,1.82
2020-01-20,
2020-01-21,1.82
2020-01-22,1.8
2020-01-23,1.76
2020-01-24,1.74
2020-01-27,1.7
2020-01-28,1.71
2020-01-29,1.7
2020-01-30,1.69
2020-01-31,1.7
2020-02-03,1.7
2020-02-04,1.7
2020-02-05,1.71
2020-02-06,1.73
2020-02-07,1.71
2020-02-10,1.7
2020-02-11,1.7
2020-02-12,1.68
2020-02-13,1.69
2020-02-14,1.68
2020-02-17,
2020-02-18,1.66
2020-02-19,1.65
2020-02-20,1.63
2020-02-21,1.62
2020-02-24,1.61
2020-02-25,1.54
2020-02-26,1.58
2020-02-27,1.58
2020-02-28,1.49
2020-03-02,1.5
2020-03-03,1.56
2020-03-04,1.58
2020-03-05,1.52
2020-03-06,1.48
2020-03-09,1.18
2020-03-10,1.23
2020-03-11,1.23
2020-03-12,1.21
2020-03-13,1.27
2020-03-16,1.16
2020-03-17,1.1
2020-03-18,1.1
2020-03-19,0.86
2020-03-20,1.19
2020-03-23,1.23
2020-03-24,1.39
2020-03-25,1.45
2020-03-26,1.42
2020-03-27,1.34
2020-03-30,1.33
2020-03-31,1.25
2020-04-01,1.26
2020-04-02,1.33
2020-04-03,1.38
2020-04-06,1.43
2020-04-07,1.48
2020-04-08,1.51
2020-04-09,1.56
2020-04-10,
2020-04-13,1.58
2020-04-14,1.64
2020-04-15,1.51
2020-04-16,1.36
2020-04-17,1.35
2020-04-20,1.32
2020-04-21,1.34
2020-04-22,1.43
2020-04-23,1.43
2020-04-24,1.5
2020-04-27,1.56
2020-04-28,1.52
2020-04-29,1.5
2020-04-30,1.42
2020-05-01,1.44
2020-05-04,1.45
2020-05-05,1.49
2020-05-06,1.49
2020-05-07,1.46
2020-05-08,1.5
2020-05-11,1.51
2020-05-12,1.46
2020-05-13,1.43
2020-05-14,1.41
2020-05-15,1.43
2020-05-18,1.5
2020-05-19,1.48
2020-05-20,1.49
2020-05-21,1.47
2020-05-22,1.44
2020-05-25,
2020-05-26,1.44
2020-05-27,1.46
2020-05-28,1.5
2020-05-29,1.47
2020-06-01,1.52
2020-06-02,1.52
2020-06-03,1.54
2020-06-04,1.56
2020-06-05,1.59
2020-06-08,1.58
2020-06-09,1.54
2020-06-10,1.54
2020-06-11,1.47
2020-06-12,1.47
2020-06-15,1.48
2020-06-16,1.52
2020-06-17,1.51
2020-06-18,1.44
2020-06-19,1.54
2020-06-22,1.57
2020-06-23,1.62
2020-06-24,1.56
2020-06-25,1.55
2020-06-26,1.53
2020-06-29,1.54
2020-06-30,1.52
2020-07-01,1.57
2020-07-02,1.61
2020-07-03,
2020-07-06,1.62
2020-07-07,1.6
2020-07-08,1.59
2020-07-09,1.56
2020-07-10,1.57
2020-07-13,1.57
2020-07-14,1.55
2020-07-15,1.54
2020-07-16,1.52
2020-07-17,1.57
2020-07-20,1.55
2020-07-21,1.56
2020-07-22,1.56
2020-07-23,1.61
2020-07-24,1.67
2020-07-27,1.66
2020-07-28,1.66
2020-07-29,1.68
2020-07-30,1.67
2020-07-31,1.7
2020-08-03,1.7
2020-08-04,1.69
2020-08-05,1.7
2020-08-06,1.73
2020-08-07,1.72
2020-08-10,1.73
2020-08-11,1.76
2020-08-12,1.78
2020-08-13,1.78
2020-08-14,1.77
2020-08-17,1.78
2020-08-18,1.81
2020-08-19,1.79
2020-08-20,1.76
2020-08-21,1.76
2020-08-24,1.77
2020-08-25,1.8
2020-08-26,1.81
2020-08-27,1.81
2020-08-28,1.86
2020-08-31,1.91
2020-09-01,1.87
2020-09-02,1.85
2020-09-03,1.77
2020-09-04,1.83
2020-09-07,
2020-09-08,1.81
2020-09-09,1.85
2020-09-10,1.84
2020-09-11,1.77
2020-09-14,1.76
2020-09-15,1.8
2020-09-16,1.79
2020-09-17,1.75
2020-09-18,1.76
2020-09-21,1.74
2020-09-22,1.74
2020-09-23,1.72
2020-09-24,1.71
2020-09-25,1.73
2020-09-28,1.74
2020-09-29,1.79
2020-09-30,1.76
2020-10-01,1.78
2020-10-02,1.8
2020-10-05,1.84
2020-10-06,1.81
2020-10-07,1.88
2020-10-08,1.88
2020-10-09,1.9
2020-10-12,
2020-10-13,1.88
2020-10-14,1.86
2020-10-15,1.86
2020-10-16,1.89
2020-10-19,1.89
2020-10-20,1.91
2020-10-21,1.92
2020-10-22,1.84
2020-10-23,1.84
2020-10-26,1.81
2020-10-27,1.78
2020-10-28,1.79
2020-10-29,1.81
2020-10-30,1.81
2020-11-02,1.82
2020-11-03,1.82
2020-11-04,1.72
2020-11-05,1.77
2020-11-06,1.76
2020-11-09,1.83
2020-11-10,1.83
2020-11-11,
2020-11-12,1.79
2020-11-13,1.8
2020-11-16,1.8
2020-11-17,1.77
2020-11-18,1.77
2020-11-19,1.78
2020-11-20,1.77
2020-11-23,1.8
2020-11-24,1.83
2020-11-25,1.83
2020-11-26,
2020-11-27,1.83
2020-11-30,1.86
2020-12-01,1.9
2020-12-02,1.94
2020-12-03,1.94
2020-12-04,1.95
2020-12-07,1.92
2020-12-08,1.94
2020-12-09,1.98
2020-12-10,1.93
2020-12-11,1.92
2020-12-14,1.92
2020-12-15,1.96
2020-12-16,1.94
2020-12-17,1.98
2020-12-18,1.98
2020-12-21,2.0
2020-12-22,1.96
2020-12-23,2.01
2020-12-24,2.02
2020-12-25,
2020-12-28,2.02
2020-12-29,2.02
2020-12-30,2.0
2020-12-31,2.03
2021-01-01,
2021-01-04,2.04
2021-01-05,2.05
2021-01-06,2.08
2021-01-07,2.09
2021-01-08,2.05
2021-01-11,2.08
2021-01-12,2.1
2021-01-13,2.08
2021-01-14,2.09
2021-01-15,2.11
2021-01-18,
2021-01-19,2.08
2021-01-20,2.09
2021-01-21,2.02
2021-01-22,2.02
2021-01-25,2.01
2021-01-26,2.01
2021-01-27,2.01
2021-01-28,2.08
2021-01-29,2.05
2021-02-01,2.04
2021-02-02,2.07
2021-02-03,2.11
2021-02-04,2.09
2021-02-05,2.14
2021-02-08,2.13
2021-02-09,2.13
2021-02-10,2.11
2021-02-11,2.08
2021-02-12,2.07
2021-02-15,
2021-02-16,2.11
2021-02-17,2.07
2021-02-18,2.03
2021-02-19,1.99
2021-02-22,1.97
2021-02-23,1.97
2021-02-24,1.96
2021-02-25,1.94
2021-02-26,1.91
2021-03-01,1.92
2021-03-02,1.97
2021-03-03,1.97
2021-03-04,1.97
2021-03-05,2.01
2021-03-08,2.0
2021-03-09,2.01
2021-03-10,2.05
2021-03-11,2.05
2021-03-12,2.01
2021-03-15,2.0
2021-03-16,2.01
2021-03-17,2.02
2021-03-18,2.04
2021-03-19,2.11
2021-03-22,2.15
2021-03-23,2.1
2021-03-24,2.09
2021-03-25,2.1
2021-03-26,2.11
2021-03-29,2.16
2021-03-30,2.18
2021-03-31,2.2
2021-04-01,2.15
2021-04-02,2.14
2021-04-05,2.15
2021-04-06,2.12
2021-04-07,2.15
2021-04-08,2.11
2021-04-09,2.11
2021-04-12,2.14
2021-04-13,2.12
2021-04-14,2.1
2021-04-15,2.11
2021-04-16,2.15
2021-04-19,2.12
2021-04-20,2.12
2021-04-21,2.13
2021-04-22,2.24
2021-04-23,2.24
2021-04-26,2.25
2021-04-27,2.27
2021-04-28,2.28
2021-04-29,2.28
2021-04-30,2.25
2021-05-03,2.24
2021-05-04,2.22
2021-05-05,2.26
2021-05-06,2.24
2021-05-07,2.33
2021-05-10,2.37
2021-05-11,2.38
2021-05-12,2.36
2021-05-13,2.37
2021-05-14,2.34
2021-05-17,2.36
2021-05-18,2.32
2021-05-19,2.3
2021-05-20,2.23
2021-05-21,2.24
2021-05-24,2.24
2021-05-25,2.21
2021-05-26,2.2
2021-05-27,2.25
2021-05-28,2.27
2021-05-31,
2021-06-01,2.32
2021-06-02,2.29
2021-06-03,2.28
2021-06-04,2.26
2021-06-07,2.27
2021-06-08,2.25
2021-06-09,2.23
2021-06-10,2.23
2021-06-11,2.21
2021-06-14,2.28
2021-06-15,2.3
2021-06-16,2.23
2021-06-17,2.23
2021-06-18,2.11
2021-06-21,2.09
2021-06-22,2.16
2021-06-23,2.19
2021-06-24,2.15
2021-06-25,2.22
2021-06-28,2.21
2021-06-29,2.18
2021-06-30,2.17
2021-07-01,2.21
2021-07-02,2.17
2021-07-05,
2021-07-06,2.14
2021-07-07,2.13
2021-07-08,2.06
2021-07-09,2.12
2021-07-12,2.18
2021-07-13,2.16
2021-07-14,2.15
2021-07-15,2.11
2021-07-16,2.14
2021-07-19,2.07
2021-07-20,2.12
2021-07-21,2.11
2021-07-22,2.1
2021-07-23,2.17
2021-07-26,2.21
2021-07-27,2.21
2021-07-28,2.25
2021-07-29,2.28
2021-07-30,2.24
2021-08-02,2.23
2021-08-03,2.25
2021-08-04,2.2
2021-08-05,2.2
2021-08-06,2.24
2021-08-09,2.24
2021-08-10,2.27
2021-08-11,2.29
2021-08-12,2.27
2021-08-13,2.22
2021-08-16,2.22
2021-08-17,2.17
2021-08-18,2.16
2021-08-19,2.11
2021-08-20,2.14
2021-08-23,2.11
2021-08-24,2.15
2021-08-25,2.19
2021-08-26,2.16
2021-08-27,2.25
2021-08-30,2.23
2021-08-31,2.18
2021-09-01,2.2
2021-09-02,2.17
2021-09-03,2.2
2021-09-06,
2021-09-07,2.21
2021-09-08,2.23
2021-09-09,2.21
2021-09-10,2.25
2021-09-13,2.21
2021-09-14,2.17
2021-09-15,2.19
2021-09-16,2.17
2021-09-17,2.15
2021-09-20,2.15
2021-09-21,2.14
2021-09-22,2.15
2021-09-23,2.14
2021-09-24,2.21
2021-09-27,2.2
2021-09-28,2.23
2021-09-29,2.22
2021-09-30,2.23
2021-10-01,2.25
2021-10-04,2.23
2021-10-05,2.31
2021-10-06,2.29
2021-10-07,2.31
2021-10-08,2.36
2021-10-11,
2021-10-12,2.34
2021-10-13,2.36
2021-10-14,2.35
2021-10-15,2.41
2021-10-18,2.37
2021-10-19,2.37
2021-10-20,2.37
2021-10-21,2.34
2021-10-22,2.37
2021-10-25,2.37
2021-10-26,2.39
2021-10-27,2.34
2021-10-28,2.24
2021-10-29,2.13
2021-11-01,2.14
2021-11-02,2.18
2021-11-03,2.2
2021-11-04,2.24
2021-11-05,2.21
2021-11-08,2.3
2021-11-09,2.3
2021-11-10,2.32
2021-11-11,
2021-11-12,2.35
2021-11-15,2.35
2021-11-16,2.29
2021-11-17,2.26
2021-11-18,2.35
2021-11-19,2.28
2021-11-22,2.24
2021-11-23,2.24
2021-11-24,2.19
2021-11-25,
2021-11-26,2.18
2021-11-29,2.17
2021-11-30,2.2
2021-12-01,2.18
2021-12-02,2.21
2021-12-03,2.14
2021-12-06,2.09
2021-12-07,2.1
2021-12-08,2.16
2021-12-09,2.14
2021-12-10,2.12
2021-12-13,2.07
2021-12-14,2.08
2021-12-15,2.11
2021-12-16,2.14
2021-12-17,2.11
2021-12-20,2.13
2021-12-21,2.19
2021-12-22,2.24
2021-12-23,2.22
2021-12-24,
2021-12-27,2.25
2021-12-28,2.22
2021-12-29,2.23
2021-12-30,2.3
2021-12-31,2.25
2022-01-03,2.25
2022-01-04,2.21
2022-01-05,2.19
2022-01-06,2.15
2022-01-07,2.18
2022-01-10,2.19
2022-01-11,2.21
2022-01-12,2.14
2022-01-13,2.09
2022-01-14,2.09
2022-01-17,
2022-01-18,2.12
2022-01-19,2.07
2022-01-20,1.92
2022-01-21,1.98
2022-01-24,2.02
2022-01-25,2.04
2022-01-26,2.01
2022-01-27,2.04
2022-01-28,2.08
2022-01-31,2.06
2022-02-01,2.06
2022-02-02,2.03
2022-02-03,2.0
2022-02-04,2.04
2022-02-07,2.05
2022-02-08,2.07
2022-02-09,2.06
2022-02-10,2.09
2022-02-11,2.04
2022-02-14,2.05
2022-02-15,2.07
2022-02-16,2.05
2022-02-17,1.99
2022-02-18,1.96
2022-02-21,
2022-02-22,2.01
2022-02-23,2.05
2022-02-24,2.05
2022-02-25,2.06
2022-02-28,2.13
2022-03-01,2.1
2022-03-02,2.19
2022-03-03,2.21
2022-03-04,2.15
2022-03-07,2.25
2022-03-08,2.37
2022-03-09,2.35
2022-03-10,2.3
2022-03-11,2.36
2022-03-14,2.36
2022-03-15,2.26
2022-03-16,2.26
2022-03-17,2.31
2022-03-18,2.24
2022-03-21,2.28
2022-03-22,2.3
2022-03-23,2.31
2022-03-24,2.27
2022-03-25,2.31
2022-03-28,2.34
2022-03-29,2.32
2022-03-30,2.31
2022-03-31,2.34
2022-04-01,2.32
2022-04-04,2.32
2022-04-05,2.37
2022-04-06,2.38
2022-04-07,2.38
2022-04-08,2.41
2022-04-11,2.45
2022-04-12,2.41
2022-04-13,2.35
2022-04-14,2.45
2022-04-15,
2022-04-18,2.48
2022-04-19,2.5
2022-04-20,2.48
2022-04-21,2.67
2022-04-22,2.59
2022-04-25,2.55
2022-04-26,2.45
2022-04-27,2.48
2022-04-28,2.55
2022-04-29,2.46
2022-05-02,2.41
2022-05-03,2.45
2022-05-04,2.48
2022-05-05,2.51
2022-05-06,2.5
2022-05-09,2.44
2022-05-10,2.38
2022-05-11,2.4
2022-05-12,2.29
2022-05-13,2.35
2022-05-16,2.32
2022-05-17,2.34
2022-05-18,2.39
2022-05-19,2.21
2022-05-20,2.22
2022-05-23,2.28
2022-05-24,2.23
2022-05-25,2.24
2022-05-26,2.28
2022-05-27,2.31
2022-05-30,
2022-05-31,2.32
2022-06-01,2.34
2022-06-02,2.35
2022-06-03,2.44
2022-06-06,2.47
2022-06-07,2.43
2022-06-08,2.44
2022-06-09,2.42
2022-06-10,2.39
2022-06-13,2.37
2022-06-14,2.32
2022-06-15,2.4
2022-06-16,2.37
2022-06-17,2.36
2022-06-20,
2022-06-21,2.38
2022-06-22,2.34
2022-06-23,2.31
2022-06-24,2.3
2022-06-27,2.31
2022-06-28,2.23
2022-06-29,2.13
2022-06-30,2.08
2022-07-01,2.08
2022-07-04,
2022-07-05,2.09
2022-07-06,2.1
2022-07-07,2.13
2022-07-08,2.12
2022-07-11,2.08
2022-07-12,2.14
2022-07-13,2.11
2022-07-14,2.14
2022-07-15,2.13
2022-07-18,2.11
2022-07-19,2.11
2022-07-20,2.09
2022-07-21,2.11
2022-07-22,2.12
2022-07-25,2.14
2022-07-26,2.16
2022-07-27,2.23
2022-07-28,2.29
2022-07-29,2.33
2022-08-01,2.3
2022-08-02,2.27
2022-08-03,2.28
2022-08-04,2.28
2022-08-05,2.28
2022-08-08,2.31
2022-08-09,2.28
2022-08-10,2.25
2022-08-11,2.27
2022-08-12,2.27
2022-08-15,2.26
2022-08-16,2.27
2022-08-17,2.27
2022-08-18,2.34
2022-08-19,2.38
2022-08-22,2.4
2022-08-23,2.39
2022-08-24,2.45
2022-08-25,2.43
2022-08-26,2.41
2022-08-29,2.45
2022-08-30,2.43
2022-08-31,2.38
2022-09-01,2.38
2022-09-02,2.39
2022-09-05,
2022-09-06,2.4
2022-09-07,2.39
2022-09-08,2.36
2022-09-09,2.33
2022-09-12,2.32
2022-09-13,2.32
2022-09-14,2.3
2022-09-15,2.29
2022-09-16,2.27
2022-09-19,2.24
2022-09-20,2.32
2022-09-21,2.29
2022-09-22,2.37
2022-09-23,2.36
2022-09-26,2.31
2022-09-27,2.31
2022-09-28,2.29
2022-09-29,2.2
2022-09-30,2.16
2022-10-03,2.22
2022-10-04,2.2
2022-10-05,2.18
2022-10-06,2.15
2022-10-07,2.18
2022-10-10,
2022-10-11,2.26
2022-10-12,2.26
2022-10-13,2.3
2022-10-14,2.38
2022-10-17,2.42
2022-10-18,2.4
2022-10-19,2.38
2022-10-20,2.37
2022-10-21,2.35
2022-10-24,2.46
2022-10-25,2.4
2022-10-26,2.32
2022-10-27,2.33
2022-10-28,2.4
2022-10-31,2.37
2022-11-01,2.37
2022-11-02,2.38
2022-11-03,2.26
2022-11-04,2.35
2022-11-07,2.39
2022-11-08,2.39
2022-11-09,2.31
2022-11-10,2.31
2022-11-11,
2022-11-14,2.32
2022-11-15,2.3
2022-11-16,2.23
2022-11-17,2.24
2022-11-18,2.22
2022-11-21,2.28
2022-11-22,2.29
2022-11-23,2.31
2022-11-24,
2022-11-25,2.3
2022-11-28,2.23
2022-11-29,2.2
2022-11-30,2.27
2022-12-01,2.27
2022-12-02,2.35
2022-12-05,2.32
2022-12-06,2.24
2022-12-07,2.19
2022-12-08,2.2
2022-12-09,2.22
2022-12-12,2.21
2022-12-13,2.17
2022-12-14,2.13
2022-12-15,2.11
2022-12-16,2.12
2022-12-19,2.11
2022-12-20,2.22
2022-12-21,2.23
2022-12-22,2.14
2022-12-23,2.11
2022-12-26,
2022-12-27,2.19
2022-12-28,2.23
2022-12-29,2.22
2022-12-30,2.27
2023-01-02,
2023-01-03,2.23
2023-01-04,2.23
2023-01-05,2.22
2023-01-06,2.24
2023-01-09,2.26
2023-01-10,2.28
2023-01-11,2.25
2023-01-12,2.21
2023-01-13,2.16
2023-01-16,
2023-01-17,2.16
2023-01-18,2.15
2023-01-19,2.19
2023-01-20,2.23
2023-01-23,2.28
2023-01-24,2.25
2023-01-25,2.3
2023-01-26,2.34
2023-01-27,2.33
2023-01-30,2.28
2023-01-31,2.21
2023-02-01,2.21
2023-02-02,2.18
2023-02-03,2.17
2023-02-06,2.17
2023-02-07,2.22
2023-02-08,2.22
2023-02-09,2.21
2023-02-10,2.19
2023-02-13,2.18
2023-02-14,2.17
2023-02-15,2.19
2023-02-16,2.22
2023-02-17,2.22
2023-02-20,
2023-02-21,2.26
2023-02-22,2.3
2023-02-23,2.28
2023-02-24,2.29
2023-02-27,2.23
2023-02-28,2.28
2023-03-01,2.29
2023-03-02,2.31
2023-03-03,2.33
2023-03-06,2.28
2023-03-07,2.22
2023-03-08,2.17
2023-03-09,2.17
2023-03-10,2.18
2023-03-13,2.22
2023-03-14,2.27
2023-03-15,2.25
2023-03-16,2.18
2023-03-17,2.1
2023-03-20,2.14
2023-03-21,2.21
2023-03-22,2.25
2023-03-23,2.12
2023-03-24,2.23
2023-03-27,2.21
2023-03-28,2.28
2023-03-29,2.28
2023-03-30,2.28
2023-03-31,2.24
2023-04-03,2.19
2023-04-04,2.18
2023-04-05,2.17
2023-04-06,2.17
2023-04-07,2.17
2023-04-10,2.2
2023-04-11,2.22
2023-04-12,2.25
2023-04-13,2.29
2023-04-14,2.29
2023-04-17,2.29
2023-04-18,2.23
2023-04-19,2.23
2023-04-20,2.24
2023-04-21,2.26
2023-04-24,2.23
2023-04-25,2.24
2023-04-26,2.24
2023-04-27,2.25
2023-04-28,2.16
2023-05-01,2.22
2023-05-02,2.22
2023-05-03,2.21
2023-05-04,2.25
2023-05-05,2.23
2023-05-08,2.24
2023-05-09,2.24
2023-05-10,2.21
2023-05-11,2.22
2023-05-12,2.25
2023-05-15,2.26
2023-05-16,2.27
2023-05-17,2.28
2023-05-18,2.3
2023-05-19,2.29
2023-05-22,2.3
2023-05-23,2.31
2023-05-24,2.36
2023-05-25,2.38
2023-05-26,2.33
2023-05-29,
2023-05-30,2.32
2023-05-31,2.29
2023-06-01,2.25
2023-06-02,2.23
2023-06-05,2.23
2023-06-06,2.26
2023-06-07,2.27
2023-06-08,2.26
2023-06-09,2.27
2023-06-12,2.25
2023-06-13,2.28
2023-06-14,2.27
2023-06-15,2.26
2023-06-16,2.27
2023-06-19,
2023-06-20,2.3
2023-06-21,2.27
2023-06-22,2.3
2023-06-23,2.26
2023-06-26,2.23
2023-06-27,2.28
2023-06-28,2.24
2023-06-29,2.25
2023-06-30,2.26
2023-07-03,2.29
2023-07-04,
2023-07-05,2.32
2023-07-06,2.32
2023-07-07,2.32
2023-07-10,2.31
2023-07-11,2.32
2023-07-12,2.34
2023-07-13,2.32
2023-07-14,2.33
2023-07-17,2.34
2023-07-18,2.33
2023-07-19,2.31
2023-07-20,2.49
2023-07-21,2.47
2023-07-24,2.48
2023-07-25,2.52
2023-07-26,2.48
2023-07-27,2.47
2023-07-28,2.48
2023-07-31,2.47
2023-08-01,2.48
2023-08-02,2.47
2023-08-03,2.5
2023-08-04,2.5
2023-08-07,2.53
2023-08-08,2.48
2023-08-09,2.45
2023-08-10,2.41
2023-08-11,2.42
2023-08-14,2.43
2023-08-15,2.4
2023-08-16,2.41
2023-08-17,2.42
2023-08-18,2.42
2023-08-21,2.43
2023-08-22,2.43
2023-08-23,2.44
2023-08-24,2.4
2023-08-25,2.41
2023-08-28,2.39
2023-08-29,2.4
2023-08-30,2.36
2023-08-31,2.33
2023-09-01,2.35
2023-09-04,
2023-09-05,2.37
2023-09-06,2.37
2023-09-07,2.4
2023-09-08,2.4
2023-09-11,2.44
2023-09-12,2.41
2023-09-13,2.42
2023-09-14,2.41
2023-09-15,2.43
2023-09-18,2.43
2023-09-19,2.44
2023-09-20,2.43
2023-09-21,2.47
2023-09-22,2.45
2023-09-25,2.49
2023-09-26,2.46
2023-09-27,2.45
2023-09-28,2.51
2023-09-29,2.48
2023-10-02,2.47
2023-10-03,2.51
2023-10-04,2.48
2023-10-05,2.48
2023-10-06,2.45
2023-10-09,
2023-10-10,2.46
2023-10-11,2.44
2023-10-12,2.45
2023-10-13,2.42
2023-10-16,2.46
2023-10-17,2.5
2023-10-18,2.53
2023-10-19,2.46
2023-10-20,2.47
2023-10-23,2.41
2023-10-24,2.42
2023-10-25,2.46
2023-10-26,2.47
2023-10-27,2.45
2023-10-30,2.48
2023-10-31,2.44
2023-11-01,2.46
2023-11-02,2.45
2023-11-03,2.46
