Date,< 0 ,ZERO,Lo 20,Qnt 2,Qnt 3,Qnt 4,Hi 20,Lo 10,Dec 2,Dec 3,Dec 4,Dec 5,Dec 6,Dec 7,Dec 8,Dec 9,Hi 10
1963-07,-0.88,-0.4,-1.45,0.19,-0.58,-1.94,0.18,-0.88,-2.01,0.84,-0.71,-0.95,-0.21,-2.47,-1.48,-0.95,1.12
1963-08,4.44,3.54,5.61,5.15,5.83,3.45,4.48,5.97,5.26,4.41,6.19,5.94,5.73,3.37,3.53,4.13,4.77
1963-09,-0.43,-1.76,-1.54,-0.33,-2.75,-1.74,-1.91,-1.53,-1.56,0.87,-1.99,-0.9,-4.57,-2.13,-1.39,-1.3,-2.42
1963-10,0.43,1.08,2.12,2.26,3.22,2.62,0.35,2.21,2.02,1.61,3.17,2.16,4.25,4.55,0.94,1.01,-0.2
1963-11,-0.49,-1.7,-1.68,-1.9,-2.06,-0.42,-3.16,-1.55,-1.81,-2.64,-0.86,-1.95,-2.17,-1.65,0.65,-3.05,-3.24
1963-12,0.04,-0.32,-0.34,1.17,0.63,-1.15,-0.24,0.26,-0.93,1.98,0.05,1.35,-0.09,0.48,-2.57,-0.22,-0.26
1964-01,3.34,4.49,3.47,2.99,1.7,1.6,3.7,4.0,2.95,4.66,0.68,0.3,3.07,2.33,0.97,4.21,3.27
1964-02,1.98,3.32,2.27,1.3,2.08,2.65,1.28,3.1,1.45,0.68,2.15,1.64,2.51,2.79,2.53,1.25,1.31
1964-03,3.56,3.79,3.86,3.95,1.9,2.86,1.22,6.13,1.64,3.94,3.96,1.4,2.39,2.61,3.07,1.95,0.61
1964-04,-0.14,0.83,0.01,0.26,-1.69,-1.25,-0.29,-1.18,1.19,0.86,-0.58,-1.18,-2.2,-0.87,-1.58,-0.13,-0.42
1964-05,1.53,1.54,0.14,0.86,0.07,-0.06,-0.46,-0.97,1.23,1.6,-0.17,0.37,-0.23,0.11,-0.21,-0.4,-0.5
1964-06,1.37,0.59,1.77,2.54,2.85,1.29,0.53,1.27,2.27,2.61,2.45,3.89,1.83,0.71,1.79,1.17,0.01
1964-07,2.65,3.23,3.24,3.73,2.28,3.04,1.89,2.5,4.13,4.31,3.19,1.29,3.15,2.79,3.29,1.7,2.04
1964-08,-0.29,-0.25,-0.7,-0.61,-1.42,0.03,-0.38,-0.88,-0.49,-0.34,-0.86,-2.23,-0.7,-0.92,0.98,-0.7,-0.12
1964-09,3.28,4.1,3.43,3.62,4.49,3.59,4.0,3.89,2.88,3.38,3.84,3.59,5.3,2.68,4.49,2.72,5.07
1964-10,1.68,2.43,1.95,1.45,1.63,2.75,1.68,1.3,2.72,1.95,0.99,0.72,2.43,3.58,1.91,3.39,0.26
1964-11,0.5,-0.37,-0.55,0.73,-0.17,0.01,-1.09,-0.22,-0.94,0.8,0.67,0.05,-0.36,0.02,0.0,0.45,-2.38
1964-12,-1.47,-1.76,-0.25,0.0,-0.76,-1.35,-0.38,-0.43,-0.02,-1.05,0.96,-0.78,-0.75,-1.43,-1.27,-1.27,0.36
1965-01,6.56,6.99,6.87,5.33,6.85,7.01,8.14,6.75,7.0,5.34,5.32,7.44,6.33,7.42,6.6,6.49,9.51
1965-02,3.25,4.45,3.32,2.07,3.69,2.84,2.9,1.78,5.15,2.64,1.55,1.6,5.55,2.7,2.99,2.69,3.07
1965-03,1.56,1.9,0.34,-0.27,1.23,0.82,0.79,-0.46,1.29,-0.36,-0.18,2.07,0.48,-0.05,1.68,-0.86,2.17
1965-04,4.1,4.16,3.74,3.91,4.82,3.62,4.16,2.37,5.36,3.87,3.94,4.6,5.02,3.78,3.46,3.43,4.78
1965-05,-0.52,0.29,-0.85,-0.7,0.11,-0.68,0.63,-1.2,-0.44,-0.7,-0.7,-0.55,0.7,-1.51,0.15,0.77,0.53
1965-06,-7.98,-8.73,-7.47,-7.57,-7.63,-7.38,-9.4,-7.41,-7.54,-6.8,-8.27,-6.89,-8.29,-7.48,-7.28,-8.22,-10.39
1965-07,2.59,3.13,2.49,2.0,3.54,3.36,2.07,2.72,2.25,1.59,2.39,4.35,2.77,3.75,2.91,2.36,1.85
1965-08,4.78,2.84,4.52,4.67,5.06,5.26,4.98,3.39,5.74,3.94,5.33,4.62,5.48,5.8,4.65,4.45,5.38
1965-09,3.68,2.75,2.39,3.29,3.2,4.2,3.2,1.91,2.9,2.95,3.6,2.57,3.8,3.99,4.43,1.94,4.16
1965-10,5.77,6.29,4.86,5.1,5.67,6.48,5.67,4.45,5.29,3.71,6.37,5.65,5.68,6.63,6.31,5.3,5.96
1965-11,6.29,6.26,2.78,3.26,4.84,4.75,4.48,3.25,2.28,1.55,4.82,5.52,4.18,6.61,2.6,4.4,4.55
1965-12,4.65,5.95,3.05,3.19,2.73,3.37,4.94,2.91,3.2,1.99,4.28,3.06,2.4,2.75,4.08,5.07,4.84
1966-01,5.86,7.77,5.12,2.59,5.43,5.4,5.4,5.33,4.88,2.1,3.05,4.82,6.0,4.7,6.22,4.78,5.88
1966-02,3.14,3.34,0.77,0.83,1.43,4.3,3.91,0.09,1.5,-0.75,2.28,0.56,2.26,3.43,5.31,3.73,4.06
1966-03,-0.76,0.29,-1.99,-1.9,-2.44,-0.43,-2.05,-2.24,-1.73,-2.35,-1.49,-2.55,-2.33,-0.53,-0.33,-1.45,-2.51
1966-04,5.87,3.71,4.17,4.34,5.09,3.85,5.14,4.45,3.86,3.88,4.75,5.11,5.07,3.23,4.56,4.53,5.61
1966-05,-8.82,-9.22,-7.55,-7.87,-6.87,-9.08,-9.22,-6.97,-8.17,-6.85,-8.81,-5.72,-7.96,-9.07,-9.1,-8.05,-10.11
1966-06,0.45,-1.14,0.15,-1.12,0.15,-1.06,0.17,1.61,-1.42,-1.4,-0.86,-0.05,0.33,-1.43,-0.62,0.34,0.05
1966-07,-1.78,-1.49,-1.09,-1.18,-0.86,-1.63,-2.42,-1.44,-0.79,-1.27,-1.1,-0.81,-0.91,-1.82,-1.44,-2.73,-2.13
1966-08,-9.2,-10.36,-9.26,-9.04,-10.06,-9.73,-10.34,-9.73,-8.86,-8.29,-9.7,-9.34,-10.77,-10.01,-9.46,-9.64,-10.99
1966-09,-0.91,-1.53,-0.86,-0.81,-2.09,-2.57,-3.28,-2.06,0.18,-1.18,-0.49,-1.8,-2.37,-3.27,-1.88,-2.95,-3.58
1966-10,-0.6,-1.99,1.15,0.3,-0.19,-0.43,-2.66,3.32,-0.72,0.54,0.1,0.02,-0.39,0.16,-1.01,-2.57,-2.74
1966-11,2.41,2.26,4.06,3.21,4.64,6.43,6.56,2.55,5.36,4.29,2.25,4.58,4.7,4.49,8.34,4.56,8.42
1966-12,1.17,2.04,1.97,0.9,2.29,1.06,2.46,0.47,3.27,0.98,0.84,2.26,2.32,1.25,0.88,1.48,3.37
1967-01,16.47,17.69,15.13,14.64,15.84,16.56,18.34,14.88,15.34,14.02,15.19,16.59,15.11,18.27,14.87,17.55,19.08
1967-02,4.08,5.96,2.04,2.83,2.34,3.63,4.26,1.01,2.93,1.71,3.82,1.94,2.74,3.78,3.47,3.38,5.07
1967-03,4.51,5.0,6.02,5.95,7.16,6.12,6.03,6.83,5.32,5.59,6.26,7.22,7.09,7.3,4.95,4.77,7.2
1967-04,4.6,4.12,4.37,4.17,4.94,4.61,3.92,3.59,5.05,2.74,5.43,4.01,5.84,6.86,2.39,4.37,3.5
1967-05,-0.7,-0.51,-2.5,-2.27,-2.36,-1.32,-0.5,-2.7,-2.33,-2.14,-2.39,-2.96,-1.78,-1.95,-0.7,0.3,-1.24
1967-06,8.25,9.09,5.99,4.83,6.69,7.49,9.07,5.07,6.78,4.56,5.06,6.34,7.04,8.25,6.73,7.59,10.43
1967-07,9.05,8.79,9.17,6.5,6.65,8.11,7.8,8.6,9.83,5.99,6.95,7.79,5.65,8.07,8.15,4.94,9.71
1967-08,0.8,0.97,0.58,0.34,-0.18,-0.59,-0.23,0.96,0.15,0.49,0.21,-0.13,-0.23,-1.43,0.05,0.92,-0.99
1967-09,6.6,6.71,4.09,4.97,5.24,5.92,6.06,3.82,4.4,6.75,3.36,5.05,5.4,6.18,5.72,5.04,6.74
1967-10,-1.29,-1.17,-3.62,-2.85,-3.91,-2.67,-3.05,-3.5,-3.76,-3.86,-1.93,-3.99,-3.84,-3.67,-1.92,-4.01,-2.42
1967-11,0.43,-0.41,-0.32,0.14,0.31,0.54,0.52,-0.79,0.21,0.93,-0.57,0.71,-0.04,0.69,0.43,1.29,0.0
1967-12,7.26,8.37,6.29,5.9,7.51,8.85,8.27,6.53,6.01,6.45,5.39,8.98,6.23,7.89,9.58,7.18,8.99
1968-01,2.94,5.19,0.91,-0.65,-0.52,-1.6,-1.08,2.29,-0.63,-0.86,-0.46,1.38,-2.17,-1.81,-1.44,-1.73,-0.65
1968-02,-4.91,-5.68,-3.88,-4.58,-4.96,-6.89,-7.33,-4.04,-3.71,-4.94,-4.24,-5.56,-4.44,-6.56,-7.14,-7.21,-7.41
1968-03,-0.4,-2.18,-0.59,-0.02,-0.52,-1.12,-0.75,-1.3,0.19,-0.77,0.66,-1.25,0.1,-1.62,-0.75,1.24,-2.08
1968-04,13.69,14.59,11.62,13.79,13.89,15.77,14.02,11.47,11.79,13.53,14.03,13.84,13.92,15.81,15.74,12.69,14.91
1968-05,8.29,10.95,6.15,6.33,8.53,8.66,8.22,7.07,5.13,5.53,7.05,9.67,7.56,7.95,9.19,5.88,9.78
1968-06,2.31,2.45,1.46,2.45,-0.2,0.22,0.97,2.51,0.28,4.0,1.04,-0.77,0.28,1.29,-0.57,1.63,0.53
1968-07,-1.69,-0.86,-2.08,-3.95,-4.54,-3.12,-6.5,-1.51,-2.6,-4.06,-3.82,-4.64,-4.44,-3.05,-3.18,-5.35,-7.35
1968-08,3.52,4.76,3.18,3.02,4.46,1.81,1.96,3.23,3.14,2.86,3.21,4.02,4.85,2.35,1.32,1.78,2.09
1968-09,6.3,7.67,5.05,7.28,6.56,7.48,7.66,4.37,5.67,7.5,7.03,6.48,6.64,7.72,7.27,7.12,8.05
1968-10,1.65,0.73,1.58,1.19,0.49,-0.11,-0.59,1.83,1.35,-0.17,2.74,-0.89,1.74,0.7,-0.82,-0.39,-0.74
1968-11,6.24,6.61,6.58,6.31,7.45,8.48,8.28,7.28,5.94,6.72,5.84,6.69,8.13,8.84,8.15,8.49,8.12
1968-12,1.08,1.89,-0.4,-1.06,-1.13,-0.01,-1.0,-1.41,0.52,-0.23,-2.02,-1.08,-1.17,0.06,-0.08,-2.41,0.03
1969-01,-0.14,0.34,0.76,-1.4,-0.96,-0.9,-2.12,1.29,0.27,-0.25,-2.71,-0.9,-1.02,-1.02,-0.8,-1.72,-2.41
1969-02,-7.96,-8.36,-7.26,-7.08,-7.96,-9.76,-9.84,-6.62,-7.84,-7.87,-6.16,-8.44,-7.53,-9.81,-9.72,-8.4,-10.9
1969-03,2.54,2.29,1.99,1.7,1.89,2.8,1.56,2.62,1.42,0.94,2.57,1.07,2.62,3.11,2.53,1.47,1.62
1969-04,0.43,0.74,1.04,0.74,0.64,0.29,0.15,2.17,0.02,0.69,0.8,1.36,-0.02,0.64,-0.02,1.24,-0.65
1969-05,1.75,1.28,0.48,1.18,0.57,-1.81,-1.11,-0.01,0.93,1.38,0.95,1.2,-0.01,-1.62,-1.97,-0.22,-1.77
1969-06,-10.87,-10.89,-9.6,-10.77,-11.33,-11.46,-12.09,-9.29,-9.89,-10.79,-10.76,-11.31,-11.35,-11.72,-11.23,-9.9,-13.71
1969-07,-8.92,-8.65,-7.71,-8.17,-9.6,-10.05,-11.39,-7.64,-7.77,-8.66,-7.63,-9.85,-9.36,-8.92,-11.14,-11.28,-11.48
1969-08,4.81,3.16,3.52,5.21,5.66,6.37,6.4,3.39,3.64,4.48,6.0,3.67,7.62,7.39,5.39,5.78,6.88
1969-09,-2.05,-1.71,-2.4,-1.8,-1.19,-3.41,-3.24,-1.77,-2.95,-0.6,-3.11,-1.06,-1.32,-2.54,-4.23,-2.01,-4.17
1969-10,7.94,8.97,8.12,9.27,9.26,9.62,12.24,7.93,8.29,9.6,8.91,9.06,9.47,8.95,10.27,9.57,14.25
1969-11,-4.41,-5.21,-5.03,-4.86,-4.41,-6.45,-7.51,-4.88,-5.16,-5.02,-4.69,-3.98,-4.83,-6.98,-5.95,-6.9,-7.97
1969-12,-5.14,-6.86,-5.86,-4.99,-5.1,-7.23,-7.67,-5.33,-6.32,-5.25,-4.71,-4.61,-5.59,-7.03,-7.43,-6.18,-8.79
1970-01,-4.22,-1.7,-3.69,-3.82,-4.36,-4.42,-6.34,-3.35,-3.99,-3.29,-4.4,-4.87,-3.87,-4.69,-4.16,-6.07,-6.54
1970-02,4.36,5.04,4.74,4.93,4.45,3.39,3.66,5.88,3.73,4.45,5.45,3.95,4.95,4.13,2.69,2.78,4.33
1970-03,-0.06,-1.1,0.22,-1.64,-2.4,-2.75,-5.34,0.35,0.11,-1.51,-1.79,-1.88,-2.9,-2.35,-3.15,-4.66,-5.85
1970-04,-12.66,-13.92,-13.27,-14.5,-16.04,-17.41,-19.93,-12.4,-14.03,-14.62,-14.37,-15.1,-16.97,-17.46,-17.36,-18.71,-20.85
1970-05,-7.95,-7.82,-7.0,-8.91,-8.91,-9.47,-11.46,-6.78,-7.19,-9.27,-8.52,-9.24,-8.58,-10.23,-8.74,-10.93,-11.87
1970-06,-5.55,-5.41,-7.04,-6.2,-7.31,-8.75,-10.74,-6.08,-7.87,-6.18,-6.22,-8.03,-6.6,-8.06,-9.44,-9.02,-12.06
1970-07,6.37,5.98,6.47,4.72,5.64,6.33,5.95,6.55,6.39,5.08,4.38,7.29,4.04,6.08,6.54,8.08,4.45
1970-08,4.79,5.51,5.72,6.3,6.77,7.19,7.38,4.59,6.71,5.68,6.89,6.58,6.96,6.88,7.44,6.12,8.27
1970-09,9.88,11.6,8.74,13.12,12.59,13.36,16.67,9.05,8.46,13.64,12.63,12.36,12.81,14.11,12.74,13.22,19.07
1970-10,-4.57,-4.97,-4.65,-5.98,-6.73,-5.96,-8.22,-4.31,-4.95,-6.35,-5.64,-5.34,-8.06,-5.78,-6.11,-6.67,-9.3
1970-11,0.78,-0.01,0.71,1.1,1.45,1.22,-0.64,1.52,0.0,1.99,0.25,1.67,1.25,1.49,1.0,0.73,-1.59
1970-12,9.84,8.5,8.51,8.84,8.06,7.93,8.4,8.42,8.58,9.66,8.06,7.9,8.22,8.0,7.87,8.52,8.32
1971-01,11.91,15.0,11.49,12.72,14.9,12.46,14.35,10.89,12.0,13.01,12.44,13.48,16.26,11.98,12.85,13.94,14.64
1971-02,4.3,4.49,3.24,4.26,4.19,4.37,5.94,1.86,4.42,4.8,3.73,3.77,4.59,3.52,5.06,4.63,6.86
1971-03,5.17,4.25,5.27,6.55,5.7,6.19,6.26,5.06,5.45,6.13,6.94,6.18,5.24,6.72,5.76,5.66,6.68
1971-04,2.28,2.04,1.79,3.39,3.71,3.08,2.4,2.2,1.44,2.61,4.14,3.57,3.84,2.01,3.95,2.9,2.06
1971-05,-4.23,-4.78,-4.32,-4.99,-4.29,-5.61,-6.36,-4.5,-4.16,-4.7,-5.27,-3.92,-4.63,-5.0,-6.11,-5.15,-7.22
1971-06,-1.57,-2.23,-1.34,-1.43,-2.03,-1.1,-1.92,-0.51,-2.06,-1.65,-1.21,-1.22,-2.81,-1.77,-0.56,-1.98,-1.88
1971-07,-5.48,-5.38,-4.96,-5.22,-6.08,-6.59,-6.64,-4.77,-5.12,-4.74,-5.6,-6.36,-5.81,-6.11,-7.09,-5.22,-7.43
1971-08,4.63,5.04,4.61,4.63,4.34,5.26,3.14,5.2,4.14,4.68,4.59,4.77,3.92,5.76,4.74,2.91,3.27
1971-09,-0.48,-0.88,-0.39,-1.19,-0.18,0.07,-0.23,-1.52,0.52,-0.35,-1.87,-1.47,1.08,0.62,-0.51,0.76,-0.79
1971-10,-6.45,-5.02,-5.52,-5.46,-5.93,-6.09,-6.13,-5.14,-5.82,-5.16,-5.7,-6.52,-5.36,-7.24,-4.87,-4.59,-7.0
1971-11,-3.4,-4.37,-2.3,-2.88,-2.72,-2.81,-3.33,-2.27,-2.32,-2.14,-3.48,-2.6,-2.84,-2.54,-3.09,-2.46,-3.82
1971-12,12.65,10.95,11.7,10.4,12.61,12.93,13.3,12.37,11.16,9.87,10.84,12.94,12.28,12.82,13.06,11.44,14.34
1972-01,10.9,13.09,8.2,9.07,8.79,9.21,8.87,7.06,9.12,7.24,10.55,8.01,9.55,9.91,8.48,7.86,9.43
1972-02,4.17,3.74,4.59,4.6,4.69,5.21,3.17,3.64,5.35,3.55,5.46,3.91,5.44,5.97,4.4,1.7,4.0
1972-03,0.57,0.28,0.27,0.91,0.1,-0.05,-1.91,-0.75,1.09,0.18,1.51,1.48,-1.23,1.34,-1.5,-1.8,-1.97
1972-04,1.55,-0.13,0.43,-0.4,0.63,1.09,-0.91,0.97,0.0,0.13,-0.83,0.05,1.19,1.17,1.01,0.08,-1.45
1972-05,-1.47,-2.59,-1.65,-1.66,-1.17,-2.64,-2.58,-2.17,-1.24,-1.65,-1.66,-1.34,-1.0,-2.91,-2.37,-1.69,-3.07
1972-06,-2.82,-4.32,-2.98,-3.88,-2.66,-3.25,-3.75,-2.43,-3.41,-3.07,-4.54,-1.94,-3.36,-3.02,-3.49,-4.55,-3.31
1972-07,-2.41,-2.56,-2.19,-2.66,-3.58,-3.14,-4.41,-2.26,-2.13,-3.06,-2.25,-4.14,-2.95,-3.2,-3.07,-3.06,-5.35
1972-08,1.86,0.68,3.0,1.59,1.47,1.18,0.78,3.57,2.49,2.59,0.56,1.34,1.62,0.8,1.59,1.31,0.41
1972-09,-3.71,-2.96,-2.99,-2.74,-3.71,-3.1,-2.85,-1.9,-3.97,-2.47,-3.03,-3.8,-3.61,-3.53,-2.64,-2.25,-3.26
1972-10,-1.86,-1.45,-0.59,-1.04,-2.24,-1.89,-1.25,0.11,-1.23,-0.96,-1.13,-1.82,-2.72,-1.82,-1.98,0.45,-2.41
1972-11,4.91,4.23,5.46,4.7,6.84,5.85,5.32,5.58,5.35,3.66,5.76,7.4,6.2,5.58,6.15,7.36,3.93
1972-12,-2.82,-2.41,-0.81,-0.41,-1.63,-2.15,-2.78,-1.15,-0.5,0.44,-1.27,-2.44,-0.7,-2.15,-2.15,-3.6,-2.22
1973-01,-3.2,-1.34,-3.77,-4.6,-4.66,-6.82,-6.29,-4.43,-3.17,-4.95,-4.24,-4.14,-5.24,-6.45,-7.21,-5.33,-6.95
1973-02,-7.35,-6.93,-6.26,-7.15,-7.92,-7.54,-8.65,-6.14,-6.37,-6.75,-7.55,-7.0,-8.95,-6.86,-8.28,-6.97,-9.79
1973-03,-1.91,-1.97,-2.23,-2.98,-2.99,-3.33,-2.98,-2.3,-2.16,-2.49,-3.49,-3.04,-2.94,-2.17,-4.58,-2.04,-3.61
1973-04,-5.95,-6.11,-6.05,-6.77,-7.29,-8.35,-9.48,-6.23,-5.89,-6.24,-7.31,-7.67,-6.85,-7.88,-8.86,-7.4,-10.88
1973-05,-9.21,-8.69,-6.12,-7.25,-7.14,-8.7,-9.11,-7.54,-4.82,-6.25,-8.27,-6.72,-7.62,-8.25,-9.2,-6.31,-11.02
1973-06,-2.33,-3.65,-3.0,-3.21,-3.33,-3.41,-3.97,-3.21,-2.81,-2.88,-3.54,-3.63,-2.99,-3.06,-3.8,-2.4,-5.03
1973-07,11.35,10.08,11.71,11.56,12.28,14.18,15.04,10.85,12.38,11.11,12.08,10.86,13.48,13.51,14.86,12.26,16.75
1973-08,-4.47,-3.91,-4.26,-4.64,-3.83,-5.68,-4.7,-4.62,-3.98,-4.9,-4.33,-3.44,-4.17,-6.53,-4.81,-3.54,-5.41
1973-09,7.63,6.78,9.28,9.29,10.25,9.4,10.22,9.49,9.11,8.94,9.7,9.64,10.76,9.29,9.51,9.43,10.7
1973-10,1.6,2.09,-0.72,0.01,0.08,-1.53,-1.95,-1.35,-0.23,-0.47,0.57,1.88,-1.44,0.21,-3.31,-1.75,-2.07
1973-11,-17.34,-16.41,-17.83,-18.86,-18.21,-20.09,-20.27,-17.66,-17.96,-18.35,-19.45,-18.17,-18.23,-20.08,-20.1,-18.62,-21.29
1973-12,-3.13,-3.61,-3.69,-2.61,-2.13,-3.95,-3.35,-3.65,-3.72,-3.58,-1.48,-1.63,-2.55,-4.9,-2.98,-3.36,-3.34
1974-01,13.53,16.41,13.0,12.1,11.83,12.89,12.85,13.97,12.26,12.4,11.76,12.05,11.65,13.84,11.93,12.04,13.35
1974-02,1.38,1.97,0.87,0.07,0.04,0.03,0.16,0.97,0.79,0.78,-0.75,0.42,-0.29,0.5,-0.45,0.17,0.15
1974-03,2.03,1.2,-0.16,0.71,0.3,0.48,-0.41,-0.55,0.14,0.97,0.41,0.28,0.32,0.7,0.24,0.1,-0.73
1974-04,-3.88,-4.2,-5.28,-4.76,-5.46,-6.62,-7.26,-5.39,-5.21,-5.04,-4.44,-4.85,-5.97,-5.92,-7.34,-7.9,-6.86
1974-05,-5.95,-6.26,-6.95,-6.55,-7.38,-6.52,-8.58,-6.54,-7.27,-6.22,-6.94,-6.65,-8.01,-6.61,-6.43,-7.31,-9.37
1974-06,-1.42,-1.89,-2.57,-2.51,-2.78,-3.56,-4.33,-1.82,-3.16,-2.18,-2.87,-2.46,-3.04,-2.45,-4.68,-5.25,-3.76
1974-07,-3.82,-3.45,-5.0,-5.55,-7.77,-6.65,-5.15,-3.9,-5.8,-6.14,-4.89,-7.07,-8.54,-5.57,-7.63,-4.58,-5.52
1974-08,-7.32,-7.12,-8.83,-8.83,-8.24,-9.13,-8.79,-8.47,-9.08,-9.2,-8.4,-7.68,-8.88,-9.46,-8.83,-8.59,-8.91
1974-09,-7.17,-6.86,-9.01,-9.03,-10.66,-10.53,-9.5,-9.29,-8.81,-9.04,-9.02,-10.56,-10.78,-10.82,-10.28,-9.23,-9.68
1974-10,9.46,7.9,11.54,12.85,13.41,14.06,11.51,15.45,8.74,11.55,14.32,12.88,14.0,15.46,12.8,11.76,11.34
1974-11,-4.39,-5.34,-4.83,-4.96,-5.7,-5.83,-5.35,-3.82,-5.55,-5.72,-4.09,-4.95,-6.52,-7.16,-4.62,-4.38,-6.01
1974-12,-7.52,-8.78,-5.78,-6.0,-6.87,-7.0,-8.49,-4.58,-6.64,-6.96,-4.9,-6.59,-7.18,-7.59,-6.46,-7.9,-8.89
1975-01,29.27,31.74,30.23,29.16,29.4,27.97,32.6,28.51,31.47,30.36,27.77,28.86,30.01,28.89,27.15,33.78,31.78
1975-02,4.34,5.01,5.2,5.07,7.45,6.91,5.04,5.23,5.18,5.48,4.59,7.0,7.94,7.33,6.54,4.05,5.71
1975-03,8.95,8.32,8.58,9.44,12.57,9.0,8.85,9.03,8.26,10.27,8.47,12.77,12.35,8.63,9.34,10.03,8.04
1975-04,3.83,2.75,5.43,4.39,4.26,4.3,4.79,5.24,5.57,4.28,4.51,4.47,4.04,4.93,3.73,4.39,5.06
1975-05,7.53,7.41,7.65,6.15,8.7,9.44,9.13,8.71,6.88,4.73,7.8,9.44,7.88,8.81,10.02,8.76,9.38
1975-06,8.68,8.45,7.76,6.82,6.85,8.05,8.34,6.11,8.96,5.63,8.21,7.43,6.21,7.78,8.3,8.58,8.17
1975-07,0.1,-0.19,-4.15,-1.8,-3.84,-3.66,-2.65,-5.58,-2.98,-0.3,-3.41,-3.39,-4.33,-3.89,-3.45,-2.82,-2.49
1975-08,-5.02,-5.66,-4.35,-4.4,-4.87,-5.73,-4.89,-3.4,-5.13,-4.51,-4.27,-4.78,-4.96,-4.36,-7.02,-5.81,-4.09
1975-09,-3.09,-2.72,-5.05,-4.7,-3.21,-4.64,-4.52,-5.28,-4.86,-5.32,-4.04,-2.93,-3.51,-4.95,-4.34,-3.97,-5.0
1975-10,2.68,1.57,3.99,4.49,2.78,2.55,2.12,4.6,3.49,5.13,3.8,2.5,3.07,3.03,2.11,3.02,1.33
1975-11,3.14,2.11,3.39,2.13,2.6,1.79,2.04,3.36,3.42,2.89,1.33,3.09,2.08,1.6,1.97,4.14,0.2
1975-12,-0.36,-0.54,-0.13,-0.66,-0.39,-0.93,-0.71,-0.87,0.47,-1.79,0.53,-0.71,-0.05,-0.07,-1.73,-0.88,-0.57
1976-01,22.24,22.23,18.14,18.4,16.41,20.38,16.07,19.23,17.25,19.36,17.39,14.74,18.2,19.44,21.27,13.75,18.08
1976-02,12.75,13.92,9.46,8.67,9.04,8.63,7.2,9.63,9.33,8.79,8.55,9.55,8.5,7.47,9.73,5.61,8.59
1976-03,1.48,1.72,1.13,1.45,2.73,2.95,2.85,1.26,1.03,0.59,2.36,2.7,2.77,3.85,2.11,4.23,1.62
1976-04,-1.42,-0.97,-1.41,-0.19,-1.69,-0.76,-2.26,-2.91,-0.18,-0.41,0.04,-1.81,-1.57,-1.11,-0.44,-2.33,-2.2
1976-05,-2.65,-2.83,-2.32,-2.07,-1.49,-2.61,-0.55,-2.35,-2.29,-2.27,-1.87,-2.28,-0.66,-2.23,-2.97,-0.44,-0.65
1976-06,2.87,2.99,3.22,4.99,4.43,4.15,1.6,3.7,2.82,4.21,5.82,5.62,3.18,4.58,3.75,2.41,0.88
1976-07,0.29,0.31,0.3,-0.08,-0.12,-0.67,0.1,1.05,-0.28,-0.21,0.04,-1.26,0.82,-0.76,-0.56,0.68,-0.39
1976-08,-1.87,-1.79,-2.21,-1.25,-2.44,-2.31,-1.47,-1.8,-2.54,-1.61,-0.91,-2.14,-2.69,-1.26,-3.55,-2.27,-0.78
1976-09,1.88,1.29,2.0,1.98,1.6,2.4,2.16,1.62,2.3,1.65,2.31,2.23,1.09,2.31,2.5,1.31,2.89
1976-10,-1.94,-2.5,-3.13,-1.43,-3.38,-2.78,-2.23,-2.6,-3.54,-1.67,-1.19,-3.48,-3.3,-2.61,-2.99,-2.67,-1.86
1976-11,2.54,2.09,3.84,2.41,3.29,2.14,3.32,3.86,3.83,2.35,2.48,2.51,3.93,1.83,2.5,3.5,3.17
1976-12,10.29,11.28,9.23,8.14,8.91,10.4,8.73,8.88,9.49,7.8,8.47,8.83,8.97,9.96,10.93,8.74,8.72
1977-01,4.98,4.86,0.78,-0.18,0.6,2.22,2.34,-0.93,2.11,-0.35,-0.01,1.87,-0.41,2.62,1.75,1.45,3.11
1977-02,-0.23,0.83,-0.71,-0.46,-1.04,-0.99,-1.22,-0.48,-0.89,-0.17,-0.74,-0.56,-1.44,-0.54,-1.51,-0.97,-1.44
1977-03,1.11,1.08,-0.36,0.39,0.65,1.06,0.77,-0.82,0.01,1.01,-0.2,0.31,0.93,0.9,1.23,0.61,0.91
1977-04,1.58,2.27,2.9,1.0,1.25,1.23,1.49,2.41,3.29,0.9,1.11,1.0,1.45,1.16,1.31,0.46,2.39
1977-05,0.45,0.94,-1.07,-0.55,-0.27,-0.77,0.58,-0.78,-1.29,-0.35,-0.74,0.14,-0.59,-0.54,-1.04,1.21,0.04
1977-06,5.86,5.02,5.22,5.94,5.33,7.71,5.44,5.79,4.78,5.22,6.66,4.98,5.62,8.18,7.16,5.54,5.36
1977-07,1.81,2.3,-0.03,-0.13,-0.53,-0.36,0.5,-0.21,0.12,-0.3,0.03,-0.18,-0.85,0.18,-1.0,0.36,0.62
1977-08,0.06,-0.85,-1.1,-0.42,-1.08,-1.11,-0.71,-1.11,-1.09,-0.93,0.1,-1.92,-0.33,-1.36,-0.81,-0.92,-0.54
1977-09,1.56,1.1,0.31,1.79,1.55,0.98,1.02,0.67,-0.02,1.86,1.72,1.31,1.75,1.14,0.8,0.9,1.12
1977-10,-2.41,-2.02,-3.08,-3.19,-3.11,-2.14,-2.76,-2.47,-3.63,-3.79,-2.58,-3.23,-3.0,-1.22,-3.23,-3.89,-1.79
1977-11,7.47,7.29,8.06,6.99,8.0,7.17,6.42,7.92,8.19,7.72,6.26,7.47,8.47,7.09,7.27,6.98,5.95
1977-12,2.73,1.93,1.15,1.95,2.01,1.93,2.09,0.73,1.53,1.78,2.12,1.7,2.28,1.83,2.06,1.48,2.61
1978-01,-0.17,0.48,-3.33,-3.06,-2.32,-2.63,-4.12,-3.83,-2.88,-3.53,-2.58,-2.55,-2.12,-3.6,-1.5,-4.48,-3.81
1978-02,3.54,3.18,1.67,1.33,2.19,0.96,1.24,1.14,2.16,1.44,1.23,2.72,1.73,0.96,0.97,0.61,1.78
1978-03,7.23,8.07,6.34,6.65,7.05,6.34,5.05,7.31,5.44,5.97,7.34,6.85,7.22,7.16,5.4,4.8,5.26
1978-04,8.74,8.13,8.02,7.56,9.58,8.26,7.07,7.55,8.45,8.69,6.42,9.88,9.31,7.92,8.65,6.65,7.43
1978-05,8.48,8.48,5.99,5.69,5.89,6.5,5.92,5.69,6.27,5.5,5.89,4.75,6.89,7.59,5.23,6.39,5.51
1978-06,1.04,1.18,-0.28,0.55,0.63,0.58,0.47,-1.06,0.43,1.13,-0.05,1.43,-0.07,1.04,0.06,-0.64,1.43
1978-07,4.8,5.02,5.77,4.89,6.99,5.7,5.35,6.63,4.97,5.4,4.42,6.56,7.41,5.2,6.2,6.52,4.46
1978-08,10.22,11.75,7.36,8.79,8.36,8.68,8.93,6.86,7.82,8.82,8.76,8.16,8.55,8.28,9.09,7.61,9.93
1978-09,1.19,1.65,-1.22,-0.37,-0.39,0.3,-0.72,-2.21,-0.31,-1.27,0.44,-0.25,-0.52,0.37,0.23,-1.08,-0.45
1978-10,-18.04,-19.9,-18.3,-18.61,-19.24,-20.38,-18.17,-18.37,-18.23,-18.85,-18.39,-18.64,-19.79,-19.71,-21.05,-17.18,-18.91
1978-11,4.06,3.22,4.28,4.52,5.72,7.7,5.09,5.11,3.52,5.38,3.74,5.4,6.02,7.39,8.02,5.04,5.14
1978-12,0.93,0.77,2.62,1.6,1.34,2.69,0.58,2.19,3.02,1.11,2.03,1.11,1.56,3.14,2.24,-0.09,1.1
1979-01,10.64,11.13,8.17,10.89,8.42,8.86,8.11,8.16,8.18,10.54,11.21,7.65,9.14,7.75,9.99,8.09,8.13
1979-02,-1.58,-1.82,-2.95,-2.4,-2.58,-2.96,-2.6,-2.87,-3.03,-2.2,-2.58,-2.41,-2.74,-1.78,-4.14,-2.96,-2.32
1979-03,8.91,7.53,8.54,8.83,8.61,9.48,8.53,8.9,8.21,7.85,9.72,7.69,9.47,10.35,8.63,6.78,9.86
1979-04,3.56,3.15,1.64,2.44,2.39,2.52,1.1,2.02,1.28,3.13,1.81,2.25,2.52,2.53,2.5,1.0,1.17
1979-05,-0.49,-0.21,-0.87,-1.46,-2.12,-1.06,-1.46,-0.96,-0.79,-1.75,-1.2,-2.46,-1.8,-1.02,-1.1,-1.84,-1.17
1979-06,5.06,4.84,5.17,5.63,6.14,5.53,6.09,5.0,5.32,5.14,6.08,5.31,6.9,5.65,5.41,5.12,6.83
1979-07,2.34,1.96,2.32,1.47,3.31,2.69,2.03,2.17,2.48,1.18,1.74,2.75,3.83,1.87,3.52,2.12,1.96
1979-08,7.66,6.54,7.99,8.15,8.32,10.1,6.73,8.51,7.43,7.55,8.69,8.54,8.11,10.58,9.62,6.82,6.65
1979-09,0.42,0.45,-0.38,-0.41,-1.04,-0.82,-0.82,0.18,-1.0,-0.56,-0.27,-1.2,-0.89,-1.1,-0.53,-1.76,-0.04
1979-10,-8.4,-9.41,-9.78,-9.4,-10.53,-9.63,-11.09,-9.36,-10.22,-9.2,-9.57,-11.43,-9.69,-8.81,-10.45,-10.87,-11.26
1979-11,5.82,5.02,6.21,7.47,7.77,8.3,8.66,5.81,6.64,7.18,7.74,8.24,7.34,8.06,8.53,8.83,8.52
1979-12,6.79,6.75,5.54,6.23,6.52,7.79,5.79,5.48,5.61,6.24,6.22,7.73,5.39,6.34,9.23,5.63,5.92
1980-01,10.98,12.66,7.5,9.33,8.47,9.83,8.59,8.78,6.1,9.29,9.37,8.3,8.62,8.44,11.23,7.12,9.8
1980-02,-0.86,-0.62,-1.87,-1.97,-1.45,-1.22,-1.11,-2.12,-1.59,-1.7,-2.22,-2.41,-0.53,-0.69,-1.74,-2.2,-0.21
1980-03,-15.84,-16.44,-15.21,-15.92,-15.77,-16.6,-16.71,-16.1,-14.24,-16.79,-15.1,-16.39,-15.17,-15.44,-17.74,-15.49,-17.7
1980-04,4.66,3.95,4.69,5.16,5.37,5.62,8.1,4.87,4.49,4.87,5.43,5.54,5.21,5.54,5.71,7.17,8.86
1980-05,7.11,7.12,7.9,8.13,7.7,7.29,6.7,7.31,8.54,8.46,7.82,7.45,7.93,8.06,6.55,6.18,7.13
1980-06,3.65,4.65,3.29,3.81,3.98,4.35,4.56,2.97,3.63,4.07,3.57,3.41,4.52,4.69,4.01,4.06,4.97
1980-07,9.58,8.15,9.7,10.12,9.84,11.39,9.31,9.57,9.81,9.93,10.32,10.38,9.34,11.1,11.71,9.44,9.21
1980-08,6.81,7.49,5.82,7.18,8.27,6.21,6.02,6.3,5.42,7.02,7.33,7.88,8.63,6.43,5.96,5.86,6.14
1980-09,4.94,6.05,2.83,4.57,4.73,4.9,3.04,3.14,2.57,5.09,4.05,4.07,5.33,4.26,5.63,4.21,2.16
1980-10,3.72,2.87,2.45,3.06,5.02,4.19,4.85,1.66,3.13,2.41,3.71,4.06,5.89,4.5,3.84,4.05,5.45
1980-11,5.46,5.85,5.38,4.92,7.05,8.03,9.29,4.49,6.15,5.0,4.85,6.29,7.74,8.18,7.87,8.42,9.94
1980-12,-3.52,-3.65,-2.4,-3.46,-2.89,-2.49,-2.82,-2.16,-2.61,-3.33,-3.58,-2.59,-3.16,-3.11,-1.79,-1.77,-3.61
1981-01,1.97,2.09,1.44,0.82,-0.16,-2.26,-1.9,2.39,0.61,0.83,0.82,0.16,-0.45,-0.85,-3.85,-1.1,-2.51
1981-02,1.68,1.26,1.49,1.35,1.03,0.72,-0.94,2.28,0.8,1.87,0.82,1.85,0.29,1.36,-0.01,-0.64,-1.17
1981-03,8.04,7.37,8.42,8.22,8.57,7.35,7.81,8.65,8.22,8.32,8.13,7.64,9.4,7.96,6.65,6.79,8.58
1981-04,4.34,3.76,3.02,3.05,2.32,3.16,1.45,2.59,3.39,2.92,3.18,2.9,1.81,2.55,3.86,2.57,0.6
1981-05,2.93,3.64,3.45,3.35,2.77,2.47,3.69,4.27,2.74,3.49,3.21,2.57,2.94,1.88,3.16,3.42,3.89
1981-06,0.63,0.57,1.06,-0.12,-0.74,-2.17,-2.71,0.85,1.25,0.32,-0.54,-0.02,-1.38,-0.75,-3.82,-1.34,-3.73
1981-07,-1.32,-1.45,-1.97,-2.84,-3.34,-2.13,-2.74,-1.58,-2.33,-2.78,-2.92,-2.63,-4.11,-1.91,-2.34,-1.65,-3.3
1981-08,-5.96,-6.89,-7.37,-7.02,-7.97,-8.44,-8.84,-7.13,-7.59,-7.35,-6.66,-7.74,-8.21,-8.02,-8.85,-7.23,-9.69
1981-09,-6.38,-8.51,-7.23,-8.05,-7.8,-8.35,-10.52,-6.11,-8.29,-8.76,-7.28,-8.27,-7.31,-8.68,-8.03,-8.91,-11.36
1981-10,6.35,6.23,6.23,7.43,9.34,7.64,7.92,6.0,6.45,7.08,7.8,8.27,10.49,8.43,6.86,8.02,7.86
1981-11,3.79,1.43,2.65,2.71,1.76,2.09,0.9,2.91,2.41,2.76,2.66,1.4,2.14,2.73,1.45,1.88,0.39
1981-12,-0.72,-2.28,-0.83,-1.07,-2.04,-3.41,-3.72,-1.12,-0.55,-1.16,-0.96,-1.91,-2.18,-3.58,-3.24,-3.96,-3.59
1982-01,-0.7,-0.97,-2.41,-2.08,-2.49,-1.61,-3.0,-1.78,-2.99,-1.73,-2.46,-2.72,-2.24,-1.16,-2.06,-2.9,-3.05
1982-02,-2.84,-2.11,-3.48,-3.3,-4.12,-4.6,-5.87,-4.13,-2.88,-3.63,-2.93,-4.42,-3.79,-4.01,-5.19,-4.92,-6.36
1982-03,0.5,-0.64,-0.01,-0.76,-1.68,-0.65,-3.19,-0.36,0.31,-0.9,-0.6,-1.27,-2.13,0.73,-1.99,-3.42,-3.07
1982-04,4.51,4.47,5.1,6.59,6.18,6.35,6.16,6.16,4.1,6.01,7.23,5.62,6.78,6.41,6.29,6.57,5.94
1982-05,-0.86,-1.48,-1.91,-2.34,-2.99,-2.23,-3.78,-2.6,-1.25,-3.09,-1.53,-2.47,-3.55,-2.52,-1.95,-4.63,-3.33
1982-06,-2.07,-1.57,-2.05,-2.22,-3.0,-2.54,-6.62,-2.08,-2.01,-2.41,-2.01,-3.44,-2.52,-1.95,-3.1,-5.44,-7.25
1982-07,-0.93,-0.09,-1.06,-1.71,-1.2,-1.49,-3.71,-0.58,-1.52,-1.47,-1.95,-1.06,-1.32,-0.85,-2.1,-4.83,-3.25
1982-08,5.68,3.92,8.14,8.25,8.86,8.24,6.59,6.77,9.43,9.07,7.43,7.93,9.67,10.13,6.44,7.83,6.06
1982-09,5.34,3.13,2.9,4.11,2.34,3.53,0.59,3.18,2.64,2.66,5.56,2.2,2.46,1.94,5.03,1.11,0.38
1982-10,12.18,11.62,13.2,14.19,14.71,12.8,14.0,12.06,14.28,14.98,13.39,15.46,14.05,13.91,11.75,12.51,14.63
1982-11,10.2,10.2,8.6,8.54,9.29,8.35,9.12,7.52,9.61,8.05,9.04,7.86,10.56,9.68,7.07,9.09,9.13
1982-12,2.15,2.94,2.22,2.59,2.09,1.68,3.1,2.0,2.43,2.61,2.56,2.88,1.4,2.08,1.29,0.82,4.07
1983-01,6.98,11.9,8.76,8.06,10.03,11.19,13.87,9.1,8.45,7.78,8.35,9.8,10.23,12.32,10.11,10.11,15.46
1983-02,6.9,7.83,6.72,5.8,5.27,5.31,2.84,6.63,6.81,6.1,5.5,5.75,4.85,6.63,4.05,2.34,3.05
1983-03,7.14,7.53,6.58,5.51,5.03,3.27,3.13,6.02,7.11,5.81,5.22,5.73,4.41,2.38,4.12,2.48,3.41
1983-04,7.44,8.09,7.77,8.2,8.1,7.25,7.38,7.68,7.86,8.23,8.17,8.62,7.65,7.44,7.07,6.95,7.56
1983-05,7.74,10.64,8.1,6.52,7.73,8.8,11.45,8.51,7.7,6.88,6.15,8.19,7.33,8.2,9.37,11.1,11.6
1983-06,4.85,5.58,4.75,5.3,5.44,3.36,4.36,4.34,5.14,5.32,5.28,6.31,4.7,3.84,2.91,2.59,5.13
1983-07,-0.31,-0.2,-2.45,-1.97,-2.77,-2.31,-4.11,-2.36,-2.53,-2.73,-1.24,-2.86,-2.67,-2.65,-1.99,-4.39,-3.96
1983-08,-2.79,-3.64,-2.23,-3.1,-2.62,-2.82,-4.31,-2.52,-1.97,-2.92,-3.26,-2.91,-2.3,-3.08,-2.58,-2.42,-5.38
1983-09,2.16,-0.6,0.52,1.0,1.75,-0.04,-1.22,0.56,0.48,1.86,0.18,1.84,1.65,0.03,-0.11,-0.14,-1.84
1983-10,-4.88,-4.75,-5.77,-5.76,-5.22,-4.72,-7.11,-4.39,-7.09,-5.66,-5.84,-4.72,-5.75,-5.51,-3.98,-5.44,-8.07
1983-11,3.72,3.68,3.9,3.45,4.12,3.7,1.92,3.94,3.86,2.8,4.07,3.67,4.6,4.96,2.5,2.21,1.76
1983-12,-0.59,-1.73,-1.14,-1.55,-1.48,-3.29,-3.99,-1.18,-1.1,-1.74,-1.37,-1.39,-1.59,-3.04,-3.53,-3.66,-4.18
1984-01,1.29,2.31,0.04,-0.91,-1.4,0.12,-0.53,0.26,-0.17,-0.26,-1.54,-1.89,-0.89,-0.31,0.53,-0.72,-0.42
1984-02,-4.41,-5.98,-6.14,-5.16,-5.27,-6.39,-5.88,-6.44,-5.86,-4.51,-5.76,-4.8,-5.78,-5.73,-7.03,-4.63,-6.6
1984-03,1.68,1.69,1.28,0.43,1.62,0.96,-0.84,0.99,1.56,0.94,-0.06,0.96,2.32,0.43,1.47,-1.06,-0.72
1984-04,-0.83,-2.86,-0.62,-1.24,-1.57,-1.61,-3.64,-1.15,-0.1,-1.29,-1.19,-1.83,-1.29,-1.3,-1.9,-2.48,-4.32
1984-05,-3.66,-4.25,-5.5,-6.28,-5.33,-4.44,-4.76,-4.87,-6.11,-6.03,-6.52,-5.84,-4.78,-4.46,-4.41,-3.38,-5.56
1984-06,2.13,1.58,2.14,3.13,2.32,1.39,1.27,1.95,2.32,2.53,3.7,2.6,2.03,1.41,1.37,2.17,0.76
1984-07,-3.08,-4.66,-3.8,-3.85,-4.39,-4.71,-6.7,-4.27,-3.26,-4.78,-3.04,-5.0,-3.65,-4.16,-5.18,-5.17,-7.34
1984-08,8.18,7.35,10.77,10.86,9.2,10.39,9.56,10.81,10.74,11.71,10.11,9.27,9.12,9.4,11.24,9.55,9.56
1984-09,1.37,0.64,-0.04,-0.44,-0.33,0.23,-1.91,0.07,-0.18,-0.59,-0.31,-1.0,0.5,0.44,0.06,-2.24,-1.77
1984-10,-2.1,-2.95,-2.36,-2.77,-1.74,-1.66,-2.38,-2.37,-2.34,-2.89,-2.67,-1.0,-2.67,-1.05,-2.19,-0.77,-3.06
1984-11,-1.88,-3.81,-2.63,-3.43,-1.89,-3.52,-4.57,-2.73,-2.52,-3.28,-3.57,-2.18,-1.52,-3.03,-3.93,-3.67,-4.95
1984-12,1.15,0.69,0.83,1.07,0.85,1.92,0.35,1.35,0.23,0.9,1.22,0.04,1.87,1.81,2.01,1.19,-0.01
1985-01,9.64,11.08,11.61,13.08,12.16,11.07,15.61,12.45,10.65,13.28,12.91,11.83,12.57,8.83,12.97,13.49,16.51
1985-02,4.81,5.57,4.28,4.19,3.49,2.71,4.55,4.56,3.97,3.17,5.07,4.46,2.3,3.21,2.28,3.76,4.88
1985-03,-0.2,-1.21,-0.76,-0.7,-1.62,0.47,-3.0,-0.46,-1.1,0.88,-2.06,-2.02,-1.13,0.67,0.3,-1.62,-3.59
1985-04,-0.21,-1.21,-0.75,-1.26,-0.71,-1.19,-2.95,-0.97,-0.49,-1.46,-1.08,0.15,-1.78,-1.38,-1.03,-2.43,-3.17
1985-05,2.74,1.18,2.02,4.0,3.76,2.69,3.08,1.24,2.9,3.87,4.12,4.09,3.35,3.94,1.62,4.64,2.41
1985-06,0.83,-0.83,0.36,0.92,1.07,0.93,0.22,1.09,-0.48,0.59,1.21,1.13,0.99,1.06,0.81,0.97,-0.1
1985-07,2.31,1.65,2.18,2.48,1.52,0.15,1.51,3.11,1.2,2.78,2.1,2.02,0.98,1.68,-1.39,1.24,1.62
1985-08,0.1,-0.63,-0.39,-1.17,-0.87,-0.3,-1.53,-0.1,-0.69,-1.11,-1.25,-1.88,0.19,-1.75,1.17,-1.06,-1.74
1985-09,-3.78,-4.39,-5.46,-5.24,-5.87,-5.84,-7.77,-5.5,-5.42,-5.03,-5.5,-5.42,-6.34,-5.76,-5.93,-7.81,-7.76
1985-10,3.37,0.68,2.36,3.88,3.77,1.87,0.95,2.21,2.52,4.55,3.06,4.74,2.75,1.99,1.75,0.85,1.0
1985-11,6.61,3.61,6.18,6.68,5.71,4.93,5.15,7.33,4.97,6.51,6.9,5.97,5.44,5.34,4.53,5.14,5.15
1985-12,3.56,2.23,2.69,3.34,4.1,3.4,2.35,2.22,3.18,3.09,3.64,4.01,4.19,3.25,3.55,1.78,2.61
1986-01,2.47,4.78,3.09,2.73,3.8,2.99,5.85,3.18,3.0,4.06,1.1,3.38,4.23,1.81,4.14,4.99,6.24
1986-02,6.47,6.0,5.75,6.78,6.03,5.43,6.08,5.04,6.51,7.16,6.32,6.23,5.82,6.18,4.7,6.62,5.83
1986-03,5.89,6.82,4.9,4.19,5.19,3.33,4.34,4.26,5.58,3.92,4.52,5.18,5.2,3.82,2.86,5.13,3.97
1986-04,1.19,0.69,0.99,2.12,1.72,1.18,1.01,0.51,1.51,1.7,2.62,1.4,2.05,2.65,-0.23,-0.16,1.54
1986-05,3.92,3.19,4.03,4.36,3.58,3.68,3.31,4.99,3.0,4.13,4.63,2.87,4.31,3.73,3.64,3.89,3.05
1986-06,1.83,0.25,0.86,-0.04,0.84,1.65,-0.25,0.77,0.95,-0.58,0.62,-0.07,1.79,0.81,2.45,1.4,-1.0
1986-07,-6.87,-5.23,-8.6,-7.81,-8.11,-6.81,-9.98,-9.02,-8.09,-6.65,-9.02,-7.5,-8.79,-7.18,-6.46,-8.74,-10.55
1986-08,3.09,-0.22,2.01,2.61,3.83,4.88,1.58,1.92,2.13,1.62,3.65,3.93,3.71,5.2,4.57,3.17,0.83
1986-09,-5.19,-5.49,-5.72,-5.79,-7.2,-7.47,-6.69,-5.4,-6.11,-5.47,-6.12,-8.39,-5.86,-7.52,-7.43,-8.96,-5.63
1986-10,3.26,1.94,3.42,2.9,3.52,3.08,2.37,1.69,5.54,2.5,3.3,3.68,3.34,3.37,2.8,4.47,1.4
1986-11,-0.05,-0.83,1.49,0.13,-0.13,-1.65,-1.19,1.47,1.52,0.41,-0.15,-0.09,-0.17,-1.05,-2.25,0.92,-2.17
1986-12,-2.98,-2.94,-2.78,-2.91,-3.52,-4.53,-3.8,-2.6,-3.01,-2.85,-2.98,-4.49,-2.45,-4.25,-4.81,-4.23,-3.59
1987-01,11.75,10.38,11.74,12.08,13.54,11.59,12.8,11.84,11.6,12.01,12.15,13.82,13.24,12.07,11.1,13.23,12.59
1987-02,6.92,7.11,8.23,7.98,8.55,7.01,7.68,8.36,8.07,9.45,6.45,8.65,8.44,6.81,7.22,9.4,6.88
1987-03,4.28,4.73,1.94,2.07,1.88,1.78,4.06,1.49,2.51,2.3,1.82,1.95,1.81,1.4,2.17,3.72,4.22
1987-04,-2.38,-0.09,-1.6,-2.3,-1.55,-2.99,-2.56,-1.89,-1.25,-3.48,-1.06,-1.98,-1.08,-2.13,-3.86,-2.53,-2.57
1987-05,0.76,1.02,1.01,-0.25,0.95,-0.17,0.25,0.94,1.1,0.04,-0.56,1.73,0.08,-0.4,0.07,1.27,-0.23
1987-06,3.33,2.45,3.48,3.15,2.72,1.88,3.2,4.15,2.67,3.65,2.62,1.86,3.68,1.97,1.79,3.13,3.23
1987-07,5.13,5.65,3.68,3.06,4.36,4.25,1.47,2.59,5.09,3.62,2.49,3.77,5.1,1.8,5.93,2.43,1.1
1987-08,1.95,0.89,2.29,2.12,2.0,2.62,1.08,1.59,3.19,3.03,1.2,1.73,2.33,3.04,2.33,2.49,0.55
1987-09,-0.45,-0.66,-1.31,-0.96,-1.24,-2.16,-2.09,-0.72,-2.08,-1.27,-0.65,-0.62,-2.0,-1.66,-2.49,-1.44,-2.34
1987-10,-25.67,-26.28,-26.89,-28.35,-30.13,-27.76,-30.4,-26.17,-27.81,-28.36,-28.34,-29.89,-30.44,-26.75,-28.44,-28.87,-30.98
1987-11,-4.86,-3.41,-5.68,-4.93,-5.94,-5.21,-7.54,-5.84,-5.49,-5.05,-4.82,-5.81,-6.1,-4.61,-5.62,-6.37,-7.98
1987-12,5.33,-0.36,4.93,5.6,5.27,3.16,3.54,4.62,5.33,5.72,5.48,4.85,5.81,4.74,2.09,5.93,2.62
1988-01,6.34,9.22,6.57,6.7,7.65,7.02,8.52,7.63,5.23,6.34,7.07,7.34,8.05,6.92,7.09,8.03,8.71
1988-02,6.58,5.17,7.06,8.4,8.52,7.69,6.32,5.38,9.21,9.22,7.54,8.76,8.22,7.15,8.05,5.8,6.52
1988-03,4.21,5.04,3.83,3.15,3.95,1.83,3.64,4.08,3.52,3.1,3.19,4.22,3.61,1.87,1.79,2.2,4.21
1988-04,2.21,2.35,0.29,1.84,2.12,1.1,0.78,0.42,0.13,2.56,1.11,1.46,2.96,1.55,0.78,0.51,0.88
1988-05,-0.77,-0.24,-2.13,-2.4,-1.79,-1.18,-2.32,-1.71,-2.66,-1.67,-3.16,-1.49,-2.16,-0.53,-1.63,-1.62,-2.59
1988-06,4.76,4.38,6.24,5.47,6.68,4.4,5.96,5.1,7.71,5.21,5.74,7.21,6.02,5.09,3.92,7.65,5.32
1988-07,-0.18,0.48,-0.06,-0.63,-1.19,-0.13,-0.09,-0.02,-0.1,-0.55,-0.71,-1.79,-0.78,0.82,-1.03,-1.12,0.34
1988-08,-1.56,-1.18,-2.59,-2.39,-2.47,-3.89,-3.19,-2.84,-2.32,-2.67,-2.07,-0.85,-3.58,-3.2,-4.54,-2.56,-3.46
1988-09,2.64,1.72,2.88,3.48,2.43,1.21,1.3,3.03,2.72,5.09,1.64,1.73,2.91,1.76,0.7,2.01,1.01
1988-10,-0.16,-1.29,0.12,-1.93,-0.79,-2.43,-2.83,-0.58,0.89,-2.48,-1.31,-0.05,-1.3,-1.97,-2.86,-1.95,-3.21
1988-11,-2.56,-3.4,-3.24,-4.08,-4.18,-5.09,-6.11,-4.24,-2.12,-4.9,-3.14,-3.31,-4.8,-5.47,-4.71,-4.57,-6.77
1988-12,3.18,1.25,3.31,3.46,3.36,2.65,2.19,3.33,3.28,3.72,3.15,3.47,3.28,2.81,2.49,2.85,1.92
1989-01,5.7,7.96,6.24,5.38,4.88,8.01,7.64,6.89,5.52,5.59,5.15,5.51,4.44,10.13,5.97,6.29,8.22
1989-02,0.73,1.44,1.0,0.12,0.23,0.64,-0.31,1.48,0.47,-0.41,0.74,0.99,-0.29,0.29,0.98,-0.6,-0.18
1989-03,2.3,2.7,2.8,1.77,2.19,2.49,1.0,3.0,2.58,1.13,2.52,1.66,2.55,2.32,2.66,1.86,0.63
1989-04,3.55,3.94,4.25,2.96,3.93,2.1,3.5,3.56,5.03,3.78,2.02,4.39,3.61,2.76,1.46,3.85,3.35
1989-05,4.15,1.99,3.28,4.04,4.37,2.98,1.98,3.02,3.58,4.04,4.04,3.81,4.76,3.19,2.78,2.69,1.68
1989-06,0.2,-0.4,-1.23,-2.41,-1.74,-2.23,-1.8,-0.66,-1.86,-1.93,-2.97,-1.44,-1.94,-2.25,-2.22,-2.1,-1.67
1989-07,3.71,1.33,2.91,4.32,4.1,2.99,2.33,2.47,3.41,3.69,5.03,4.03,4.16,2.02,3.89,1.49,2.84
1989-08,1.93,1.11,2.83,2.64,2.5,1.78,1.43,3.59,1.98,2.49,2.82,1.28,3.6,1.17,2.36,1.99,1.09
1989-09,-0.91,1.44,-0.79,1.03,-0.17,0.41,0.31,-1.69,0.26,3.0,-1.2,-0.1,-0.24,0.12,0.68,0.36,0.29
1989-10,-4.59,-4.56,-6.05,-5.88,-4.67,-5.21,-5.78,-6.51,-5.51,-5.59,-6.19,-4.49,-4.83,-4.79,-5.59,-5.76,-5.79
1989-11,-0.29,-2.18,-0.51,-1.43,-0.32,0.07,-1.59,-0.57,-0.45,-1.67,-1.17,-0.42,-0.23,0.93,-0.74,-2.57,-0.99
1989-12,-0.65,-3.07,-0.27,-0.74,-0.79,-1.55,-1.21,-0.73,0.26,-1.32,-0.11,-1.4,-0.23,-0.6,-2.43,-0.85,-1.42
1990-01,-5.14,-1.94,-6.38,-6.74,-5.06,-6.75,-6.37,-6.28,-6.49,-6.65,-6.84,-5.5,-4.66,-6.84,-6.67,-6.14,-6.51
1990-02,1.72,1.05,3.28,1.79,2.99,2.54,2.19,1.04,5.91,1.37,2.26,3.82,2.23,3.75,1.41,2.1,2.24
1990-03,2.41,1.86,2.41,3.13,4.55,1.89,2.78,2.53,2.26,3.19,3.07,3.52,5.48,1.72,2.05,2.41,3.01
1990-04,-2.6,-1.75,-1.95,-3.89,-3.86,-1.78,-2.22,-2.6,-1.19,-3.53,-4.29,-3.68,-4.03,-0.02,-3.43,-2.11,-2.28
1990-05,4.91,2.68,6.17,6.32,5.38,7.23,4.88,5.16,7.35,6.17,6.5,4.81,5.9,5.74,8.62,5.15,4.7
1990-06,0.58,1.0,0.33,0.75,0.1,-1.14,0.67,-0.42,1.21,0.51,1.03,-0.68,0.82,-0.78,-1.46,0.38,0.85
1990-07,-2.47,-1.96,-2.82,-2.55,-4.59,-4.4,-3.33,-2.54,-3.13,-3.27,-1.88,-4.35,-4.87,-3.04,-5.75,-3.33,-3.33
1990-08,-10.51,-9.93,-11.23,-12.32,-13.05,-12.53,-12.79,-11.48,-10.95,-12.26,-12.38,-13.43,-12.62,-11.61,-13.43,-12.13,-13.14
1990-09,-7.01,-6.3,-7.41,-8.04,-9.47,-8.54,-9.67,-6.12,-8.88,-9.79,-6.41,-10.16,-8.67,-6.87,-10.17,-8.12,-10.5
1990-10,-5.22,-6.55,-6.63,-4.8,-5.1,-5.88,-6.71,-6.52,-6.76,-5.81,-3.85,-4.92,-5.31,-6.36,-5.41,-6.74,-6.7
1990-11,4.72,0.87,6.49,4.08,7.35,4.89,4.36,6.21,6.81,6.39,1.93,6.92,7.84,5.68,4.11,6.44,3.25
1990-12,0.57,-1.07,0.7,1.1,2.89,1.25,-1.83,2.57,-1.41,0.24,1.9,3.15,2.6,0.58,1.9,-2.62,-1.41
1991-01,8.06,8.42,7.92,11.86,11.01,13.01,8.5,7.29,8.64,10.74,12.89,11.42,10.54,12.71,13.3,10.51,7.41
1991-02,11.54,12.26,14.49,15.46,12.5,12.99,16.36,10.92,18.51,14.95,15.92,12.05,13.02,13.31,12.67,12.48,18.44
1991-03,7.29,9.39,10.33,5.89,8.03,8.45,7.63,11.07,9.49,5.19,6.53,7.85,8.24,8.53,8.37,9.05,6.87
1991-04,3.03,3.84,1.45,2.47,2.65,3.45,4.1,2.77,-0.05,2.83,2.14,2.45,2.9,5.85,1.12,4.49,3.89
1991-05,3.76,2.62,3.47,2.88,3.61,3.59,1.61,3.37,3.59,3.87,1.97,3.91,3.25,4.19,3.02,1.77,1.52
1991-06,-3.67,-2.47,-3.63,-3.06,-4.49,-4.55,-3.77,-3.98,-3.23,-2.39,-3.68,-3.83,-5.26,-3.25,-5.79,-3.41,-3.97
1991-07,2.83,3.42,3.07,4.72,3.23,3.25,4.55,4.28,2.1,4.31,5.11,2.92,3.56,3.15,3.34,8.04,3.0
1991-08,2.14,2.58,2.74,2.33,6.12,3.62,4.1,2.35,3.06,1.85,2.8,6.07,6.17,4.85,2.56,2.54,4.78
1991-09,0.08,1.45,-0.44,0.03,-0.27,0.42,2.88,-1.65,0.53,-0.84,0.85,-1.17,0.66,-1.67,2.22,1.81,3.35
1991-10,1.65,2.64,0.52,3.97,2.63,3.6,2.65,0.19,0.79,2.29,5.57,2.9,2.34,5.37,2.07,3.96,2.07
1991-11,-2.95,-1.77,-2.53,-2.62,-2.2,-2.98,-2.76,-3.3,-1.92,-2.11,-3.1,-3.15,-1.21,-2.71,-3.22,-1.92,-3.13
1991-12,4.53,0.88,4.57,5.81,6.51,4.28,3.72,3.97,5.03,4.56,6.99,6.04,7.0,4.31,4.25,4.51,3.37
1992-01,12.58,20.44,14.48,12.69,12.94,16.98,20.29,12.55,15.98,13.36,12.06,12.73,13.15,16.27,17.6,16.46,21.99
1992-02,5.79,8.65,7.33,4.15,4.26,5.02,5.26,4.83,9.27,5.32,3.03,4.97,3.51,5.17,4.88,5.1,5.34
1992-03,-0.17,2.11,-1.09,-0.66,-1.8,-2.95,-3.19,0.2,-2.09,-0.34,-0.97,-1.23,-2.4,-2.07,-3.73,-4.91,-2.42
1992-04,-1.59,-2.41,-1.54,-2.37,-3.41,-5.42,-6.5,-1.53,-1.55,-1.6,-3.11,-3.03,-3.81,-5.79,-5.1,-6.05,-6.7
1992-05,1.05,0.93,0.59,0.44,-0.42,1.19,-0.15,0.08,0.99,1.07,-0.16,-0.99,0.17,2.75,-0.18,-0.63,0.06
1992-06,-2.79,-2.17,-3.64,-4.42,-4.71,-5.33,-6.97,-4.36,-3.08,-4.1,-4.71,-4.87,-4.55,-3.66,-6.78,-5.24,-7.74
1992-07,2.84,2.21,2.54,3.31,3.28,2.63,1.22,2.35,2.74,2.3,4.21,3.0,3.54,2.45,2.8,2.39,0.81
1992-08,-1.44,-1.79,-2.42,-3.25,-3.72,-3.65,-3.58,-2.54,-2.31,-2.74,-3.71,-3.41,-3.99,-3.06,-4.23,-3.29,-3.68
1992-09,1.74,0.18,2.32,1.28,1.55,1.97,1.37,2.35,2.3,-0.07,2.5,2.63,0.6,2.23,1.71,0.55,1.65
1992-10,2.57,1.27,1.52,1.33,2.53,3.63,2.14,2.67,0.39,1.15,1.48,3.01,2.11,3.71,3.55,0.87,2.58
1992-11,6.75,6.32,6.97,7.33,7.99,8.08,8.64,8.62,5.33,7.66,7.04,7.14,8.74,8.32,7.84,7.75,8.95
1992-12,4.88,5.09,2.96,3.82,3.32,4.15,2.52,3.24,2.68,3.32,4.26,2.6,3.97,3.69,4.59,3.97,2.02
1993-01,5.88,12.25,6.56,4.46,6.4,4.03,7.11,7.11,6.01,3.27,5.52,5.49,7.22,4.32,3.75,5.2,7.77
1993-02,-0.07,1.68,-0.99,0.22,0.68,-1.89,-4.67,-1.08,-0.91,1.98,-1.33,0.98,0.4,-1.56,-2.2,-1.9,-5.63
1993-03,3.5,3.36,3.53,4.02,2.16,2.81,1.21,3.48,3.58,4.85,3.28,1.78,2.5,2.97,2.65,1.72,1.03
1993-04,-1.74,-0.01,-2.82,-2.8,-2.44,-3.03,-1.55,-2.56,-3.08,-3.38,-2.29,-2.88,-2.06,-2.97,-3.09,-0.34,-1.97
1993-05,3.6,3.05,3.85,3.83,4.81,4.3,5.71,3.28,4.41,5.02,2.78,3.7,5.8,3.17,5.42,3.62,6.44
1993-06,1.8,1.57,0.45,0.37,1.2,2.72,0.79,0.67,0.24,-0.11,0.78,-0.17,2.42,0.6,4.81,0.67,0.84
1993-07,2.25,2.94,1.52,1.55,1.32,0.31,0.01,0.75,2.23,1.77,1.31,1.8,0.91,0.98,-0.33,0.76,-0.35
1993-08,3.27,3.55,3.44,3.52,3.72,3.91,5.2,3.81,3.1,3.85,3.15,3.91,3.57,4.08,3.75,3.83,5.86
1993-09,2.51,3.54,1.79,2.33,3.72,2.29,3.49,0.92,2.58,3.13,1.46,3.28,4.09,2.17,2.41,2.01,4.2
1993-10,4.5,4.63,5.33,3.5,4.12,3.42,4.06,5.9,4.8,2.53,4.56,5.28,3.17,3.09,3.73,1.87,5.11
1993-11,-1.43,-0.62,-2.63,-1.12,-1.3,-2.53,-4.32,-3.67,-1.65,-0.72,-1.55,-1.34,-1.26,-2.12,-2.92,-3.55,-4.69
1993-12,1.92,0.17,2.0,1.89,1.94,1.62,0.7,1.31,2.64,2.19,1.57,2.38,1.57,1.38,1.84,1.26,0.43
1994-01,4.29,6.45,5.46,5.54,4.48,5.59,4.51,6.22,4.74,6.64,4.36,5.37,3.75,5.71,5.47,5.46,4.06
1994-02,0.43,1.16,-0.74,-0.82,-0.19,-1.67,-1.29,-0.18,-1.25,-0.87,-0.77,0.09,-0.42,-1.58,-1.76,-1.07,-1.39
1994-03,-3.25,-3.16,-3.84,-3.26,-4.15,-4.51,-5.71,-4.59,-3.15,-2.61,-3.97,-3.84,-4.41,-5.54,-3.54,-6.24,-5.45
1994-04,0.2,-0.08,0.43,-0.8,-1.32,-1.55,-2.77,-0.19,1.01,-0.68,-0.92,-1.23,-1.39,-1.03,-2.05,-1.15,-3.54
1994-05,1.15,0.27,0.49,0.36,-0.28,-0.41,-1.29,0.41,0.56,0.66,0.03,0.51,-0.93,0.03,-0.83,0.12,-1.98
1994-06,-0.54,-1.05,-1.58,-2.21,-2.94,-3.97,-4.74,-1.82,-1.36,-2.62,-1.76,-2.94,-2.93,-4.19,-3.76,-4.12,-5.03
1994-07,1.58,1.83,2.32,1.8,1.29,1.58,0.46,1.24,3.2,3.02,0.7,1.73,0.89,1.89,1.32,1.78,0.0
1994-08,3.68,2.43,3.63,3.19,4.14,6.09,3.57,4.02,3.31,2.79,3.55,4.16,4.11,6.83,5.46,4.6,3.22
1994-09,1.09,2.7,0.62,0.81,0.34,0.54,0.38,0.3,0.89,0.25,1.32,0.67,0.02,1.07,0.09,-0.97,0.84
1994-10,0.85,-0.39,0.63,0.43,1.55,1.24,-1.9,1.62,-0.19,-0.35,1.15,1.53,1.57,0.5,1.87,-1.05,-2.19
1994-11,-2.71,-4.36,-3.57,-4.59,-3.34,-3.38,-5.75,-4.03,-3.2,-4.23,-4.92,-3.53,-3.15,-3.3,-3.46,-4.46,-6.2
1994-12,0.39,-2.13,-1.58,-0.23,0.21,-0.13,-2.84,-0.5,-2.49,-0.1,-0.36,0.11,0.29,0.47,-0.65,0.73,-4.09
1995-01,2.94,5.26,3.51,1.63,2.31,2.63,4.43,3.47,3.55,1.29,1.94,1.07,3.51,2.44,2.8,3.76,4.66
1995-02,3.45,2.74,2.72,4.01,4.3,3.54,2.87,2.74,2.7,4.28,3.75,4.02,4.57,3.24,3.79,2.88,2.86
1995-03,1.17,1.4,1.48,1.87,2.11,2.16,1.89,1.87,1.16,2.2,1.57,2.33,1.89,2.48,1.88,2.55,1.65
1995-04,2.86,2.76,2.33,3.03,2.83,2.41,1.63,1.86,2.73,3.66,2.47,2.39,3.25,2.73,2.13,1.56,1.66
1995-05,2.63,1.14,1.8,2.3,2.19,2.62,1.7,1.44,2.1,2.08,2.49,1.05,3.28,2.71,2.55,0.85,2.0
1995-06,4.42,3.82,3.04,4.66,6.5,5.07,7.56,3.11,2.99,4.39,4.9,6.74,6.26,6.39,3.96,9.25,6.95
1995-07,3.99,5.05,5.21,5.54,5.51,6.42,7.65,4.87,5.62,5.21,5.88,5.74,5.28,6.43,6.4,6.84,8.05
1995-08,3.63,2.75,3.88,4.1,3.57,3.71,3.65,5.17,2.36,3.23,5.03,3.1,4.05,3.72,3.71,4.25,3.34
1995-09,3.19,3.67,1.85,2.69,2.53,2.96,2.92,1.64,2.1,3.37,1.98,2.53,2.53,3.5,2.44,3.82,2.46
1995-10,-3.21,-2.49,-3.25,-4.4,-4.93,-4.58,-6.59,-2.4,-4.27,-3.84,-5.0,-5.26,-4.59,-4.39,-4.77,-6.65,-6.57
1995-11,2.91,-0.55,1.99,2.15,2.83,1.67,0.43,1.91,2.09,1.04,3.33,2.05,3.61,0.64,2.65,0.42,0.43
1995-12,1.73,1.98,1.21,1.95,1.44,0.19,-0.22,1.1,1.33,2.19,1.69,2.93,-0.04,-0.08,0.46,0.37,-0.51
1996-01,2.27,3.97,2.59,3.59,2.06,2.82,3.39,1.96,3.32,3.14,4.06,2.6,1.52,2.22,3.4,2.48,3.85
1996-02,3.4,4.44,2.4,3.91,3.21,4.81,4.15,2.29,2.51,4.69,3.08,2.96,3.46,4.69,4.93,3.85,4.31
1996-03,2.33,3.65,3.38,4.12,2.96,2.09,3.0,3.39,3.36,4.96,3.21,3.61,2.31,2.47,1.72,2.95,3.03
1996-04,3.91,5.05,4.37,6.58,6.01,7.4,7.12,4.17,4.6,6.25,6.93,5.3,6.71,7.36,7.43,7.43,6.96
1996-05,4.73,7.65,7.24,5.66,6.04,6.71,9.2,6.59,8.0,5.66,5.67,7.03,5.05,5.92,7.47,7.25,10.2
1996-06,-1.38,-1.58,-1.67,-2.67,-2.92,-4.41,-5.05,-1.25,-2.16,-2.54,-2.81,-2.19,-3.65,-3.97,-4.83,-5.06,-5.04
1996-07,-5.1,-5.98,-7.18,-6.17,-8.44,-8.89,-12.89,-6.12,-8.21,-6.33,-6.04,-8.11,-8.77,-8.27,-9.35,-11.73,-13.42
1996-08,4.32,3.45,3.79,4.6,4.26,4.63,4.97,3.06,4.5,5.4,3.94,4.29,4.24,5.87,3.71,5.59,4.68
1996-09,3.26,1.2,2.31,3.4,3.06,3.97,2.87,3.27,1.37,3.71,3.14,3.47,2.65,4.51,3.57,3.68,2.5
1996-10,1.22,-1.48,-0.22,-0.18,-1.72,-2.97,-5.77,-0.63,0.17,-0.13,-0.22,-1.51,-1.94,-2.91,-3.01,-4.87,-6.19
1996-11,3.99,2.01,3.76,3.57,3.12,2.74,1.39,3.72,3.8,4.17,3.08,2.4,3.84,2.37,3.02,3.35,0.48
1996-12,0.19,-0.16,0.44,1.11,0.34,-0.88,-2.44,0.74,0.16,1.69,0.63,0.36,0.32,-0.47,-1.18,-1.13,-3.04
1997-01,4.67,7.28,4.53,5.56,5.9,6.64,8.76,5.66,3.42,5.41,5.7,6.38,5.43,5.91,7.18,6.25,9.92
1997-02,0.72,0.77,0.59,0.02,-0.69,-2.42,-4.22,-0.86,2.02,-0.22,0.23,-0.35,-1.03,-0.92,-3.55,-3.34,-4.63
1997-03,-2.2,-2.41,-3.36,-2.86,-4.63,-6.23,-8.19,-3.04,-3.68,-2.79,-2.92,-4.66,-4.6,-5.9,-6.47,-5.84,-9.28
1997-04,-0.17,-2.57,-1.12,-1.01,-1.68,-1.89,-4.27,-1.28,-0.96,-0.39,-1.53,-1.87,-1.5,-1.92,-1.86,-3.28,-4.73
1997-05,8.01,5.88,7.47,8.89,9.3,10.33,10.98,6.56,8.38,8.23,9.45,9.51,9.08,9.4,11.03,10.02,11.43
1997-06,5.53,4.99,4.7,5.01,4.93,3.87,2.69,4.23,5.16,4.39,5.53,4.88,4.99,4.74,3.2,2.7,2.69
1997-07,5.45,5.39,5.31,5.12,6.88,5.46,4.16,4.96,5.6,4.73,5.49,8.09,6.11,6.22,4.84,4.7,3.93
1997-08,1.69,4.11,2.48,3.05,3.64,4.09,4.38,3.31,1.8,3.37,2.74,2.27,4.51,4.86,3.48,5.17,4.04
1997-09,7.94,8.99,8.33,7.27,8.05,9.58,9.43,8.82,7.93,7.75,6.83,8.22,7.93,9.77,9.44,8.33,9.91
1997-10,-0.54,1.05,-1.92,-1.97,-2.94,-3.27,-3.04,-1.72,-2.08,-1.24,-2.65,-3.6,-2.52,-4.05,-2.65,-2.93,-3.08
1997-11,1.33,-0.88,-0.68,-0.28,-1.08,-3.41,-5.41,-1.23,-0.23,-0.53,-0.03,-0.4,-1.52,-2.65,-4.03,-4.67,-5.72
1997-12,1.59,-3.94,-0.42,-0.76,-3.39,-3.94,-6.91,1.38,-1.9,-0.23,-1.27,-1.15,-4.81,-3.28,-4.47,-5.26,-7.62
1998-01,-0.7,1.6,2.07,0.38,1.17,1.88,2.56,1.66,2.41,0.03,0.72,1.95,0.67,1.81,1.93,1.71,2.93
1998-02,5.83,5.43,5.73,6.83,7.11,7.77,6.28,5.89,5.6,6.65,7.0,7.67,6.76,7.7,7.82,5.6,6.57
1998-03,5.03,4.25,3.47,5.29,4.13,4.83,5.69,3.62,3.34,4.1,6.43,5.17,3.49,3.67,5.75,5.3,5.85
1998-04,2.36,2.27,2.84,2.89,3.69,2.46,2.42,2.97,2.73,3.19,2.61,2.74,4.27,3.32,1.77,1.62,2.76
1998-05,-2.54,-2.96,-2.27,-4.08,-3.74,-5.97,-6.39,-2.21,-2.32,-4.08,-4.08,-4.04,-3.56,-4.7,-6.98,-6.23,-6.46
1998-06,-1.32,-2.93,-2.17,-1.38,-2.7,-2.54,-3.98,-1.52,-2.71,-2.05,-0.72,-0.96,-3.78,-2.79,-2.35,-3.44,-4.21
1998-07,-3.77,-4.05,-6.04,-5.68,-6.18,-6.66,-7.44,-6.35,-5.76,-6.1,-5.3,-7.64,-5.02,-6.31,-7.0,-7.72,-7.26
1998-08,-15.33,-18.07,-17.72,-19.44,-19.32,-22.08,-25.52,-18.09,-17.38,-17.8,-20.95,-19.19,-19.42,-21.8,-22.34,-24.04,-26.47
1998-09,2.25,1.03,3.11,3.78,5.36,5.11,5.02,3.85,2.44,2.37,5.07,6.18,4.7,5.34,4.88,5.66,4.6
1998-10,4.53,0.06,1.01,4.05,4.47,5.18,3.83,1.63,0.47,3.54,4.5,3.97,4.87,5.87,4.53,4.47,3.41
1998-11,6.02,6.86,11.59,5.76,8.78,11.59,7.87,10.35,12.71,5.06,6.4,6.98,10.21,14.08,9.23,7.04,8.42
1998-12,2.48,3.05,2.15,2.59,2.88,3.24,2.21,2.41,1.91,1.22,3.83,3.82,2.13,3.98,2.54,1.82,2.47
1999-01,2.22,8.38,6.36,4.98,8.04,8.55,10.63,6.58,6.16,3.85,6.0,7.47,8.48,7.79,9.27,6.3,13.49
1999-02,-3.52,-3.37,-4.65,-4.29,-5.49,-6.52,-5.54,-5.1,-4.25,-2.6,-5.81,-6.55,-4.66,-6.58,-6.47,-5.66,-5.46
1999-03,-1.35,-3.52,-2.1,-1.32,-0.83,-1.06,-0.65,-2.38,-1.85,-0.75,-1.84,-0.54,-1.06,-1.38,-0.77,-1.73,0.05
1999-04,8.87,7.47,7.39,10.13,8.44,8.09,10.46,8.59,6.33,10.84,9.49,7.92,8.85,9.19,7.04,10.39,10.51
1999-05,2.3,5.6,3.76,2.84,5.48,4.14,3.95,2.58,4.8,2.67,2.99,6.41,4.76,4.87,3.43,5.54,2.9
1999-06,3.3,2.97,3.64,4.24,6.74,5.59,2.52,2.29,4.83,4.31,4.18,6.61,6.85,5.27,5.91,4.31,1.33
1999-07,1.15,3.13,0.59,0.86,1.92,0.63,-0.82,0.77,0.43,0.5,1.19,1.95,1.88,0.91,0.36,-0.29,-1.22
1999-08,-2.63,-3.67,-4.27,-2.98,-2.91,-3.12,-5.78,-2.7,-5.65,-2.53,-3.37,-3.71,-2.07,-3.19,-3.06,-4.37,-6.84
1999-09,-3.13,-3.47,-1.61,-1.68,-2.01,-0.24,-1.4,-1.81,-1.43,-1.66,-1.7,-0.85,-3.2,-0.33,-0.14,-0.23,-2.28
1999-10,-0.24,-0.33,-0.91,-1.2,-0.45,0.64,-0.09,-1.98,0.04,-1.66,-0.8,-0.18,-0.72,0.86,0.42,0.43,-0.48
1999-11,3.75,5.84,5.03,8.7,11.33,13.34,16.38,6.04,4.15,8.94,8.49,11.91,10.72,11.18,15.43,18.5,14.78
1999-12,4.7,4.04,4.9,9.08,11.08,12.89,12.67,2.77,6.74,10.72,7.66,8.76,13.49,14.34,11.5,12.1,13.11
2000-01,0.96,6.99,4.3,4.84,6.99,7.02,10.97,4.3,4.31,6.47,3.46,6.1,7.92,5.83,8.17,10.67,11.2
2000-02,5.73,13.12,9.33,13.62,18.46,18.91,18.68,9.15,9.49,14.43,12.94,16.11,20.89,18.4,19.4,19.8,17.83
2000-03,4.2,3.58,2.27,-0.61,1.22,0.39,-2.95,5.09,-0.09,-0.03,-1.1,0.38,2.09,0.35,0.44,-3.21,-2.76
2000-04,-2.67,-7.55,-4.34,-6.19,-9.67,-11.41,-15.83,-6.29,-2.7,-6.52,-5.91,-9.71,-9.62,-11.11,-11.71,-15.39,-16.17
2000-05,-2.5,-3.09,-4.07,-3.94,-7.12,-7.51,-10.06,-2.51,-5.37,-3.9,-3.97,-7.01,-7.24,-7.27,-7.73,-9.75,-10.29
2000-06,3.38,3.84,4.68,7.16,9.61,8.8,11.72,5.56,3.94,8.14,6.35,9.09,10.16,9.77,7.87,12.4,11.21
2000-07,0.75,0.52,-0.85,0.2,-1.49,-3.06,-7.35,-1.34,-0.41,-0.28,0.65,-1.67,-1.35,-2.54,-3.45,-5.62,-8.33
2000-08,5.17,4.04,5.43,5.95,8.73,7.95,6.43,5.33,5.51,5.93,5.97,7.16,10.06,7.51,8.27,7.1,6.04
2000-09,-0.53,-4.14,-1.64,-2.19,-2.41,-5.73,-10.43,-2.8,-0.59,-2.49,-1.88,-1.5,-3.19,-6.16,-5.4,-7.56,-12.09
2000-10,-1.4,-8.25,-5.12,-4.25,-5.41,-7.94,-13.48,-5.75,-4.54,-5.41,-3.09,-5.9,-4.97,-7.52,-8.26,-9.99,-15.48
2000-11,-4.59,-11.27,-8.66,-9.33,-11.01,-16.46,-23.43,-8.6,-8.72,-8.31,-10.34,-11.38,-10.68,-13.92,-18.35,-18.99,-25.94
2000-12,3.07,-5.12,0.52,0.98,-1.08,-1.13,-7.67,0.84,0.22,1.08,0.88,-3.08,0.67,-0.93,-1.29,-4.79,-9.32
2001-01,13.53,25.38,19.69,21.31,23.86,26.5,42.56,21.45,18.09,20.87,21.75,24.24,23.52,21.69,30.13,34.05,47.43
2001-02,-1.86,-2.94,-2.9,-5.7,-5.19,-10.62,-17.4,-2.48,-3.28,-4.67,-6.74,-4.32,-5.96,-8.58,-12.17,-13.24,-19.78
2001-03,-3.02,-3.36,-3.56,-4.6,-5.03,-8.82,-15.06,-3.15,-3.94,-5.32,-3.86,-5.01,-5.05,-7.67,-9.69,-11.71,-16.98
2001-04,4.97,3.74,5.17,5.27,6.61,10.7,12.65,6.23,4.23,4.66,5.89,5.48,7.59,9.08,11.92,10.93,13.64
2001-05,5.98,7.29,8.02,8.8,7.02,7.81,5.84,9.4,6.8,10.37,7.21,6.78,7.22,8.15,7.56,5.2,6.2
2001-06,2.55,-0.26,0.71,-0.59,2.96,2.05,0.57,0.43,0.96,-1.59,0.41,3.29,2.67,1.93,2.14,1.49,0.04
2001-07,1.79,-0.32,1.41,-0.08,-2.12,-4.95,-9.81,1.07,1.74,0.32,-0.46,-0.65,-3.15,-4.15,-5.7,-7.18,-11.14
2001-08,-0.43,-0.46,-2.47,-0.89,-3.3,-6.25,-8.84,-2.19,-2.73,-1.76,-0.06,-3.26,-3.32,-5.54,-6.9,-7.44,-9.55
2001-09,-8.95,-9.26,-11.71,-11.84,-13.85,-14.8,-18.22,-10.71,-12.7,-12.64,-11.08,-13.82,-13.87,-14.45,-15.12,-20.14,-17.25
2001-10,3.82,0.51,2.81,3.52,8.47,12.34,14.6,3.66,1.98,2.51,4.51,6.56,9.81,12.25,12.42,14.86,14.46
2001-11,5.67,3.92,5.41,7.77,8.07,11.24,11.42,5.04,5.77,7.17,8.36,7.21,8.68,10.79,11.65,11.72,11.27
2001-12,5.37,4.16,5.08,5.54,5.33,6.3,8.67,4.02,6.09,6.85,4.29,5.3,5.36,6.5,6.13,6.54,9.75
2002-01,3.14,4.43,3.6,5.04,3.21,2.94,-1.68,3.3,3.89,4.91,5.16,2.8,3.51,2.75,3.1,-1.27,-1.89
2002-02,1.26,0.53,-1.12,-0.9,-2.99,-7.88,-10.18,-0.95,-1.29,-1.52,-0.31,-1.64,-3.97,-6.71,-8.95,-8.0,-11.28
2002-03,7.03,8.88,7.32,8.75,9.89,9.89,8.51,6.78,7.83,10.13,7.45,10.66,9.34,10.57,9.28,9.58,7.97
2002-04,4.59,5.98,3.58,2.34,-0.53,-3.53,-6.02,3.99,3.18,1.66,2.97,0.68,-1.39,-2.39,-4.57,-4.06,-7.02
2002-05,0.39,2.42,-0.48,-0.88,-2.16,-3.63,-7.04,-0.56,-0.39,-0.59,-1.16,-1.28,-2.78,-3.05,-4.16,-5.31,-7.91
2002-06,-2.2,-5.55,-3.67,-5.21,-7.12,-10.91,-11.81,-2.96,-4.35,-5.0,-5.41,-5.28,-8.43,-10.72,-11.07,-11.32,-12.06
2002-07,-8.62,-10.91,-10.43,-12.63,-12.53,-15.3,-14.38,-10.25,-10.59,-11.04,-13.98,-11.2,-13.63,-14.73,-15.76,-14.29,-14.43
2002-08,0.63,1.81,0.7,-0.08,-0.16,0.57,-0.84,-1.22,2.34,-0.6,0.36,-0.97,0.51,-0.02,1.06,-1.18,-0.62
2002-09,-5.91,-8.24,-7.77,-7.92,-9.61,-11.05,-11.87,-7.31,-8.16,-6.75,-8.94,-9.48,-9.72,-9.95,-11.95,-12.18,-11.67
2002-10,3.06,3.4,3.48,4.14,5.24,6.78,6.5,0.08,6.35,3.72,4.5,4.19,6.12,6.7,6.84,8.78,5.06
2002-11,7.83,7.41,10.58,11.5,14.51,16.88,19.1,9.62,11.38,9.86,12.92,9.91,18.32,16.55,17.15,23.37,16.37
2002-12,-1.95,-0.95,-4.09,-4.36,-5.82,-7.95,-9.1,-2.86,-5.14,-5.13,-3.7,-3.82,-7.49,-6.74,-8.95,-9.36,-8.93
2003-01,-0.26,1.31,0.41,-0.72,1.02,1.12,-0.44,-1.28,1.86,0.28,-1.58,2.55,-0.26,0.39,1.71,0.29,-0.91
2003-02,-1.9,0.47,-2.1,-2.43,-2.0,-3.03,-5.14,-2.6,-1.66,-2.15,-2.67,-1.85,-2.12,-3.73,-2.46,-4.56,-5.51
2003-03,0.77,1.53,1.17,0.9,1.01,2.27,1.5,2.25,0.25,1.07,0.75,-0.27,2.09,3.06,1.63,1.51,1.49
2003-04,8.33,4.58,9.29,10.43,10.8,11.91,12.97,10.04,8.64,9.89,10.91,10.04,11.43,10.4,13.15,13.31,12.76
2003-05,8.66,12.9,10.46,13.94,15.2,18.18,21.22,11.45,9.6,13.39,14.42,13.15,16.92,17.25,18.95,20.48,21.69
2003-06,4.0,4.29,5.83,4.48,5.16,5.45,6.7,5.14,6.44,5.16,3.87,3.94,6.17,4.13,6.54,5.8,7.27
2003-07,6.22,8.31,5.93,8.6,8.04,7.93,7.69,6.09,5.79,8.44,8.77,6.35,9.53,8.04,7.81,7.44,7.86
2003-08,3.86,4.51,4.78,5.14,6.75,6.12,5.61,4.28,5.23,5.0,5.28,5.63,7.72,6.58,5.57,6.07,5.3
2003-09,1.77,2.73,2.84,1.66,2.09,0.33,4.52,3.89,1.87,1.62,1.71,2.84,1.44,-0.32,1.08,3.41,5.25
2003-10,7.9,6.93,8.03,9.89,8.61,10.03,8.84,8.22,7.85,10.46,9.3,8.31,8.87,10.45,9.53,7.22,9.93
2003-11,4.24,2.51,4.66,3.43,2.93,4.41,3.59,5.54,3.84,3.23,3.64,2.18,3.58,4.86,3.89,4.75,2.8
2003-12,3.41,7.03,5.18,3.87,2.03,2.16,3.4,6.01,4.41,4.58,3.12,1.0,2.94,1.81,2.55,2.49,4.01
2004-01,5.54,10.8,6.98,7.87,7.38,6.75,8.04,7.56,6.44,8.15,7.58,6.62,8.04,6.27,7.29,8.88,7.48
2004-02,1.71,2.9,2.0,1.0,0.66,-0.34,0.58,2.71,1.35,0.76,1.24,0.55,0.75,-0.27,-0.42,-0.03,1.0
2004-03,0.59,2.4,0.09,-0.16,0.46,0.31,-0.41,0.4,-0.19,0.32,-0.64,1.6,-0.53,0.35,0.28,-0.42,-0.41
2004-04,-2.59,-0.36,-2.27,-3.68,-3.58,-3.78,-3.92,-2.07,-2.46,-3.72,-3.64,-2.84,-4.22,-4.64,-2.79,-4.09,-3.8
2004-05,0.05,-1.03,0.99,0.75,-0.05,0.69,-0.95,1.61,0.42,0.34,1.15,0.24,-0.3,0.52,0.89,-1.23,-0.76
2004-06,2.73,2.83,4.24,3.15,2.71,1.87,1.85,4.1,4.36,3.09,3.2,2.39,2.99,2.59,1.06,3.2,0.91
2004-07,-4.19,-2.72,-5.31,-5.99,-6.33,-7.52,-9.93,-4.63,-5.92,-5.35,-6.59,-5.26,-7.34,-7.39,-7.62,-9.01,-10.42
2004-08,-0.07,-0.69,-0.49,-0.16,-1.72,-2.34,-2.56,-0.5,-0.48,0.03,-0.34,-1.9,-1.55,-2.75,-2.02,-2.28,-2.71
2004-09,3.32,4.3,3.2,3.76,5.02,4.58,4.66,3.07,3.32,3.2,4.31,5.73,4.35,4.79,4.42,2.66,5.76
2004-10,1.95,2.87,1.76,1.7,1.41,2.1,2.12,0.79,2.62,1.21,2.17,1.88,0.95,1.04,2.93,4.56,0.79
2004-11,6.88,13.17,8.04,8.38,10.29,8.72,9.21,7.62,8.43,7.94,8.82,9.39,11.15,10.1,7.61,9.22,9.21
2004-12,4.05,4.86,7.7,5.58,5.34,6.25,7.65,6.87,8.45,4.99,6.14,4.73,5.92,4.9,7.33,6.98,8.01
2005-01,-2.03,-2.14,-3.51,-3.06,-3.46,-3.1,-5.71,-3.83,-3.23,-2.55,-3.55,-3.18,-3.73,-4.02,-2.36,-4.9,-6.15
2005-02,0.93,2.35,1.16,1.82,1.53,1.13,-0.02,0.89,1.41,1.65,1.98,2.09,0.99,1.84,0.56,0.66,-0.39
2005-03,-1.48,-1.6,-2.48,-1.65,-2.25,-3.37,-5.4,-3.86,-1.27,-1.1,-2.17,-2.2,-2.3,-3.69,-3.11,-3.45,-6.46
2005-04,-4.12,-5.09,-5.9,-6.06,-6.26,-5.57,-6.8,-5.93,-5.88,-4.98,-7.1,-6.48,-6.05,-5.42,-5.7,-6.19,-7.13
2005-05,4.54,2.3,3.6,5.49,5.52,6.38,5.04,2.43,4.65,4.78,6.18,5.75,5.31,6.28,6.45,5.37,4.86
2005-06,3.26,1.93,3.39,2.93,3.73,2.71,4.13,3.82,3.0,1.74,4.08,3.48,3.98,2.35,2.99,3.56,4.44
2005-07,4.35,7.45,5.92,6.19,7.15,7.34,7.45,5.19,6.7,6.58,5.85,6.84,7.41,7.23,7.44,6.98,7.76
2005-08,-1.29,0.09,-1.36,-1.2,-1.64,-0.95,-1.14,-2.33,-0.32,-0.27,-1.97,-2.24,-1.13,-0.67,-1.19,-1.0,-1.23
2005-09,-0.36,-1.49,0.59,0.76,0.92,1.7,0.79,0.51,0.69,1.15,0.43,-0.58,2.21,1.92,1.51,0.68,0.86
2005-10,-1.57,-3.55,-3.14,-2.04,-3.74,-3.07,-4.26,-2.79,-3.5,-3.0,-1.25,-3.11,-4.27,-3.37,-2.8,-3.86,-4.52
2005-11,3.93,2.92,3.25,3.98,4.39,4.48,3.1,3.05,3.46,4.25,3.75,4.98,3.89,4.16,4.76,3.34,2.94
2005-12,0.12,0.97,0.69,1.23,0.66,1.62,0.64,0.22,1.19,1.96,0.64,0.86,0.49,0.53,2.56,0.95,0.44
2006-01,4.38,8.91,6.67,7.78,8.34,7.98,10.01,6.65,6.68,8.56,7.15,7.99,8.64,7.96,8.0,8.27,11.18
2006-02,0.6,3.44,0.74,-0.28,0.49,0.48,0.54,0.83,0.64,-0.7,0.06,0.68,0.33,0.5,0.47,1.05,0.19
2006-03,3.48,2.91,3.47,4.25,4.63,4.7,4.66,3.21,3.76,4.23,4.27,4.8,4.49,4.48,4.88,4.96,4.45
2006-04,0.31,3.42,1.68,1.0,1.57,0.88,-0.65,1.66,1.69,0.88,1.09,1.76,1.41,1.22,0.59,0.07,-1.14
2006-05,-3.01,-2.22,-2.98,-3.73,-4.84,-5.36,-7.22,-1.92,-4.12,-4.58,-3.02,-5.03,-4.67,-5.21,-5.49,-5.78,-8.21
2006-06,-0.14,-1.21,0.3,-0.19,-1.06,-1.27,-1.53,0.68,-0.1,-0.5,0.06,-1.21,-0.94,-0.56,-1.88,-1.36,-1.65
2006-07,-2.02,-1.96,-2.6,-2.3,-3.23,-4.15,-5.35,-2.01,-3.14,-1.54,-3.0,-3.98,-2.69,-3.62,-4.65,-4.84,-5.61
2006-08,2.44,-0.87,2.0,2.29,1.36,2.75,2.2,1.66,2.32,3.02,1.63,1.73,1.09,3.34,2.2,2.35,2.12
2006-09,2.3,1.09,1.53,1.08,0.85,1.47,-0.48,1.99,1.1,1.18,0.98,0.08,1.39,2.07,0.92,0.73,-1.1
2006-10,3.98,4.61,4.64,4.39,6.89,4.41,5.48,4.7,4.58,3.57,5.14,8.11,6.04,3.7,5.07,5.73,5.34
2006-11,2.12,2.19,3.46,2.54,1.8,2.59,2.97,2.79,4.1,2.39,2.68,2.99,0.97,2.36,2.81,1.77,3.59
2006-12,1.32,1.56,2.5,1.34,1.79,1.9,0.19,1.87,3.1,1.0,1.65,2.28,1.45,2.2,1.62,1.04,-0.25
2007-01,2.24,3.23,3.03,2.61,2.97,1.05,2.68,2.81,3.24,2.73,2.49,2.9,3.02,1.82,0.34,2.83,2.6
2007-02,-0.2,2.47,0.92,-0.2,0.74,0.88,-0.48,1.33,0.54,-1.02,0.58,0.58,0.85,0.63,1.1,-0.39,-0.53
2007-03,0.33,0.07,0.41,-0.16,0.8,0.96,-0.13,-0.11,0.91,-0.06,-0.25,2.07,-0.08,1.12,0.81,0.74,-0.58
2007-04,2.29,0.33,2.29,2.29,2.38,2.61,2.61,2.77,1.84,2.54,2.06,3.07,1.88,2.62,2.61,1.32,3.28
2007-05,2.63,2.45,1.43,1.65,2.83,3.12,2.45,2.17,0.74,0.61,2.65,3.68,2.21,4.02,2.31,3.44,1.94
2007-06,-1.26,0.31,-1.04,-0.82,-0.3,-0.17,-0.84,-0.81,-1.27,-0.63,-1.0,-1.55,0.6,-0.02,-0.3,-1.4,-0.55
2007-07,-5.8,-2.99,-6.9,-4.33,-5.23,-3.77,-5.29,-5.51,-8.59,-5.14,-3.64,-5.19,-5.26,-2.36,-5.11,-3.81,-6.06
2007-08,0.27,-2.61,-2.48,-0.25,-1.68,-1.53,-1.25,-2.64,-2.28,-0.7,0.16,-2.34,-1.08,-2.26,-0.84,-1.24,-1.26
2007-09,0.49,-0.35,0.56,1.73,1.28,2.46,2.4,-0.23,1.55,1.03,2.34,2.06,0.57,2.63,2.3,2.19,2.5
2007-10,0.42,0.72,0.88,1.42,1.35,1.71,0.95,0.97,0.77,1.3,1.52,1.1,1.57,0.87,2.5,0.43,1.21
2007-11,-6.41,-9.72,-8.02,-7.2,-7.75,-8.96,-10.74,-8.26,-7.73,-6.94,-7.42,-7.7,-7.79,-9.65,-8.3,-10.55,-10.83
2007-12,-1.8,-1.96,-1.23,-0.64,-1.07,-1.05,-2.35,-0.79,-1.77,-0.8,-0.5,-1.46,-0.73,-1.0,-1.1,-1.72,-2.68
2008-01,-3.4,-2.78,-2.01,-3.88,-5.63,-6.61,-7.55,-2.22,-1.74,-3.78,-3.97,-7.05,-4.33,-6.78,-6.45,-7.26,-7.7
2008-02,-3.26,-0.21,-1.9,-2.4,-2.82,-2.44,-3.58,-1.56,-2.31,-1.86,-2.85,-2.72,-2.91,-2.97,-1.94,-3.28,-3.73
2008-03,-0.28,-1.48,-2.46,-1.94,-2.62,-2.56,-4.7,-3.02,-1.76,-2.78,-1.22,-2.18,-3.02,-1.98,-3.1,-3.7,-5.22
2008-04,2.99,-0.56,2.5,2.31,1.71,2.47,2.58,1.73,3.47,2.18,2.41,1.17,2.21,2.56,2.39,2.29,2.73
2008-05,2.11,-1.44,3.13,5.18,3.87,4.58,3.75,3.75,2.34,5.65,4.77,5.24,2.62,3.59,5.51,3.38,3.94
2008-06,-10.45,-10.36,-9.95,-9.82,-8.97,-8.8,-9.65,-9.75,-10.2,-9.96,-9.7,-9.06,-8.89,-8.78,-8.82,-10.38,-9.28
2008-07,2.87,-3.76,1.01,-0.59,1.05,1.9,-0.44,0.52,1.66,-1.49,0.27,1.64,0.6,1.45,2.25,1.04,-1.15
2008-08,4.36,-0.76,1.75,3.34,3.73,2.65,-0.15,0.82,2.95,4.18,2.56,3.6,3.83,2.7,2.61,1.66,-1.03
2008-09,-7.44,-9.93,-10.73,-11.65,-11.74,-12.09,-14.87,-11.36,-9.91,-12.21,-11.13,-12.39,-11.24,-12.5,-11.76,-12.63,-15.95
2008-10,-19.08,-21.08,-20.17,-21.05,-23.19,-21.7,-24.38,-19.06,-21.59,-17.52,-24.29,-24.29,-22.34,-23.12,-20.6,-22.66,-25.22
2008-11,-12.19,-12.82,-15.79,-15.92,-13.47,-16.27,-14.45,-15.07,-16.71,-14.43,-17.28,-14.55,-12.62,-15.32,-17.0,-12.2,-15.54
2008-12,3.19,3.41,1.33,3.2,4.32,2.75,2.68,1.67,0.89,5.23,1.35,4.58,4.12,3.04,2.52,2.52,2.77
2009-01,-9.28,2.23,-4.41,-5.15,-3.87,-3.26,1.4,-4.94,-3.74,-5.74,-4.61,-3.6,-4.09,-3.38,-3.17,-0.54,2.36
2009-02,-10.48,-14.12,-13.35,-12.65,-11.3,-10.18,-13.69,-13.19,-13.56,-12.24,-13.03,-9.03,-13.08,-10.72,-9.76,-12.1,-14.47
2009-03,12.53,8.74,9.46,9.9,12.69,12.4,15.45,7.77,11.62,10.71,9.17,14.48,11.29,11.58,13.05,14.18,16.08
2009-04,21.46,16.13,22.69,24.24,21.54,23.26,20.79,22.98,22.32,23.01,25.38,19.78,22.92,21.78,24.41,22.19,20.09
2009-05,6.21,11.07,8.57,8.89,8.0,9.54,15.36,7.23,10.32,8.49,9.26,8.69,7.45,9.34,9.7,10.33,17.86
2009-06,0.28,10.35,2.43,2.43,4.09,5.61,6.61,2.04,2.94,0.98,3.77,3.55,4.52,4.7,6.31,3.58,8.13
2009-07,9.38,1.46,9.47,13.23,10.27,7.55,6.68,8.81,10.24,12.7,13.74,11.2,9.46,7.34,7.74,7.68,5.95
2009-08,4.79,4.79,9.38,10.55,5.11,6.2,8.82,9.91,8.78,10.48,10.63,6.35,4.01,6.96,5.53,7.48,9.82
2009-09,5.61,3.71,5.96,6.97,8.1,8.6,10.15,4.67,7.46,6.4,7.53,8.13,8.07,7.78,9.35,8.7,11.23
2009-10,-5.03,-4.02,-6.18,-6.31,-6.69,-7.38,-10.59,-6.01,-6.37,-5.55,-7.05,-6.42,-6.92,-6.91,-7.81,-9.76,-11.19
2009-11,2.12,-1.12,1.93,3.72,1.42,0.64,1.81,0.37,3.71,6.11,1.35,1.07,1.74,0.68,0.6,1.97,1.69
2009-12,5.65,6.38,5.8,7.97,8.07,7.22,7.34,7.29,4.08,7.33,8.61,7.52,8.56,6.73,7.66,6.5,7.96
2010-01,-1.49,6.28,0.36,0.83,-1.22,-1.49,-0.56,0.49,0.21,-0.13,1.79,-1.47,-1.01,-0.18,-2.65,-0.44,-0.65
2010-02,4.39,2.48,2.68,4.26,3.92,3.69,3.74,2.1,3.35,3.67,4.86,4.36,3.52,1.35,5.78,3.4,3.99
2010-03,7.91,5.84,7.73,8.03,9.24,9.23,6.53,7.31,8.22,7.46,8.59,10.96,7.74,11.31,7.39,7.97,5.43
2010-04,6.25,7.84,8.34,8.43,9.59,8.13,9.22,9.13,7.43,9.62,7.23,10.17,9.08,8.57,7.73,9.41,9.09
2010-05,-6.72,-9.95,-8.67,-9.09,-7.14,-8.36,-10.35,-9.14,-8.12,-8.81,-9.38,-6.45,-7.75,-7.26,-9.35,-10.03,-10.59
2010-06,-7.09,-7.1,-8.18,-8.48,-8.85,-6.88,-9.49,-9.28,-6.92,-9.51,-7.45,-9.64,-8.16,-6.68,-7.06,-8.69,-10.1
2010-07,5.14,0.97,6.85,7.58,6.75,5.69,5.23,7.98,5.64,6.33,9.0,6.52,6.98,5.76,5.6,5.61,4.99
2010-08,-5.54,-4.61,-6.7,-7.2,-6.77,-7.06,-8.73,-7.03,-6.34,-7.22,-7.18,-6.86,-6.68,-8.04,-6.02,-7.98,-9.22
2010-09,10.35,4.25,10.97,11.48,11.93,12.68,10.88,10.62,11.35,11.46,11.5,11.37,12.49,13.08,12.24,12.67,9.72
2010-10,3.54,7.16,3.21,4.08,4.55,5.04,4.47,3.02,3.41,4.41,3.71,5.18,3.92,5.58,4.45,6.41,3.21
2010-11,2.42,-0.09,1.98,2.71,3.74,3.01,0.51,0.71,3.36,2.02,3.49,3.87,3.61,2.61,3.45,1.32,-0.02
2010-12,6.81,9.07,7.83,8.93,8.35,8.52,10.37,7.38,8.33,9.35,8.47,7.32,9.36,8.22,8.84,9.22,11.12
2011-01,1.7,4.68,1.96,1.78,2.17,2.58,1.31,2.13,1.76,1.72,1.84,2.97,1.38,1.35,3.91,2.0,0.86
2011-02,4.42,2.71,4.6,5.7,3.91,4.63,3.16,4.5,4.71,6.37,4.96,3.82,3.99,4.23,5.06,3.67,2.82
2011-03,1.5,-0.78,2.6,2.15,1.29,1.26,0.06,2.46,2.75,1.4,2.98,1.95,0.62,1.9,0.58,0.98,-0.54
2011-04,1.86,-1.25,2.02,1.41,1.31,2.04,0.99,1.43,2.65,1.22,1.62,2.03,0.58,1.71,2.41,1.45,0.68
2011-05,-1.57,-4.12,-1.88,-2.22,-1.05,-2.16,-2.96,-1.49,-2.3,-2.94,-1.42,-1.27,-0.83,-1.48,-2.89,-2.27,-3.41
2011-06,-1.17,-1.65,-2.19,-2.76,-2.22,-2.18,-4.84,-2.86,-1.48,-2.58,-2.96,-1.31,-3.14,-2.91,-1.38,-5.46,-4.43
2011-07,-1.83,-2.43,-1.86,-2.73,-2.21,-3.41,-3.14,-2.02,-1.68,-3.2,-2.23,-2.6,-1.88,-3.19,-3.61,-2.74,-3.39
2011-08,-6.58,-4.89,-9.63,-8.76,-9.26,-9.84,-12.57,-10.07,-9.1,-9.16,-8.34,-9.24,-9.27,-8.92,-10.65,-10.6,-13.85
2011-09,-8.04,-6.97,-11.14,-9.95,-11.37,-11.26,-13.46,-10.91,-11.4,-9.62,-10.3,-11.04,-11.65,-11.57,-10.98,-12.24,-14.25
2011-10,10.55,5.92,12.54,14.18,13.09,12.77,12.84,11.46,13.79,13.58,14.81,12.36,13.72,12.58,12.93,13.57,12.37
2011-11,0.08,-2.43,-1.27,-0.8,-1.68,-1.3,-4.0,-0.09,-2.6,-1.26,-0.31,-1.15,-2.14,-0.85,-1.7,-2.92,-4.7
2011-12,1.16,-1.18,0.3,0.44,1.45,-0.29,-1.38,1.39,-0.94,-0.25,1.17,1.13,1.72,-0.13,-0.43,-1.04,-1.6
2012-01,6.91,10.84,9.0,8.17,7.7,9.76,11.21,8.92,9.08,8.81,7.49,8.37,7.12,10.0,9.55,11.68,10.89
2012-02,3.22,6.28,3.9,4.27,5.25,3.82,3.63,4.28,3.48,6.63,1.77,5.03,5.43,4.14,3.55,3.26,3.87
2012-03,3.42,4.43,3.55,2.49,3.13,3.58,2.78,4.4,2.61,2.12,2.89,3.57,2.75,3.39,3.73,2.46,2.99
2012-04,-0.85,1.21,-0.91,-1.81,-0.03,-1.37,-2.94,-0.67,-1.17,-1.0,-2.68,-0.35,0.24,-1.65,-1.13,-1.65,-3.79
2012-05,-5.57,-4.45,-6.77,-6.87,-6.75,-6.96,-8.82,-6.53,-7.03,-6.28,-7.49,-5.73,-7.62,-7.11,-6.84,-9.58,-8.33
2012-06,3.53,3.41,4.28,3.64,4.35,4.39,3.48,4.23,4.33,3.94,3.31,3.69,4.92,3.86,4.84,2.75,3.96
2012-07,-0.96,-1.78,-0.62,-0.18,-1.0,-1.22,-1.37,-0.78,-0.39,0.65,-0.92,-1.21,-0.8,0.06,-2.19,-2.1,-0.92
2012-08,2.63,2.21,3.59,2.02,3.03,3.22,2.57,3.22,4.14,2.82,1.3,3.44,2.62,2.44,3.82,4.24,1.54
2012-09,2.65,1.56,4.04,4.64,5.88,3.61,4.59,3.81,4.38,4.81,4.5,6.39,5.37,4.62,2.85,5.03,4.31
2012-10,-1.12,5.0,-1.06,-1.64,-1.79,-2.53,-4.45,-0.76,-1.5,-1.61,-1.66,-2.05,-1.53,-2.95,-2.22,-3.85,-4.83
2012-11,1.86,1.11,0.38,0.98,-0.51,-0.03,-1.0,0.14,0.71,1.39,0.6,-1.43,0.41,0.31,-0.29,0.24,-1.79
2012-12,2.86,1.92,2.87,3.32,2.99,2.86,1.44,3.51,1.97,3.47,3.18,2.4,3.56,2.56,3.08,2.55,0.73
2013-01,6.63,10.73,7.6,7.18,7.24,7.5,7.54,8.23,6.71,6.79,7.53,7.07,7.41,6.97,7.9,6.86,7.97
2013-02,1.28,1.49,1.67,1.83,1.67,0.62,0.28,2.23,0.9,1.79,1.86,1.82,1.52,1.18,0.19,-0.25,0.6
2013-03,4.7,4.44,4.79,5.85,3.87,3.28,3.83,4.38,5.37,6.78,5.0,3.23,4.48,3.73,2.93,4.39,3.48
2013-04,0.3,-1.46,0.48,0.4,0.5,0.03,-0.77,0.68,0.21,-0.29,1.04,-0.19,1.17,-0.49,0.42,-1.17,-0.52
2013-05,4.5,3.66,5.37,4.07,4.1,4.17,6.34,5.02,5.84,3.13,4.92,3.74,4.43,3.3,4.85,6.97,5.95
2013-06,0.08,0.87,0.67,0.4,-0.21,-0.45,-0.65,0.24,1.25,-0.52,1.22,-0.71,0.27,-1.33,0.23,0.83,-1.58
2013-07,6.44,5.08,8.02,7.06,9.33,6.83,8.79,7.9,8.16,6.52,7.55,9.19,9.48,6.93,6.74,8.46,8.99
2013-08,-2.51,1.34,-3.15,-2.06,-1.35,-2.25,-1.92,-3.3,-2.95,-0.95,-3.05,-0.64,-2.06,-2.4,-2.1,-2.32,-1.67
2013-09,5.69,5.4,5.36,5.28,5.59,5.82,6.59,5.08,5.71,5.25,5.31,6.27,4.93,5.51,6.11,5.98,6.98
2013-10,4.08,2.5,2.17,3.48,4.09,2.19,-0.2,2.74,1.47,4.26,2.8,4.53,3.66,2.75,1.66,1.76,-1.41
2013-11,4.33,4.31,3.94,3.86,3.86,4.31,4.82,4.81,2.86,3.98,3.75,3.96,3.76,4.12,4.49,4.52,5.0
2013-12,1.97,2.71,2.86,2.84,1.74,2.83,4.52,3.48,2.1,4.55,1.28,2.02,1.46,2.56,3.09,3.59,5.11
2014-01,-2.81,3.27,-1.98,0.68,-1.88,-0.92,4.79,-2.27,-1.61,0.11,1.2,-1.86,-1.89,-2.83,0.91,1.26,7.0
2014-02,4.37,3.62,4.75,5.23,5.86,3.51,4.6,5.73,3.49,5.97,4.56,6.47,5.26,3.3,3.71,3.39,5.36
2014-03,0.63,0.24,1.28,1.11,0.27,0.53,-1.96,1.11,1.5,2.27,0.06,-0.28,0.81,0.56,0.5,-0.38,-2.96
2014-04,-1.64,-4.1,-4.23,-2.34,-1.76,-3.32,-7.58,-4.61,-3.74,-1.79,-2.85,-0.86,-2.64,-3.3,-3.34,-6.28,-8.41
2014-05,0.92,-1.45,-0.25,-0.34,0.53,0.57,-0.45,-0.01,-0.55,-0.51,-0.18,0.83,0.23,0.93,0.22,-0.66,-0.32
2014-06,2.99,4.06,4.29,4.16,4.52,4.51,6.42,4.28,4.3,4.84,3.53,4.04,4.99,4.06,4.94,4.48,7.64
2014-07,-3.1,-2.61,-4.36,-4.6,-4.52,-4.93,-7.6,-4.57,-4.12,-4.32,-4.79,-4.49,-4.54,-4.5,-5.28,-4.07,-8.97
2014-08,3.99,5.2,3.11,4.24,3.8,4.76,4.02,4.08,2.02,4.46,4.09,3.39,4.14,5.78,3.93,5.81,3.32
2014-09,-3.61,-6.24,-5.23,-5.49,-3.73,-4.14,-6.49,-5.19,-5.27,-6.36,-4.89,-2.65,-4.65,-4.05,-4.22,-4.28,-7.34
2014-10,3.98,-1.54,4.09,3.85,2.68,3.7,1.55,3.43,4.82,3.53,4.07,2.77,2.6,3.45,3.9,1.81,1.45
2014-11,1.62,3.29,-0.49,-0.59,-1.12,0.13,-1.41,-0.24,-0.77,0.83,-1.59,-1.55,-0.76,0.46,-0.14,-0.67,-1.69
2014-12,1.34,1.64,1.0,1.65,2.38,2.01,2.81,0.86,1.15,0.17,2.69,3.78,1.2,1.29,2.58,5.44,1.8
2015-01,-2.87,-1.73,-3.79,-4.59,-4.91,-3.82,-2.65,-4.17,-3.39,-3.41,-5.43,-4.21,-5.51,-3.58,-4.0,-2.34,-2.78
2015-02,6.01,4.09,5.72,5.99,6.39,6.36,8.82,5.5,5.97,5.24,6.52,6.44,6.34,7.86,5.17,7.31,9.41
2015-03,0.36,-0.47,0.15,1.23,0.79,0.4,-0.85,0.27,0.02,1.48,1.05,0.38,1.15,0.57,0.26,-0.87,-0.84
2015-04,-0.29,-0.05,-0.23,3.18,0.78,-0.16,-0.96,-1.0,0.62,7.74,-0.05,1.26,0.38,0.25,-0.49,-0.49,-1.14
2015-05,1.19,-1.77,-0.46,-0.72,0.55,0.81,2.39,-0.35,-0.58,-2.55,0.59,-0.23,1.22,-0.49,1.86,2.83,2.22
2015-06,-0.35,0.35,-0.05,-0.4,-0.82,0.08,0.02,0.07,-0.19,0.02,-0.7,-1.0,-0.66,-0.42,0.47,-1.01,0.42
2015-07,-1.49,-2.38,-3.85,-4.13,-3.36,-2.4,-3.83,-3.68,-4.08,-3.05,-5.18,-3.46,-3.26,-3.07,-1.6,-2.95,-4.2
2015-08,-3.07,-0.92,-2.96,-3.69,-4.13,-4.87,-7.37,-3.06,-2.84,-4.19,-3.19,-4.26,-4.0,-4.4,-5.43,-4.29,-8.65
2015-09,-3.73,-3.56,-4.8,-5.23,-5.61,-5.06,-9.05,-5.2,-4.27,-4.9,-5.55,-5.18,-6.05,-4.88,-5.26,-7.38,-9.74
2015-10,6.24,4.29,6.25,5.01,6.4,4.53,3.67,6.91,5.38,4.66,5.35,5.87,6.94,3.96,5.21,4.55,3.31
2015-11,1.15,-1.18,6.18,2.3,0.97,3.08,3.71,10.39,0.62,3.56,1.04,1.37,0.55,4.5,1.37,2.55,4.2
2015-12,-4.24,-3.16,-5.02,-6.39,-5.23,-2.83,-5.86,-5.65,-4.2,-6.35,-6.42,-4.78,-5.69,-4.85,-0.41,-4.39,-6.48
2016-01,-6.33,-7.29,-6.99,-7.62,-7.89,-10.44,-14.69,-7.13,-6.8,-7.1,-8.14,-7.66,-8.13,-9.42,-11.65,-12.23,-15.72
2016-02,1.48,0.16,2.01,1.61,1.95,-1.01,-1.45,2.26,1.69,2.15,1.08,0.86,3.12,-0.21,-1.96,0.83,-2.43
2016-03,7.24,8.44,7.62,10.29,9.06,7.05,9.1,7.98,7.16,11.55,9.04,9.44,8.66,6.89,7.25,8.26,9.46
2016-04,2.03,3.49,2.59,5.14,3.97,4.32,4.54,3.26,1.72,4.88,5.39,3.97,3.96,4.25,4.41,4.02,4.77
2016-05,0.52,-2.47,0.89,0.03,-1.62,0.97,1.79,0.6,1.25,0.04,0.02,-1.6,-1.64,1.59,0.24,0.04,2.53
2016-06,-0.46,8.93,0.32,0.17,-0.63,-0.13,-1.86,-0.13,0.9,0.13,0.21,0.17,-1.47,-1.69,1.72,-1.98,-1.81
2016-07,5.05,7.45,5.16,5.5,5.13,8.43,5.64,5.19,5.13,6.26,4.95,5.01,5.24,8.82,8.04,8.59,4.13
2016-08,1.69,4.32,4.39,1.27,1.14,2.7,2.49,5.13,3.56,1.22,1.32,-0.08,2.22,2.61,2.79,1.99,2.75
2016-09,1.41,3.31,2.0,1.54,-0.08,2.93,4.46,2.31,1.65,0.26,2.45,0.03,-0.18,2.72,3.14,4.48,4.45
2016-10,-2.49,-4.53,-3.26,-4.21,-5.17,-7.42,-10.04,-3.59,-2.9,-3.47,-4.73,-4.45,-5.81,-6.7,-8.13,-9.63,-10.25
2016-11,10.01,10.74,10.31,10.3,9.94,7.72,7.58,10.43,10.18,10.81,9.93,10.6,9.35,8.19,7.26,7.29,7.74
2016-12,2.66,5.52,2.65,3.97,4.67,1.63,-1.56,3.04,2.22,4.71,3.43,4.12,5.17,2.05,1.22,0.69,-2.73
2017-01,1.08,-1.14,0.79,0.94,0.62,2.24,3.64,0.73,0.86,0.78,1.05,-0.23,1.38,2.34,2.15,3.87,3.52
2017-02,1.69,3.91,0.07,0.78,-0.47,2.85,3.64,0.24,-0.11,1.59,0.2,-1.24,0.22,2.67,3.01,4.06,3.42
2017-03,0.47,0.64,0.42,0.1,0.41,1.92,0.49,0.54,0.28,-0.91,0.81,0.81,0.06,1.01,2.79,0.25,0.62
2017-04,1.06,2.76,0.4,0.98,0.75,1.35,-2.3,0.69,0.07,-0.2,1.8,-1.14,2.44,2.19,0.54,-1.73,-2.6
2017-05,-1.29,-1.41,-1.2,-0.25,-1.96,-0.7,-5.57,-0.08,-2.46,-0.8,0.15,-1.46,-2.4,-0.3,-1.09,-3.83,-6.48
2017-06,2.68,2.69,2.24,2.24,4.19,3.66,6.66,1.96,2.55,2.22,2.26,3.83,4.51,4.05,3.29,6.95,6.51
2017-07,0.58,-1.15,0.91,-0.43,0.2,0.43,-2.04,1.91,0.0,-0.23,-0.62,-0.49,0.71,0.01,0.89,-1.29,-2.49
2017-08,-1.92,-2.75,-0.23,-1.34,-0.72,-0.87,-2.63,0.49,-0.88,-1.04,-1.63,-1.43,-0.18,-2.62,1.05,-1.36,-3.38
2017-09,5.97,3.85,7.54,8.53,7.21,6.5,9.51,6.92,8.09,9.22,7.87,6.48,7.75,6.12,6.91,8.61,10.04
2017-10,0.93,0.87,0.04,0.72,0.94,0.62,-2.61,-0.33,0.37,-0.21,1.62,1.88,0.25,0.67,0.55,-1.14,-3.48
2017-11,3.89,6.79,4.41,3.24,1.87,1.96,3.87,4.49,4.34,3.91,2.58,2.53,1.37,2.86,0.96,6.13,2.54
2017-12,1.25,5.9,-0.38,-0.22,0.54,-0.31,2.43,-0.98,0.16,-0.4,-0.05,0.34,0.69,-0.76,0.2,1.81,2.8
2018-01,3.04,2.04,2.33,3.55,2.72,3.93,3.47,2.2,2.46,2.76,4.3,2.34,3.0,4.75,3.02,3.77,3.3
2018-02,-3.93,-4.29,-4.07,-2.57,-3.34,-2.74,-6.05,-3.85,-4.27,-4.34,-0.83,-2.58,-3.91,-3.23,-2.2,-4.07,-7.22
2018-03,0.15,1.81,1.14,1.33,3.27,1.49,-0.38,0.44,1.76,1.36,1.29,3.8,2.88,1.35,1.63,1.31,-1.36
2018-04,0.34,-0.15,1.51,0.65,0.08,1.34,1.44,2.74,0.39,0.99,0.3,-0.52,0.52,0.29,2.5,2.52,0.81
2018-05,4.03,3.41,5.41,3.79,5.06,6.07,6.75,6.72,4.2,2.05,5.49,5.08,5.05,6.08,6.07,7.71,6.18
2018-06,1.15,3.29,1.27,0.8,0.88,0.66,-0.89,1.28,1.26,1.11,0.5,0.61,1.08,0.92,0.38,-1.52,-0.52
2018-07,2.39,1.23,0.55,2.0,1.88,0.28,-2.26,0.12,0.96,1.75,2.22,1.19,2.46,2.04,-1.38,0.17,-3.12
2018-08,2.85,2.26,1.37,2.55,3.39,5.46,4.66,2.33,0.45,3.3,1.89,2.89,3.81,3.68,7.14,4.93,4.57
2018-09,-1.04,-3.27,-1.43,-1.35,-2.3,-2.29,-1.72,-2.63,-0.31,-1.51,-1.21,-1.57,-2.91,-1.92,-2.63,-2.06,-1.6
2018-10,-7.84,-0.85,-8.66,-10.29,-11.23,-9.96,-13.77,-8.08,-9.21,-9.52,-10.98,-10.62,-11.75,-8.76,-11.08,-12.33,-14.28
2018-11,1.65,0.13,0.14,-1.99,-0.43,1.11,-1.95,-0.39,0.63,-0.73,-3.09,-0.5,-0.37,1.2,1.02,-0.11,-2.61
2018-12,-11.09,-9.7,-11.61,-12.71,-13.31,-11.3,-16.78,-10.56,-12.58,-12.49,-12.91,-13.62,-13.05,-10.63,-11.92,-14.92,-17.44
2019-01,10.93,11.28,9.87,14.01,14.33,13.15,18.23,9.61,10.11,13.84,14.16,15.21,13.59,11.74,14.46,16.94,18.69
2019-02,4.92,2.4,4.46,5.98,4.89,5.71,5.95,3.67,5.19,5.48,6.42,4.97,4.83,5.58,5.82,6.86,5.63
2019-03,-1.62,-1.16,-2.55,-2.59,-3.34,-2.03,0.37,-2.12,-2.95,-1.58,-3.47,-3.0,-3.62,-3.07,-1.08,-2.71,1.46
2019-04,4.23,2.45,2.41,2.79,2.89,2.92,1.35,0.82,3.89,3.55,2.12,2.09,3.56,3.46,2.41,1.63,1.25
2019-05,-8.14,-8.47,-6.78,-9.12,-8.09,-7.69,-9.29,-6.27,-7.25,-8.12,-9.99,-9.13,-7.21,-7.86,-7.53,-6.9,-10.13
2019-06,6.9,4.31,5.7,5.81,6.29,6.27,4.17,5.69,5.72,5.32,6.25,7.47,5.28,7.16,5.45,5.67,3.64
2019-07,0.53,2.26,-0.58,0.51,0.5,-0.32,-4.03,-0.39,-0.76,1.53,-0.39,1.22,-0.38,-0.8,0.13,-1.9,-5.02
2019-08,-5.27,-3.01,-4.17,-5.49,-4.79,-3.54,-6.3,-3.82,-4.5,-6.13,-4.92,-4.68,-4.92,-1.31,-5.64,-4.51,-7.14
2019-09,4.68,1.8,4.77,5.6,3.53,1.42,-2.06,3.15,6.32,4.1,6.92,4.41,2.47,2.75,0.14,-1.06,-2.52
2019-10,0.97,-2.27,0.08,1.51,0.12,0.45,-0.51,-0.44,0.57,0.82,2.11,0.01,0.25,1.64,-0.69,1.93,-1.65
2019-11,3.95,-1.08,2.62,3.03,3.01,5.53,4.22,2.94,2.31,3.22,2.86,2.75,3.32,3.02,7.93,5.34,3.69
2019-12,2.7,2.77,4.07,6.5,3.52,4.56,8.24,2.84,5.27,5.98,6.95,2.26,5.05,5.51,3.66,4.82,9.84
2020-01,-3.84,2.41,-0.96,-4.21,-1.54,0.37,0.95,1.38,-3.23,-4.96,-3.54,-2.69,-0.13,-2.76,3.31,0.16,1.32
2020-02,-9.19,-1.11,-8.89,-9.44,-7.77,-6.04,-5.47,-8.28,-9.47,-10.56,-8.42,-8.72,-6.61,-7.33,-4.84,-6.86,-4.82
2020-03,-23.48,-11.31,-22.82,-24.31,-21.05,-21.38,-22.96,-21.96,-23.67,-24.16,-24.44,-20.72,-21.47,-21.13,-21.62,-22.24,-23.29
2020-04,18.02,9.06,14.16,17.18,16.14,18.98,24.89,13.36,14.95,14.67,19.39,16.98,15.11,19.21,18.75,23.86,25.37
2020-05,5.14,5.91,5.06,3.99,6.22,8.68,13.03,7.65,2.52,3.38,4.54,6.05,6.44,8.0,9.33,10.08,14.42
2020-06,3.91,13.69,7.39,3.79,6.88,4.5,9.96,6.58,8.19,5.03,2.68,6.42,7.46,4.85,4.17,7.92,10.92
2020-07,2.68,3.97,2.87,1.75,6.87,5.99,5.43,1.87,3.82,1.07,2.33,5.26,8.19,5.91,6.06,3.36,6.42
2020-08,5.77,4.18,4.28,5.09,5.38,6.87,2.36,3.12,5.41,5.43,4.8,5.95,4.89,7.33,6.43,3.63,1.75
2020-09,-2.77,-0.83,-3.61,-4.9,-2.91,-2.19,-2.04,-3.57,-3.65,-4.18,-5.53,-4.38,-1.67,-3.18,-1.26,-4.09,-1.06
2020-10,2.47,3.24,4.05,4.27,0.87,0.91,-1.39,3.28,4.8,3.06,5.34,0.6,1.1,0.98,0.84,1.12,-2.58
2020-11,19.56,12.44,16.69,22.08,18.64,21.37,22.78,15.63,17.72,22.57,21.64,21.21,16.47,22.9,19.89,20.62,23.81
2020-12,7.26,11.32,8.49,9.05,9.1,7.97,11.72,5.08,11.78,6.96,10.89,9.51,8.75,8.74,7.23,8.97,13.03
2021-01,5.23,23.06,11.14,6.2,13.17,9.92,18.8,5.61,16.54,6.25,6.16,16.88,10.0,10.45,9.42,10.16,22.9
2021-02,10.33,6.27,9.02,10.6,8.48,7.6,9.44,9.64,8.42,10.0,11.12,8.39,8.55,7.75,7.47,8.78,9.75
2021-03,5.88,-1.23,8.79,5.55,3.7,0.05,-3.77,5.58,11.89,5.83,5.31,3.3,4.04,1.51,-1.35,-3.35,-3.96
2021-04,3.2,1.35,1.2,2.16,6.46,2.13,-2.15,1.36,1.05,2.07,2.25,12.15,1.66,2.47,1.81,0.32,-3.29
2021-05,3.75,6.27,2.26,2.93,3.43,1.3,-1.7,3.16,1.39,2.95,2.91,2.01,4.63,2.7,-0.04,1.03,-2.96
2021-06,-0.24,6.21,-0.51,2.78,1.04,3.97,6.49,-0.41,-0.61,3.28,2.35,1.11,0.98,3.55,4.39,6.09,6.68
2021-07,-1.06,-3.94,-1.37,-2.86,-1.59,-2.57,-8.64,-0.57,-2.41,-2.39,-3.27,1.58,-4.09,-2.84,-2.28,-5.99,-9.71
2021-08,2.2,4.75,1.84,1.84,1.01,2.14,3.74,1.71,2.01,1.63,2.01,0.99,1.02,1.85,2.44,1.43,4.68
2021-09,-2.16,-1.19,-2.02,-2.72,-1.8,-3.2,-4.11,-2.76,-1.09,-1.55,-3.74,-2.56,-1.21,-2.8,-3.63,-3.52,-4.35
2021-10,3.79,1.42,4.06,3.04,3.53,4.02,-0.13,3.38,4.93,3.09,3.0,3.23,3.75,3.74,4.3,2.64,-1.24
2021-11,-2.37,1.83,-2.59,-4.14,-3.33,-5.42,-10.99,-1.65,-3.79,-3.67,-4.55,-3.3,-3.36,-6.37,-4.43,-7.97,-12.2
2021-12,4.32,-0.45,5.1,5.08,2.62,2.71,-6.97,5.11,5.08,4.16,5.88,3.0,2.33,4.25,1.08,-4.2,-8.08
2022-01,-4.39,-8.34,-3.87,-5.29,-4.88,-9.41,-14.7,-5.24,-2.16,-4.0,-6.41,-5.0,-4.79,-8.94,-9.9,-12.3,-15.67
2022-02,-0.06,2.64,0.68,1.14,2.41,0.4,-2.89,1.13,0.11,-0.21,2.31,2.56,2.29,0.83,-0.06,-2.5,-3.04
2022-03,0.56,0.75,0.91,1.9,3.42,2.45,2.43,0.71,1.17,2.7,1.21,3.96,3.02,3.33,1.53,0.77,3.09
2022-04,-6.41,-10.01,-5.78,-7.9,-9.52,-11.34,-18.56,-6.0,-5.5,-6.23,-9.32,-8.91,-9.98,-10.27,-12.47,-15.84,-19.65
2022-05,1.54,-3.31,-0.13,2.41,-0.82,-2.73,-6.36,-0.86,0.82,4.13,0.92,-0.82,-0.82,-3.05,-2.4,-4.4,-7.15
2022-06,-7.95,-5.57,-6.92,-8.42,-8.23,-6.56,-4.16,-5.85,-8.31,-7.75,-9.0,-8.31,-8.16,-6.34,-6.8,-6.54,-3.19
2022-07,8.64,3.43,8.2,9.17,9.01,9.93,8.2,7.61,8.82,7.55,10.37,8.35,9.6,9.85,10.0,9.05,7.87
2022-08,-2.9,8.34,-1.91,-0.51,-0.93,0.27,1.53,-2.58,-1.2,0.15,-0.99,-0.54,-1.3,1.09,-0.53,1.56,1.52
2022-09,-9.3,-12.18,-8.0,-9.51,-11.31,-10.67,-13.52,-7.46,-8.58,-8.56,-10.23,-11.19,-11.43,-9.82,-11.51,-12.49,-13.9
2022-10,10.66,6.41,10.19,11.16,8.35,8.82,2.81,9.75,10.66,12.15,10.41,7.89,8.78,8.45,9.19,5.29,1.88
2022-11,4.25,1.72,4.85,3.58,3.41,3.48,-4.28,4.72,4.99,3.55,3.61,1.66,5.04,2.01,4.95,-0.71,-5.63
2022-12,-4.58,-7.08,-4.49,-4.34,-4.25,-6.78,-7.4,-4.94,-4.0,-4.53,-4.2,-4.95,-3.61,-6.62,-6.95,-5.3,-8.2
2023-01,9.03,14.53,8.22,11.89,13.98,15.66,21.63,7.02,9.52,11.33,12.31,14.05,13.92,12.78,18.51,16.7,23.51
2023-02,-1.48,-2.55,-0.73,-2.52,-1.89,-2.74,-7.25,-0.27,-1.24,-1.7,-3.14,-0.5,-3.17,-2.47,-3.02,-7.28,-7.25
2023-03,-4.93,-5.84,-3.7,-3.49,-4.6,-5.11,-9.5,-3.37,-4.06,-7.07,-0.84,-5.36,-3.91,-4.18,-6.03,-6.89,-10.48
2023-04,-1.84,-1.83,-0.91,-1.84,-2.52,-3.07,-2.66,-1.49,-0.29,-1.22,-2.29,-2.15,-2.85,-1.89,-4.25,-2.62,-2.68
2023-05,-3.77,0.45,-2.68,-2.36,-0.25,1.95,2.15,-2.7,-2.67,-2.48,-2.28,-0.32,-0.19,-1.9,5.75,2.84,1.88
2023-06,8.31,6.19,6.6,10.11,8.12,7.49,3.02,6.1,7.13,11.25,9.27,8.37,7.89,9.92,5.07,5.93,1.91
2023-07,6.16,-0.67,3.1,6.78,5.81,7.35,2.96,2.53,3.83,7.54,6.01,4.51,6.79,4.85,9.88,3.34,2.78
2023-08,-3.53,-6.14,-5.59,-6.69,-6.38,-7.69,-10.96,-5.39,-5.84,-6.57,-6.8,-6.37,-6.39,-8.0,-7.38,-11.01,-10.93
