Date,Lo 20,Qnt 2,Qnt 3,Qnt 4,Hi 20,Lo 10,Dec 2,Dec 3,Dec 4,Dec 5,Dec 6,Dec 7,Dec 8,Dec 9,Hi 10
1963-07,-0.02,-0.71,-0.66,-1.08,-0.69,0.12,-0.15,-0.41,-1.0,-0.57,-0.74,-1.16,-1.0,-0.92,-0.6
1963-08,3.57,5.07,4.78,5.43,3.6,2.98,4.24,3.9,6.19,4.6,4.96,4.96,5.89,5.07,3.04
1963-09,-0.33,-0.91,-1.39,-1.52,-1.22,-0.17,-0.5,-0.41,-1.48,-1.27,-1.49,-1.48,-1.55,-2.52,-0.74
1963-10,0.54,1.0,1.93,2.09,1.0,-0.33,1.41,1.04,0.97,1.94,1.92,2.16,2.03,2.22,0.59
1963-11,-0.47,-0.99,-0.65,-0.42,-3.19,-0.16,-0.78,-0.76,-1.23,-0.88,-0.45,-0.01,-0.77,-1.12,-3.91
1963-12,1.66,1.15,1.17,0.39,-3.0,1.34,1.99,1.2,1.08,1.07,1.26,0.88,-0.09,-0.9,-3.98
1964-01,1.99,2.33,2.6,3.1,4.49,1.62,2.4,1.52,3.12,2.36,2.83,2.94,3.25,2.72,5.28
1964-02,1.98,2.21,2.51,3.2,2.89,1.33,2.61,2.11,2.31,1.97,2.99,3.03,3.38,3.47,2.65
1964-03,2.44,2.17,3.15,3.9,2.43,2.07,2.83,2.27,2.08,3.96,2.47,4.36,3.51,4.02,1.84
1964-04,0.97,0.26,0.04,-0.2,-0.23,1.23,0.7,0.53,0.0,0.23,-0.16,0.72,-1.04,-1.37,0.18
1964-05,1.38,1.4,1.29,0.94,-0.26,1.37,1.39,0.89,1.86,1.05,1.55,0.37,1.52,0.88,-0.72
1964-06,1.49,2.11,2.36,1.75,-0.07,1.44,1.54,2.19,2.03,2.31,2.4,2.3,1.29,1.83,-0.83
1964-07,3.0,3.23,2.48,2.82,3.07,2.75,3.26,3.52,2.95,3.44,1.58,3.78,1.97,3.29,2.98
1964-08,-0.07,-0.09,-0.34,-1.26,-0.7,-0.26,0.14,-0.31,0.12,0.03,-0.68,-0.6,-1.84,-0.56,-0.76
1964-09,2.49,2.71,3.81,3.98,4.72,2.36,2.63,2.49,2.92,2.96,4.53,4.19,3.8,4.73,4.72
1964-10,1.22,1.17,2.08,2.55,2.1,0.77,1.7,1.79,0.58,1.67,2.53,2.43,2.64,1.74,2.22
1964-11,1.36,0.52,0.28,0.52,-1.11,1.49,1.23,0.97,0.07,0.32,0.23,0.64,0.42,-0.49,-1.32
1964-12,-0.56,-0.57,-0.11,-0.59,-2.67,-0.64,-0.47,-0.49,-0.65,-0.36,0.14,-0.44,-0.73,-0.68,-3.36
1965-01,4.65,4.41,5.91,7.5,9.58,4.06,5.29,4.37,4.46,6.0,5.83,6.79,8.2,6.74,10.61
1965-02,1.48,2.92,3.72,3.16,4.3,1.29,1.69,2.7,3.16,3.35,4.08,2.97,3.32,5.28,3.97
1965-03,0.29,0.73,0.71,0.97,2.78,0.2,0.39,0.95,0.51,0.99,0.41,1.31,0.63,2.18,2.98
1965-04,2.16,3.39,4.49,5.81,4.4,2.07,2.25,3.01,3.76,5.43,3.63,6.24,5.41,4.33,4.42
1965-05,-0.5,-0.5,-0.3,-0.85,-0.69,-0.27,-0.74,-0.18,-0.8,0.06,-0.63,-1.59,-0.18,-0.24,-0.84
1965-06,-4.57,-5.93,-7.64,-8.2,-10.75,-4.01,-5.14,-5.59,-6.24,-6.91,-8.32,-8.06,-8.32,-9.38,-11.24
1965-07,1.82,1.83,3.33,3.65,3.12,1.15,2.47,1.87,1.8,3.51,3.15,3.05,4.18,3.58,2.94
1965-08,2.55,3.54,3.96,4.49,5.13,2.18,2.92,3.22,3.83,3.41,4.44,4.13,4.81,6.68,4.44
1965-09,1.41,2.1,3.92,3.04,2.85,1.31,1.51,1.51,2.73,4.17,3.64,3.45,2.71,4.32,2.2
1965-10,2.1,3.4,4.79,6.38,8.49,1.31,2.92,2.72,4.08,5.34,4.22,5.96,6.73,6.62,9.32
1965-11,0.82,1.79,3.49,4.5,8.07,1.17,0.47,1.38,2.2,2.86,4.07,5.03,4.05,4.91,9.44
1965-12,0.69,2.69,3.68,5.03,6.1,0.2,1.16,2.27,3.1,3.45,3.93,5.27,4.81,6.61,5.88
1966-01,2.05,3.2,5.12,5.72,9.71,1.53,2.56,2.6,3.77,4.98,5.25,4.88,6.38,6.54,11.24
1966-02,-0.87,-0.83,1.32,2.57,6.6,-1.54,-0.19,-1.28,-0.41,0.96,1.66,2.07,2.97,3.74,7.81
1966-03,-1.25,-2.72,-2.1,-2.07,0.64,-1.62,-0.88,-2.6,-2.84,-2.78,-1.47,-2.14,-2.01,-2.48,1.97
1966-04,1.35,2.3,3.48,5.04,7.08,0.83,1.91,1.69,2.89,2.98,3.98,4.57,5.47,5.76,7.71
1966-05,-3.7,-4.98,-6.36,-8.44,-12.95,-3.4,-4.03,-4.74,-5.22,-5.08,-7.54,-7.71,-9.09,-10.16,-14.13
1966-06,-1.24,-0.72,0.2,-0.77,-0.34,-1.06,-1.45,-0.6,-0.83,-0.26,0.62,-1.08,-0.47,-0.22,-0.39
1966-07,-0.62,-0.67,-1.31,-1.81,-2.33,-0.84,-0.41,-0.8,-0.53,-1.37,-1.24,-2.35,-1.28,-1.72,-2.62
1966-08,-6.89,-7.83,-9.16,-10.74,-12.33,-6.16,-7.66,-7.92,-7.75,-9.13,-9.19,-9.94,-11.61,-11.22,-12.97
1966-09,-0.49,0.01,-1.19,-1.6,-3.67,0.34,-1.42,-0.18,0.19,-0.89,-1.48,-0.84,-2.35,-2.92,-4.05
1966-10,2.62,2.79,1.68,0.29,-7.33,2.43,2.82,2.06,3.65,1.95,1.43,0.59,-0.01,-4.38,-8.86
1966-11,0.18,1.12,1.91,4.38,8.18,0.67,-0.38,0.12,2.03,0.88,2.9,3.69,5.0,7.5,8.56
1966-12,1.46,1.82,1.79,1.57,1.72,1.27,1.68,1.17,2.38,2.14,1.43,0.39,2.66,3.75,0.68
1967-01,9.76,10.09,14.07,16.86,25.46,8.54,11.18,10.05,10.13,14.08,14.05,16.09,17.49,21.07,27.51
1967-02,0.89,1.7,2.77,3.6,7.64,0.93,0.85,2.03,1.35,3.06,2.48,3.07,4.06,4.92,8.87
1967-03,3.67,4.74,6.24,6.99,6.69,3.08,4.26,5.61,3.85,6.81,5.7,6.5,7.39,6.14,6.93
1967-04,2.9,3.38,4.47,4.79,4.75,2.0,3.8,3.22,3.51,4.06,4.89,4.55,4.99,4.74,4.75
1967-05,-1.36,-1.36,-0.73,-0.43,-0.42,-0.7,-2.04,-1.03,-1.68,-0.71,-0.75,-1.66,0.53,-1.25,-0.09
1967-06,1.6,2.74,5.19,9.11,13.68,2.08,1.13,1.75,3.68,4.58,5.72,8.44,9.62,10.25,15.04
1967-07,5.14,6.36,7.07,9.58,10.39,4.12,6.19,5.92,6.78,6.3,7.84,9.56,9.6,9.82,10.61
1967-08,1.15,0.85,1.32,0.5,0.48,0.86,1.44,1.88,-0.2,1.36,1.29,0.75,0.27,0.28,0.57
1967-09,2.61,3.59,5.02,5.71,9.09,2.14,3.1,3.08,4.09,4.47,5.54,4.29,6.83,6.2,10.32
1967-10,-3.46,-3.76,-3.06,-2.43,-0.68,-3.09,-3.86,-3.35,-4.17,-2.85,-3.24,-2.66,-2.23,-1.09,-0.51
1967-11,0.15,0.15,1.08,1.74,-0.92,-0.3,0.62,0.0,0.28,0.35,1.81,1.3,2.17,1.45,-1.85
1967-12,3.16,4.36,4.93,8.15,12.42,2.48,3.86,4.48,4.24,4.46,5.36,5.96,10.03,9.93,13.53
1968-01,2.56,0.37,-0.71,0.64,4.36,2.75,2.37,0.11,0.63,-0.88,-0.54,1.43,0.02,0.97,5.89
1968-02,-1.25,-3.05,-3.46,-5.39,-8.88,-1.4,-1.1,-2.45,-3.61,-3.06,-3.84,-4.95,-5.75,-6.69,-9.86
1968-03,-1.03,-0.29,0.11,0.56,-2.34,-1.34,-0.68,-0.91,0.34,-0.53,0.75,0.9,0.27,-1.47,-2.71
1968-04,7.62,10.27,12.07,14.72,19.11,6.89,8.45,10.26,10.27,12.5,11.65,14.44,14.97,17.35,19.87
1968-05,4.29,4.97,7.51,9.55,13.18,4.94,3.63,3.56,6.24,6.49,8.37,8.3,10.65,10.75,14.31
1968-06,4.52,3.01,2.59,2.06,-0.46,5.13,3.88,3.53,2.51,2.58,2.59,1.08,2.85,0.07,-0.69
1968-07,-0.87,-1.53,-3.18,-4.51,-2.88,-0.12,-1.64,-1.69,-1.39,-3.51,-2.9,-5.54,-3.7,-4.75,-2.11
1968-08,1.19,2.4,4.17,4.11,4.36,1.08,1.31,2.13,2.67,4.2,4.15,3.17,4.88,2.92,4.97
1968-09,3.93,5.88,5.8,7.59,8.2,3.06,4.81,4.96,6.8,5.46,6.1,7.71,7.5,7.75,8.4
1968-10,2.57,3.08,3.06,0.51,-1.26,2.74,2.4,2.72,3.42,2.7,3.38,0.94,0.17,0.17,-1.93
1968-11,6.26,6.19,7.23,7.8,7.64,6.2,6.34,5.82,6.55,6.91,7.54,8.41,7.33,7.33,7.79
1968-12,-1.92,-1.16,-1.43,-1.37,3.09,-1.47,-2.4,-1.33,-0.99,-1.27,-1.59,-1.07,-1.63,0.55,4.29
1969-01,-0.41,-0.18,-0.78,-0.64,-0.21,-0.33,-0.49,-0.1,-0.27,-0.04,-1.45,-0.73,-0.57,-1.28,0.39
1969-02,-4.15,-5.59,-7.02,-8.57,-11.7,-3.57,-4.77,-5.24,-5.93,-6.2,-7.77,-7.27,-9.65,-10.13,-12.5
1969-03,0.74,1.85,2.11,1.57,2.53,0.22,1.33,1.43,2.28,2.78,1.44,1.43,1.68,2.21,2.7
1969-04,0.93,0.98,0.51,1.12,-0.46,1.04,0.8,0.58,1.4,-0.03,1.06,2.01,0.36,-0.19,-0.61
1969-05,0.52,0.69,0.47,0.04,0.39,0.11,0.93,1.1,0.25,0.68,0.28,0.37,-0.24,-0.97,1.02
1969-06,-6.2,-8.1,-9.33,-11.79,-14.56,-5.88,-6.56,-7.68,-8.55,-8.96,-9.69,-10.61,-12.74,-12.6,-15.5
1969-07,-5.57,-6.43,-7.52,-9.81,-12.44,-4.82,-6.39,-5.89,-6.99,-7.49,-7.54,-8.93,-10.5,-10.99,-13.07
1969-08,2.23,5.21,5.49,6.75,5.47,1.25,3.29,4.85,5.56,5.22,5.78,5.44,7.98,6.3,5.1
1969-09,-1.55,-1.3,-1.01,-1.5,-4.33,-1.3,-1.81,-1.16,-1.44,-0.68,-1.34,-1.14,-1.82,-2.51,-5.09
1969-10,6.19,6.95,7.35,10.6,11.88,5.32,7.03,7.03,6.87,6.66,8.0,10.34,10.85,11.79,11.93
1969-11,-3.1,-3.68,-3.54,-5.7,-7.94,-2.75,-3.49,-3.37,-3.99,-3.13,-3.95,-5.2,-6.09,-6.88,-8.46
1969-12,-2.99,-3.43,-3.66,-5.66,-10.6,-3.77,-2.2,-3.85,-3.04,-3.74,-3.59,-4.45,-6.82,-7.94,-11.86
1970-01,-3.29,-3.94,-4.43,-5.16,-3.67,-2.63,-3.95,-3.87,-4.0,-4.33,-4.53,-6.38,-4.11,-4.22,-3.43
1970-02,4.49,5.03,5.66,4.9,2.86,4.12,4.92,4.97,5.09,5.4,5.92,5.25,4.59,3.36,2.64
1970-03,0.42,0.42,-0.87,-2.26,-5.07,0.91,-0.09,0.66,0.17,-0.73,-1.0,-1.39,-2.93,-4.4,-5.41
1970-04,-9.22,-10.52,-14.07,-16.36,-22.19,-8.45,-10.05,-9.58,-11.35,-12.94,-15.12,-14.89,-17.59,-20.01,-23.26
1970-05,-8.27,-8.02,-9.7,-9.19,-9.52,-8.29,-8.24,-7.35,-8.73,-10.07,-9.34,-8.65,-9.65,-10.46,-9.07
1970-06,-2.86,-3.42,-5.62,-7.31,-11.89,-2.84,-2.88,-3.14,-3.74,-5.7,-5.55,-6.6,-8.08,-9.95,-12.89
1970-07,6.15,6.68,7.08,7.74,4.11,5.19,7.23,6.95,6.38,8.61,5.65,8.04,7.44,5.27,3.47
1970-08,3.61,4.43,5.09,7.3,8.04,3.03,4.24,4.19,4.66,5.53,4.68,7.16,7.42,7.89,8.13
1970-09,3.96,6.47,9.71,12.65,20.63,3.68,4.29,6.9,6.04,8.86,10.5,11.07,13.88,17.99,22.2
1970-10,-0.76,-1.31,-2.66,-5.89,-11.13,-0.56,-1.01,-1.39,-1.24,-2.9,-2.45,-4.61,-7.01,-8.13,-12.96
1970-11,4.69,4.33,2.53,1.88,-4.54,4.54,4.85,4.61,4.07,2.51,2.56,2.92,0.9,-1.76,-6.2
1970-12,7.9,9.43,9.08,10.75,6.69,7.42,8.41,8.36,10.43,9.18,9.0,10.07,11.38,10.41,4.68
1971-01,5.57,7.54,9.88,14.4,20.08,4.89,6.28,6.69,8.26,8.97,10.7,12.3,16.06,18.56,20.95
1971-02,1.5,2.29,3.24,4.27,7.74,1.05,1.93,2.37,2.21,3.03,3.42,5.33,3.35,6.54,8.3
1971-03,3.89,4.6,5.59,6.18,6.39,3.3,4.51,2.88,6.19,4.81,6.29,6.77,5.66,7.82,5.69
1971-04,2.24,2.73,3.67,4.46,1.79,1.5,3.02,2.68,2.79,3.91,3.42,4.15,4.72,2.44,1.5
1971-05,-3.1,-3.0,-3.5,-4.91,-6.83,-2.9,-3.31,-3.04,-2.96,-3.51,-3.5,-4.75,-5.03,-6.06,-7.13
1971-06,0.1,0.76,-0.48,-1.46,-3.72,0.39,-0.23,0.76,0.77,0.07,-0.95,-1.87,-1.13,-2.96,-4.02
1971-07,-1.94,-2.93,-3.58,-4.76,-8.82,-1.77,-2.13,-3.15,-2.7,-3.7,-3.46,-4.95,-4.58,-7.36,-9.46
1971-08,2.63,3.17,5.72,5.87,3.83,2.54,2.73,3.93,2.49,5.88,5.57,5.86,5.88,4.81,3.38
1971-09,-0.31,-0.2,0.0,-0.48,-1.25,-0.32,-0.31,0.12,-0.54,0.07,-0.06,-0.38,-0.58,-0.84,-1.49
1971-10,-1.7,-4.42,-4.99,-6.09,-8.02,-0.83,-2.65,-4.03,-4.84,-4.79,-5.15,-6.13,-6.04,-6.72,-8.7
1971-11,-1.2,-1.89,-1.97,-3.31,-5.32,-0.95,-1.47,-1.19,-2.54,-1.54,-2.35,-2.95,-3.62,-3.71,-6.15
1971-12,8.59,10.02,10.97,13.86,12.99,7.99,9.25,10.21,9.83,10.36,11.58,12.8,14.77,14.55,12.28
1972-01,2.85,3.08,7.17,9.55,17.49,2.55,3.14,3.14,3.03,5.91,8.35,9.17,9.85,13.41,19.61
1972-02,1.66,3.34,3.65,4.75,5.1,1.33,1.99,2.63,4.09,3.53,3.75,4.08,5.31,5.4,4.95
1972-03,1.22,0.99,1.18,0.48,-1.35,2.08,0.33,1.2,0.8,1.06,1.3,0.79,0.24,-1.39,-1.33
1972-04,-0.22,1.28,1.02,1.73,-0.87,-0.98,0.54,1.37,1.19,0.92,1.11,0.93,2.33,-0.07,-1.22
1972-05,0.08,-0.59,-1.07,-1.45,-3.47,-0.21,0.38,-0.24,-0.93,-0.76,-1.34,-1.67,-1.27,-2.83,-3.75
1972-06,-1.65,-2.64,-2.94,-4.03,-4.28,-0.93,-2.46,-2.74,-2.54,-2.79,-3.09,-3.73,-4.3,-4.03,-4.4
1972-07,0.13,-1.36,-2.24,-3.71,-4.75,0.08,0.19,-0.9,-1.78,-3.04,-1.53,-3.3,-4.06,-3.88,-5.16
1972-08,3.18,2.75,2.28,2.1,-0.66,2.93,3.43,3.69,1.83,2.74,1.82,3.13,1.18,0.4,-1.29
1972-09,-1.27,-1.92,-2.26,-3.46,-4.59,-1.24,-1.31,-1.71,-2.12,-1.86,-2.61,-3.45,-3.47,-3.67,-5.14
1972-10,1.32,1.01,-0.76,-1.6,-3.58,2.14,0.52,0.96,1.05,-0.6,-0.92,-1.04,-2.09,-1.92,-4.54
1972-11,5.14,5.78,6.1,6.37,4.05,4.93,5.35,5.59,5.95,6.43,5.78,7.01,5.73,5.4,3.39
1972-12,-0.46,0.87,-0.81,-2.02,-4.56,-0.31,-0.62,1.17,0.6,-0.2,-1.32,-1.79,-2.2,-2.89,-5.36
1973-01,-1.86,-4.91,-4.13,-4.9,-4.25,-1.25,-2.45,-5.11,-4.71,-4.05,-4.21,-4.86,-4.94,-5.7,-3.5
1973-02,-3.41,-5.75,-6.89,-8.18,-9.51,-3.71,-3.1,-5.05,-6.42,-6.25,-7.53,-7.54,-8.79,-8.97,-9.79
1973-03,-2.12,-1.55,-2.48,-3.25,-3.4,-1.85,-2.39,-2.01,-1.09,-2.81,-2.14,-3.12,-3.36,-2.52,-3.85
1973-04,-2.37,-5.16,-6.61,-8.31,-9.97,-1.86,-3.19,-4.98,-5.33,-6.27,-6.93,-8.22,-8.38,-9.21,-10.36
1973-05,-4.47,-5.61,-7.9,-8.79,-11.99,-3.96,-5.35,-5.7,-5.53,-7.34,-8.4,-8.27,-9.21,-10.88,-12.54
1973-06,-2.09,-3.85,-4.41,-5.04,-4.67,-1.89,-2.39,-3.85,-3.86,-3.94,-4.85,-4.51,-5.52,-4.5,-4.75
1973-07,2.26,7.07,10.88,13.62,16.12,0.74,4.75,6.51,7.63,10.58,11.16,13.0,14.3,15.34,16.58
1973-08,-2.63,-2.97,-3.46,-4.54,-6.94,-2.45,-2.9,-2.69,-3.29,-2.99,-3.96,-3.58,-5.36,-5.41,-7.77
1973-09,4.7,6.65,8.93,10.04,7.48,4.17,5.62,6.07,7.21,8.77,9.05,9.77,10.24,8.1,7.14
1973-10,1.84,0.96,0.71,-0.82,-2.29,1.76,1.99,0.46,1.47,2.12,-0.7,0.53,-2.06,-1.08,-2.85
1973-11,-11.34,-15.28,-17.71,-20.34,-21.69,-10.38,-13.15,-13.64,-16.96,-17.62,-17.8,-20.73,-19.95,-21.66,-21.7
1973-12,-2.08,-2.99,-2.79,-3.81,-6.35,-2.59,-1.17,-3.54,-2.51,-2.91,-2.66,-3.48,-4.11,-5.06,-6.98
1974-01,6.1,9.17,10.62,14.44,20.48,5.58,6.99,8.42,9.82,9.82,11.36,13.86,14.9,16.7,22.42
1974-02,0.85,1.83,2.18,0.36,-0.45,1.09,0.44,1.65,2.0,3.36,1.04,0.27,0.45,1.1,-1.3
1974-03,0.95,1.18,0.96,1.48,0.72,1.05,0.79,0.91,1.46,0.67,1.23,1.44,1.52,0.38,0.88
1974-04,-4.57,-4.07,-4.92,-5.69,-6.68,-4.48,-4.72,-3.86,-4.24,-4.43,-5.34,-5.61,-5.77,-6.09,-7.01
1974-05,-5.97,-5.61,-6.54,-6.76,-9.38,-5.69,-6.51,-6.03,-5.22,-6.15,-6.91,-6.28,-7.16,-8.7,-9.75
1974-06,-2.55,-2.51,-2.94,-2.77,-4.13,-2.58,-2.49,-1.93,-3.05,-3.35,-2.59,-1.79,-3.76,-2.97,-4.84
1974-07,-4.76,-4.98,-4.48,-5.17,-6.38,-4.63,-4.97,-4.38,-5.54,-4.35,-4.63,-4.9,-5.38,-5.5,-6.93
1974-08,-7.16,-7.86,-8.58,-8.71,-8.84,-6.97,-7.53,-7.92,-7.81,-8.69,-8.47,-9.21,-8.29,-9.32,-8.57
1974-09,-6.49,-7.11,-7.71,-8.67,-9.65,-6.63,-6.2,-7.65,-6.54,-7.85,-7.54,-8.28,-8.99,-8.9,-10.08
1974-10,5.15,8.29,11.71,12.26,10.29,4.35,6.94,8.52,8.07,11.93,11.51,12.02,12.5,11.69,9.34
1974-11,-2.82,-3.66,-4.66,-5.21,-7.62,-2.61,-3.32,-3.6,-3.73,-4.92,-4.43,-4.53,-5.8,-6.11,-8.58
1974-12,-5.25,-6.09,-6.62,-8.31,-11.39,-5.08,-5.59,-6.22,-5.95,-7.23,-6.06,-7.5,-8.94,-9.58,-12.54
1975-01,17.77,24.27,26.83,30.38,41.37,15.9,21.54,23.52,25.01,26.4,27.22,27.62,32.77,35.23,45.1
1975-02,4.65,4.94,6.92,5.74,6.2,4.58,4.77,4.52,5.32,7.42,6.44,5.68,5.79,7.13,5.61
1975-03,3.72,5.21,6.76,8.6,13.13,3.48,4.18,4.98,5.45,6.3,7.18,7.58,9.52,10.87,14.62
1975-04,2.79,3.9,4.2,4.66,2.74,2.36,3.62,2.83,4.98,4.43,3.97,4.52,4.77,3.64,2.16
1975-05,4.74,5.52,8.23,8.59,9.58,4.57,5.05,4.63,6.36,7.84,8.59,7.93,9.24,9.25,9.8
1975-06,5.59,8.18,7.2,6.97,8.35,5.08,6.61,9.2,7.29,6.75,7.6,6.84,7.07,8.46,8.28
1975-07,-0.28,-0.85,-1.81,-1.4,-0.62,0.09,-1.0,-0.92,-0.77,-3.21,-0.69,-1.87,-1.06,-1.6,-0.09
1975-08,-2.63,-3.1,-4.44,-4.96,-6.79,-2.41,-3.09,-2.52,-3.61,-4.0,-4.82,-3.87,-6.02,-5.5,-7.56
1975-09,-2.07,-2.72,-2.52,-4.38,-5.28,-1.82,-2.6,-2.69,-2.75,-2.66,-2.4,-5.06,-3.66,-2.9,-6.62
1975-10,1.45,3.35,3.52,2.41,-0.19,0.98,2.4,2.65,4.06,3.8,3.26,2.87,2.05,1.05,-0.87
1975-11,2.09,3.02,2.15,3.32,0.56,1.79,2.68,2.65,3.39,3.1,1.27,3.42,3.23,0.52,0.58
1975-12,-0.57,-0.35,-1.08,-0.52,0.2,-0.68,-0.37,0.12,-0.85,-1.25,-0.91,-0.43,-0.6,-0.92,0.76
1976-01,11.85,16.19,18.71,20.78,24.11,10.52,14.32,15.47,16.9,18.7,18.71,20.76,20.81,22.1,25.08
1976-02,4.91,6.73,7.3,9.55,17.0,4.72,5.25,6.05,7.34,7.19,7.38,8.9,10.06,13.43,18.86
1976-03,1.78,1.68,2.74,1.55,2.57,2.18,1.18,2.2,1.14,2.31,3.13,2.18,0.99,2.14,2.79
1976-04,1.38,0.68,-0.79,-0.55,-1.78,1.46,1.26,1.25,0.08,-1.27,-0.34,-0.64,-0.49,-1.53,-1.9
1976-05,-0.14,-0.86,-0.98,-0.98,-4.12,0.1,-0.53,-0.87,-0.86,-1.65,-0.37,-0.51,-1.44,-3.03,-4.62
1976-06,2.3,3.08,3.38,3.26,2.75,2.26,2.39,3.04,3.13,3.1,3.68,2.76,3.73,3.67,2.32
1976-07,1.84,0.76,-0.37,0.24,-0.54,1.76,1.99,0.3,1.18,-0.57,-0.18,-0.09,0.55,0.93,-1.15
1976-08,0.57,-0.55,-0.68,-2.11,-3.8,0.58,0.53,-0.89,-0.25,-0.6,-0.76,-1.98,-2.21,-2.83,-4.23
1976-09,2.13,2.25,2.85,2.03,0.9,2.1,2.18,2.36,2.14,2.49,3.26,2.49,1.62,2.19,0.35
1976-10,-0.91,-1.51,-2.01,-1.85,-3.11,-0.7,-1.27,-1.2,-1.79,-2.44,-1.6,-1.85,-1.85,-2.76,-3.27
1976-11,2.38,2.83,2.74,3.01,2.41,2.15,2.81,2.79,2.87,2.31,3.17,2.89,3.11,3.47,1.96
1976-12,7.14,8.15,9.0,10.25,12.5,7.16,7.09,8.1,8.2,8.24,9.73,9.99,10.52,11.08,13.14
1977-01,2.3,0.93,1.13,3.11,6.46,3.07,0.82,0.54,1.35,1.09,1.16,3.63,2.61,5.21,6.96
1977-02,0.59,-0.05,0.15,-0.15,0.56,1.06,-0.25,0.2,-0.31,-0.13,0.37,0.36,-0.72,-0.04,0.81
1977-03,1.01,0.94,0.94,0.98,1.34,1.33,0.43,1.15,0.67,0.85,1.02,0.72,1.2,1.5,1.27
1977-04,1.63,1.86,1.46,2.03,1.82,1.63,1.63,1.76,1.95,1.53,1.4,2.19,1.91,1.43,2.0
1977-05,0.97,-0.13,0.79,0.58,-0.07,1.16,0.65,0.13,-0.39,0.78,0.8,0.8,0.4,0.37,-0.28
1977-06,2.99,4.12,5.42,6.94,6.27,2.46,3.98,3.88,4.38,5.43,5.42,6.31,7.42,7.09,5.86
1977-07,1.98,0.85,0.77,0.64,1.34,2.16,1.68,1.34,0.31,0.44,1.07,0.58,0.68,1.3,1.36
1977-08,-0.55,-0.72,0.35,-0.06,-0.55,-0.19,-1.22,-1.3,-0.16,0.77,-0.07,-0.35,0.15,0.29,-0.94
1977-09,0.83,1.69,1.75,1.18,1.47,0.75,1.02,1.38,2.01,1.73,1.77,0.79,1.47,2.08,1.19
1977-10,-1.15,-1.96,-2.32,-2.7,-2.91,-1.15,-1.16,-1.93,-1.99,-2.04,-2.61,-2.64,-2.75,-2.53,-3.09
1977-11,4.07,6.18,7.28,8.86,8.53,3.28,5.64,6.38,5.96,7.1,7.45,7.99,9.52,9.03,8.23
1977-12,1.4,1.79,2.5,2.6,2.27,1.53,1.16,1.58,2.01,2.81,2.21,2.36,2.77,2.36,2.22
1978-01,-1.53,-2.92,-2.85,-1.58,0.33,-1.03,-2.54,-2.81,-3.04,-2.39,-3.32,-1.55,-1.61,-0.78,0.93
1978-02,1.71,1.33,2.48,3.49,3.24,1.62,1.9,1.48,1.16,2.2,2.74,3.42,3.55,2.4,3.63
1978-03,3.79,5.44,6.57,7.42,8.77,3.6,4.23,4.96,5.9,5.91,7.35,6.77,7.96,8.49,8.9
1978-04,5.75,8.2,9.36,9.61,8.4,5.53,6.22,7.88,8.51,9.33,9.38,9.19,9.94,8.77,8.16
1978-05,3.19,4.81,5.58,8.17,10.1,3.0,3.51,4.22,5.42,5.06,6.07,7.36,8.83,8.23,11.09
1978-06,1.11,0.89,0.5,0.02,1.48,1.19,0.98,1.11,0.65,-0.2,1.14,-0.17,0.17,0.78,1.82
1978-07,2.98,5.46,6.59,6.28,5.4,2.41,3.81,6.01,4.92,6.15,7.03,6.66,5.96,6.66,4.75
1978-08,5.24,7.0,8.21,9.12,12.96,4.53,6.47,6.34,7.72,7.06,9.41,8.92,9.26,9.69,14.48
1978-09,1.34,0.08,0.3,-0.05,0.39,1.28,1.46,-0.12,0.31,1.32,-0.65,0.06,-0.15,0.09,0.54
1978-10,-7.47,-12.68,-16.17,-20.86,-25.47,-6.12,-9.85,-11.81,-13.58,-15.16,-17.18,-19.79,-21.82,-23.86,-26.19
1978-11,-0.05,1.25,2.89,6.55,6.64,0.2,-0.4,0.69,1.83,2.11,3.55,6.06,6.96,6.8,6.55
1978-12,0.88,1.77,2.27,1.53,1.07,0.64,1.27,1.15,2.38,2.27,2.27,1.92,1.19,2.32,0.41
1979-01,5.13,6.25,9.36,10.69,11.91,4.14,6.85,6.15,6.34,7.96,10.53,9.79,11.42,11.33,12.25
1979-02,-0.55,-1.56,-2.08,-2.1,-2.54,-0.46,-0.71,-1.04,-2.04,-2.35,-1.81,-2.23,-1.98,-1.56,-3.04
1979-03,3.68,6.39,8.64,9.4,10.94,3.07,4.81,5.77,6.98,8.28,8.97,8.79,9.87,11.95,10.5
1979-04,1.51,2.11,3.33,3.12,3.27,1.53,1.49,2.15,2.07,3.08,3.54,2.74,3.47,2.57,3.59
1979-05,0.06,-1.06,-0.65,-0.91,-1.61,-0.01,0.19,-0.99,-1.12,-0.78,-0.53,-0.95,-0.87,-1.87,-1.49
1979-06,3.38,5.6,6.07,5.72,6.24,3.33,3.47,5.59,5.61,5.52,6.6,5.29,6.13,6.18,6.26
1979-07,2.95,2.83,3.45,3.27,0.83,2.81,3.25,2.68,2.97,3.81,3.15,2.81,3.66,1.48,0.47
1979-08,5.22,7.11,8.62,8.62,7.87,4.91,5.89,6.91,7.26,7.84,9.36,8.87,8.43,9.05,7.27
1979-09,-0.03,-0.07,0.41,0.28,-0.95,-0.12,0.16,0.42,-0.5,0.84,-0.02,0.22,0.32,-0.28,-1.29
1979-10,-7.33,-8.8,-9.63,-10.18,-11.1,-6.81,-8.37,-8.13,-9.41,-9.77,-9.5,-9.96,-10.38,-9.58,-11.88
1979-11,2.86,4.95,6.85,8.75,7.98,2.01,4.52,4.7,5.21,5.98,7.68,8.12,9.3,9.13,7.38
1979-12,2.75,4.43,5.89,7.52,9.92,2.71,2.83,3.41,5.51,5.49,6.26,6.94,8.02,8.38,10.7
1980-01,4.35,6.29,8.65,10.76,15.14,4.09,4.87,5.48,7.12,6.71,10.4,10.5,10.97,11.83,16.99
1980-02,-2.38,-2.07,-1.63,-0.24,0.48,-1.99,-3.27,-3.24,-0.96,-2.35,-1.07,-0.64,0.12,-1.1,1.2
1980-03,-9.36,-11.63,-14.22,-17.73,-22.14,-9.14,-9.83,-10.4,-12.75,-13.66,-14.74,-17.13,-18.3,-20.32,-22.84
1980-04,4.63,5.63,5.18,5.83,5.41,3.98,5.99,5.72,5.52,5.36,5.02,6.38,5.32,7.06,4.68
1980-05,6.0,7.83,8.89,8.15,6.26,5.47,7.17,8.29,7.3,7.89,9.91,8.49,7.82,8.32,5.33
1980-06,4.02,4.23,4.7,4.67,4.32,4.04,3.98,4.29,4.16,4.71,4.7,4.39,4.98,5.76,3.63
1980-07,5.68,9.74,10.62,10.52,9.93,5.27,6.65,8.13,11.26,9.81,11.39,10.37,10.68,13.49,8.07
1980-08,3.07,4.59,5.84,8.55,8.67,2.8,3.73,3.91,5.38,4.83,6.79,8.32,8.79,8.31,8.82
1980-09,2.96,4.71,4.66,4.37,6.46,2.76,3.45,4.57,4.86,3.86,5.38,5.06,3.78,5.97,6.66
1980-10,0.76,2.81,2.92,4.99,7.13,0.71,0.87,2.62,3.01,3.12,2.72,4.65,5.33,6.38,7.47
1980-11,2.14,4.35,6.47,7.74,10.49,1.79,2.97,3.25,5.4,6.61,6.34,6.99,8.41,10.39,10.53
1980-12,0.06,-1.08,-2.21,-3.5,-6.05,0.61,-1.31,-0.38,-1.81,-1.91,-2.51,-3.71,-3.33,-5.1,-6.42
1981-01,2.48,0.92,1.32,-0.34,-0.59,2.36,2.8,1.29,0.51,1.83,0.87,-0.73,0.1,-0.75,-0.53
1981-02,2.39,2.57,1.67,0.47,-2.03,2.56,1.91,2.51,2.65,1.49,1.83,0.82,0.15,-0.9,-2.53
1981-03,6.2,8.63,8.46,8.52,6.78,6.05,6.68,7.43,9.94,7.2,9.6,7.86,9.08,8.98,5.87
1981-04,3.68,3.65,3.25,2.75,2.06,4.05,2.67,2.79,4.44,3.86,2.58,4.23,1.31,3.91,1.2
1981-05,1.42,2.62,2.85,3.41,3.47,1.18,2.03,1.87,3.38,2.45,3.17,2.99,3.75,3.83,3.3
1981-06,2.77,0.87,0.43,-1.66,-4.5,2.98,2.23,0.76,0.98,1.81,-0.75,-1.19,-2.1,-3.5,-4.97
1981-07,-1.42,-2.33,-2.13,-2.08,-2.39,-1.2,-1.98,-2.04,-2.65,-2.21,-2.05,-1.81,-2.27,-1.43,-2.76
1981-08,-2.5,-5.23,-6.5,-8.02,-11.19,-1.9,-4.04,-5.12,-5.34,-6.28,-6.69,-7.52,-8.41,-9.94,-11.66
1981-09,-4.7,-5.98,-7.17,-9.29,-12.78,-4.4,-5.51,-5.41,-6.55,-5.88,-8.29,-8.88,-9.59,-11.6,-13.14
1981-10,3.63,5.83,6.99,8.39,9.27,3.49,3.96,6.27,5.4,5.95,7.85,8.34,8.43,10.53,8.8
1981-11,4.38,3.91,3.93,2.63,-1.12,4.4,4.34,4.15,3.69,3.74,4.09,3.09,2.28,1.2,-2.1
1981-12,-0.21,-0.74,-0.96,-3.11,-3.49,-0.32,0.02,-0.51,-0.97,-0.28,-1.6,-2.75,-3.43,-2.56,-3.93
1982-01,-1.11,-2.15,-2.94,-2.43,-1.37,-1.03,-1.34,-2.61,-1.7,-2.91,-2.96,-2.16,-2.68,-1.19,-1.46
1982-02,-0.87,-2.61,-3.58,-5.13,-7.79,-0.64,-1.52,-2.01,-3.2,-4.02,-3.22,-5.65,-4.62,-6.5,-8.25
1982-03,0.02,-0.09,-1.56,-1.63,-1.97,0.3,-0.62,-0.31,0.13,-1.65,-1.49,-1.88,-1.43,-1.7,-2.07
1982-04,3.48,5.46,5.49,7.5,5.42,3.13,4.32,5.62,5.3,4.93,6.04,7.73,7.31,5.79,5.24
1982-05,0.09,-1.29,-2.54,-1.95,-4.39,0.92,-1.46,-1.52,-1.07,-2.44,-2.64,-1.57,-2.26,-3.02,-4.89
1982-06,-1.81,-2.17,-2.2,-2.22,-6.0,-1.83,-1.76,-1.6,-2.7,-1.64,-2.7,-1.83,-2.53,-3.93,-6.9
1982-07,-0.89,-0.43,-0.23,-1.47,-3.18,-0.74,-1.21,0.25,-1.15,-0.54,0.06,-1.34,-1.57,-1.33,-3.8
1982-08,4.93,6.62,8.72,8.66,5.43,3.86,7.51,6.63,6.6,7.93,9.6,8.91,8.44,7.19,4.7
1982-09,5.08,4.8,4.54,3.29,0.49,5.23,4.65,5.01,4.61,5.05,4.05,3.03,3.48,3.64,-1.04
1982-10,8.64,12.07,14.55,15.58,14.98,8.16,10.05,10.75,13.24,13.58,15.39,15.53,15.62,16.7,14.29
1982-11,7.33,8.24,10.1,11.0,10.03,7.21,7.66,7.74,8.8,10.26,9.94,11.22,10.84,10.76,9.74
1982-12,2.13,2.16,2.6,2.68,2.09,2.16,2.08,2.14,2.17,2.31,2.88,1.95,3.28,2.13,2.08
1983-01,4.81,6.13,7.02,10.87,17.66,5.35,3.67,5.44,6.88,5.91,8.19,8.95,12.38,11.51,20.05
1983-02,4.9,6.75,7.03,8.01,3.92,4.41,5.83,6.46,7.06,7.34,6.75,8.09,7.94,5.14,3.54
1983-03,5.43,5.44,5.85,5.39,4.42,5.6,5.11,5.61,5.26,6.54,5.2,5.0,5.76,3.67,4.68
1983-04,6.85,7.25,8.88,8.14,8.6,6.95,6.7,7.77,6.68,8.65,9.07,8.52,7.9,7.53,8.98
1983-05,5.11,5.95,6.81,9.06,13.06,5.12,5.1,4.91,6.95,6.17,7.5,9.41,8.76,11.21,13.79
1983-06,3.18,4.47,4.79,5.08,5.65,2.9,3.65,3.72,5.17,4.88,4.7,4.79,5.34,6.14,5.49
1983-07,1.49,-0.89,-0.94,-2.51,-3.09,1.83,0.9,-0.71,-1.06,-1.14,-0.77,-2.75,-2.33,-2.83,-3.19
1983-08,-0.1,-1.83,-2.01,-3.83,-5.38,0.3,-0.85,-2.56,-1.15,-2.68,-1.41,-3.66,-3.96,-4.03,-5.9
1983-09,3.25,3.0,2.24,0.09,-2.37,3.2,3.35,3.11,2.9,1.99,2.45,0.76,-0.47,0.15,-3.28
1983-10,-0.68,-2.7,-3.88,-6.13,-9.66,0.04,-1.82,-1.9,-3.45,-2.96,-4.79,-6.33,-5.96,-8.54,-10.12
1983-11,2.07,3.24,4.63,4.33,2.14,1.77,2.64,3.37,3.11,4.48,4.78,4.11,4.5,3.46,1.63
1983-12,0.64,-0.13,-0.9,-1.59,-4.65,0.92,0.11,-0.17,-0.09,-0.79,-1.0,-1.22,-1.89,-3.9,-4.95
1984-01,1.35,-0.49,-0.03,-0.65,0.6,1.82,0.33,-0.27,-0.73,-0.37,0.28,-0.37,-0.86,-0.63,1.03
1984-02,-3.1,-5.02,-5.99,-5.78,-6.95,-2.61,-4.24,-4.24,-5.79,-5.47,-6.5,-5.66,-5.89,-7.31,-6.83
1984-03,1.12,0.88,2.16,1.34,-0.42,1.32,0.63,0.65,1.1,2.21,2.11,1.16,1.46,-0.22,-0.49
1984-04,0.01,-0.42,-0.93,-1.17,-4.16,0.01,0.03,-0.35,-0.48,-0.78,-1.08,-0.54,-1.71,-2.1,-4.94
1984-05,-2.71,-4.18,-4.48,-4.73,-7.22,-2.2,-3.88,-3.79,-4.57,-4.43,-4.52,-4.31,-5.05,-6.84,-7.38
1984-06,1.79,1.86,2.43,1.84,0.75,1.55,2.26,1.74,1.98,2.4,2.46,1.58,2.08,2.68,0.04
1984-07,-0.49,-2.72,-3.68,-4.71,-7.93,-0.05,-1.32,-2.64,-2.81,-3.38,-3.92,-3.86,-5.39,-6.67,-8.52
1984-08,5.53,9.51,10.16,10.73,9.54,4.06,8.64,8.41,10.76,9.75,10.54,10.1,11.23,11.52,8.76
1984-09,2.72,0.61,0.45,-0.21,-2.09,2.59,2.96,1.03,0.12,0.71,0.21,0.34,-0.66,-1.53,-2.29
1984-10,1.44,-0.36,-0.82,-2.36,-5.0,1.55,1.2,-0.02,-0.68,-0.6,-1.02,-1.45,-3.1,-2.5,-6.03
1984-11,1.05,-1.89,-0.98,-3.12,-6.32,1.41,0.16,-1.34,-2.49,-0.61,-1.35,-2.79,-3.43,-4.77,-6.88
1984-12,1.92,1.92,1.4,0.8,-0.33,1.99,1.75,1.83,2.02,1.53,1.29,1.03,0.62,0.59,-0.63
1985-01,6.59,10.06,11.57,14.06,15.31,6.02,7.86,9.52,10.58,9.83,13.24,13.76,14.28,15.1,15.38
1985-02,3.6,2.91,3.25,4.16,6.39,3.69,3.4,2.33,3.5,3.49,3.04,4.3,4.04,2.85,7.64
1985-03,2.42,0.66,-1.03,-1.39,-2.84,3.06,1.32,1.03,0.32,-1.03,-1.03,-0.72,-1.9,-1.96,-3.18
1985-04,1.43,0.77,0.3,-0.65,-2.99,1.63,1.17,0.51,1.03,0.27,0.32,-1.01,-0.35,-1.36,-3.68
1985-05,3.84,3.88,3.9,3.06,0.86,3.55,4.28,3.85,3.9,4.14,3.65,3.57,2.73,2.51,0.22
1985-06,2.77,1.72,2.03,1.38,-1.25,3.07,2.31,2.58,0.93,2.2,1.88,1.51,1.27,0.56,-1.99
1985-07,1.32,1.95,2.16,2.4,1.76,1.34,1.29,2.34,1.6,1.9,2.4,2.42,2.38,2.41,1.5
1985-08,0.92,0.16,-0.18,-0.26,-0.9,1.37,0.21,0.16,0.17,-0.48,0.12,-0.04,-0.41,-1.82,-0.53
1985-09,-2.32,-3.35,-4.5,-5.27,-7.69,-1.9,-3.01,-2.95,-3.75,-3.78,-5.18,-4.86,-5.58,-6.43,-8.2
1985-10,3.49,3.91,3.81,2.97,0.31,2.67,4.98,3.89,3.92,4.18,3.54,3.69,2.38,2.21,-0.65
1985-11,5.46,6.6,6.39,5.93,4.72,5.36,5.6,6.43,6.73,6.76,6.08,5.28,6.47,5.92,4.18
1985-12,3.76,4.33,4.8,4.19,1.93,2.82,5.2,4.66,4.0,4.02,5.58,4.18,4.2,3.66,1.23
1986-01,2.85,2.07,2.84,3.8,5.76,3.05,2.52,1.88,2.24,2.05,3.5,4.45,3.3,3.16,6.74
1986-02,6.99,7.5,7.05,7.56,5.28,6.53,7.78,7.65,7.35,7.28,6.86,8.39,6.96,6.18,4.94
1986-03,5.43,4.76,5.18,4.67,4.67,5.03,5.99,5.59,3.98,5.32,5.04,5.44,4.15,4.79,4.61
1986-04,1.42,0.2,1.76,1.9,1.56,1.47,1.35,0.19,0.2,2.2,1.39,1.22,2.39,1.38,1.64
1986-05,3.42,4.24,4.2,3.77,3.68,3.44,3.4,4.86,3.63,3.81,4.56,3.25,4.16,3.34,3.83
1986-06,2.3,2.07,0.76,0.69,0.19,2.77,1.64,1.45,2.68,0.91,0.62,0.52,0.84,0.72,-0.04
1986-07,-2.09,-5.41,-6.92,-8.13,-9.67,-0.69,-4.19,-5.13,-5.66,-6.73,-7.14,-7.07,-9.09,-9.91,-9.57
1986-08,2.69,3.54,3.07,2.96,0.63,2.14,3.55,3.57,3.5,3.81,2.39,2.88,3.03,1.85,0.07
1986-09,-4.88,-5.57,-5.75,-6.13,-7.39,-4.42,-5.77,-4.87,-6.24,-5.79,-5.72,-6.05,-6.17,-7.63,-7.28
1986-10,1.67,3.62,3.4,3.39,1.74,1.05,2.92,2.97,4.23,3.67,3.14,3.53,3.28,3.63,0.87
1986-11,0.09,-0.11,-0.09,0.25,-1.72,-0.19,0.55,-0.18,-0.03,0.67,-0.77,0.57,0.03,-0.38,-2.39
1986-12,-1.99,-2.22,-2.59,-3.31,-5.04,-1.66,-2.57,-2.2,-2.24,-2.91,-2.29,-2.78,-3.66,-4.14,-5.48
1987-01,8.59,10.98,11.46,12.33,12.78,7.72,9.92,10.22,11.71,10.98,11.85,12.39,12.28,11.8,13.28
1987-02,3.5,6.75,7.24,8.31,8.67,2.52,4.92,6.47,7.02,7.04,7.41,7.68,8.86,8.16,8.88
1987-03,2.21,2.28,2.06,2.8,3.88,1.71,2.92,1.01,3.63,1.84,2.23,3.41,2.24,3.08,4.2
1987-04,-2.06,-2.45,-2.59,-3.21,-1.62,-2.0,-2.14,-2.23,-2.69,-2.49,-2.69,-2.93,-3.42,-2.28,-1.36
1987-05,0.64,-0.38,-0.24,-0.59,0.2,0.74,0.47,-0.39,-0.36,-0.12,-0.35,0.04,-1.12,-0.53,0.49
1987-06,3.07,4.19,3.58,2.44,1.11,2.45,4.11,3.86,4.53,3.82,3.37,3.18,1.82,1.49,0.97
1987-07,2.57,3.74,4.29,2.78,3.4,2.28,3.07,3.55,3.93,4.83,3.7,3.04,2.6,2.75,3.67
1987-08,2.55,3.73,3.56,2.8,0.17,1.72,3.87,4.2,3.24,3.52,3.6,3.44,2.26,2.14,-0.66
1987-09,-0.96,-1.38,-1.61,-1.37,-2.0,-0.87,-1.1,-1.43,-1.33,-1.78,-1.48,-1.9,-1.06,-2.02,-2.0
1987-10,-18.38,-24.75,-26.87,-28.79,-30.47,-16.89,-20.84,-24.36,-25.12,-26.36,-27.34,-28.34,-29.1,-30.44,-30.48
1987-11,-2.66,-3.58,-4.25,-4.78,-8.96,-2.09,-3.47,-3.96,-3.19,-4.41,-4.11,-4.34,-5.12,-6.81,-10.14
1987-12,0.7,3.51,4.54,4.91,2.3,-0.55,2.52,3.32,3.7,3.51,5.49,4.63,5.14,3.59,1.66
1988-01,5.48,6.2,7.16,7.24,10.34,4.5,6.76,6.93,5.42,6.73,7.62,7.36,7.14,8.4,11.26
1988-02,3.41,6.71,7.57,7.77,6.81,2.62,4.54,5.98,7.41,7.46,7.69,8.24,7.4,8.38,6.14
1988-03,2.01,3.23,3.12,3.72,4.5,1.66,2.5,2.66,3.8,3.15,3.09,3.02,4.27,5.44,4.11
1988-04,0.61,1.6,2.05,1.76,1.39,0.69,0.51,1.35,1.89,2.17,1.92,2.37,1.34,1.56,1.32
1988-05,0.57,-0.37,-1.43,-1.23,-2.77,0.59,0.55,0.28,-0.92,-1.66,-1.25,-0.82,-1.6,-1.6,-3.28
1988-06,3.77,5.65,6.2,7.1,4.48,3.6,4.05,5.14,6.19,6.25,6.15,6.21,7.81,5.94,3.72
1988-07,0.07,-0.37,-0.09,-0.28,0.31,0.37,-0.42,-0.4,-0.34,-0.46,0.27,-0.28,-0.28,-0.14,0.53
1988-08,-0.6,-1.62,-1.89,-2.19,-2.8,-0.42,-0.86,-0.73,-2.4,-1.55,-2.25,-2.76,-1.85,-2.45,-2.99
1988-09,1.76,2.59,2.84,2.26,1.71,1.23,2.68,3.05,2.16,3.09,2.61,2.76,1.97,2.78,1.12
1988-10,0.59,0.55,0.05,0.03,-2.92,0.2,1.28,0.63,0.47,-0.18,0.29,0.08,0.01,-0.61,-4.19
1988-11,-1.92,-2.24,-3.59,-3.19,-5.2,-1.7,-2.28,-2.38,-2.1,-4.17,-3.07,-3.1,-3.24,-4.67,-5.5
1988-12,0.66,2.58,3.02,3.33,1.84,0.4,1.06,2.19,2.9,3.51,2.57,2.47,3.87,3.04,1.12
1989-01,3.03,5.19,5.02,5.62,7.56,2.12,4.4,5.24,5.14,4.2,5.74,5.52,5.69,5.91,8.34
1989-02,0.47,0.04,0.74,0.91,0.21,0.28,0.72,-0.01,0.08,1.03,0.51,0.81,0.97,0.59,0.03
1989-03,1.91,2.1,1.97,2.21,1.31,1.2,2.92,2.14,2.07,2.03,1.93,2.18,2.23,1.74,1.12
1989-04,3.88,4.92,3.72,4.09,2.42,3.55,4.34,5.3,4.68,3.88,3.59,3.18,4.71,3.63,1.77
1989-05,3.03,3.22,3.79,3.26,2.43,3.11,2.92,3.35,3.11,3.26,4.19,3.42,3.14,3.33,1.95
1989-06,1.03,-0.01,-0.62,-0.84,-2.06,0.93,1.17,0.21,-0.22,-0.77,-0.5,-0.24,-1.21,-1.78,-2.21
1989-07,3.16,6.15,4.95,3.66,1.74,2.29,4.54,6.39,5.93,5.75,4.4,3.54,3.73,3.12,0.94
1989-08,1.99,3.12,3.29,2.61,1.25,1.55,2.64,3.14,3.11,2.19,4.13,2.75,2.53,2.58,0.48
1989-09,0.19,-0.45,0.11,0.47,0.25,0.5,-0.3,0.02,-0.9,-0.44,0.67,0.39,0.53,0.38,0.19
1989-10,-2.64,-3.63,-4.94,-5.57,-5.97,-1.97,-3.67,-2.57,-4.56,-4.73,-5.12,-4.94,-5.98,-4.95,-6.51
1989-11,0.5,0.2,0.18,0.01,-2.35,0.67,0.28,0.32,0.08,0.93,-0.61,-0.48,0.46,-1.26,-2.92
1989-12,0.29,0.06,-0.24,-0.6,-3.15,0.23,0.38,-0.1,0.2,-0.41,-0.07,-0.59,-0.61,-1.04,-4.29
1990-01,-3.69,-6.31,-6.39,-6.76,-4.28,-2.61,-5.14,-5.76,-6.75,-7.12,-5.83,-5.61,-7.64,-6.42,-2.92
1990-02,0.52,1.3,2.25,2.05,2.5,0.44,0.64,1.23,1.38,2.08,2.38,1.92,2.14,2.91,2.21
1990-03,1.57,2.47,2.18,3.36,2.57,1.44,1.79,2.98,2.03,1.8,2.53,2.59,3.79,3.3,2.02
1990-04,-2.37,-3.14,-2.52,-3.3,-2.3,-2.15,-2.73,-3.1,-3.17,-2.69,-2.35,-2.85,-3.62,-2.37,-2.26
1990-05,3.91,5.54,5.69,5.97,3.98,3.15,5.11,5.71,5.4,5.61,5.76,5.76,6.13,5.47,2.95
1990-06,-0.59,0.2,0.41,1.22,0.38,-0.67,-0.47,0.34,0.06,0.65,0.22,0.34,1.76,0.63,0.22
1990-07,-0.83,-1.72,-2.65,-2.67,-4.21,-0.73,-0.98,-1.33,-2.07,-1.77,-3.32,-2.73,-2.64,-3.87,-4.41
1990-08,-6.39,-10.3,-10.42,-11.26,-13.15,-5.1,-8.55,-10.0,-10.58,-9.68,-11.06,-10.39,-11.83,-13.27,-13.08
1990-09,-3.74,-6.16,-7.12,-8.3,-9.78,-3.25,-4.5,-6.14,-6.18,-7.19,-7.07,-8.45,-8.17,-9.34,-10.02
1990-10,-3.4,-4.87,-5.32,-5.74,-7.34,-2.98,-3.99,-4.25,-5.42,-5.47,-5.21,-6.22,-5.42,-5.89,-8.04
1990-11,1.41,5.36,5.31,5.67,2.88,0.65,2.5,5.62,5.09,5.24,5.38,6.76,4.87,4.58,1.86
1990-12,1.18,1.7,3.88,3.05,-3.59,0.7,1.79,1.82,1.61,3.49,4.22,2.85,3.24,0.84,-6.61
1991-01,1.19,3.77,6.23,7.83,13.4,0.37,2.33,2.8,4.83,4.33,7.9,7.13,8.32,9.71,16.09
1991-02,5.98,8.19,9.58,11.71,18.58,4.65,7.82,8.1,8.27,9.52,9.63,11.35,11.96,15.06,21.28
1991-03,3.49,4.76,4.81,7.03,11.72,3.09,4.06,4.85,4.68,4.45,5.14,6.01,7.8,9.82,13.29
1991-04,4.29,2.21,2.84,2.33,3.84,6.1,1.36,2.18,2.24,3.24,2.54,1.94,2.56,3.25,4.35
1991-05,1.64,3.4,5.08,3.81,2.58,1.09,2.41,3.79,3.03,5.02,5.13,3.77,3.84,4.55,1.14
1991-06,-1.7,-3.09,-3.12,-3.44,-4.2,-1.27,-2.31,-3.0,-3.17,-2.47,-3.7,-3.44,-3.44,-4.3,-4.14
1991-07,3.89,1.83,2.93,3.95,3.56,3.97,3.76,1.52,2.13,2.92,2.93,3.54,4.23,3.27,3.73
1991-08,1.2,2.76,2.45,2.8,3.85,1.0,1.5,2.53,2.98,3.66,1.64,3.0,2.66,3.77,3.9
1991-09,1.66,-0.4,-0.34,1.01,1.05,2.34,0.63,-0.39,-0.41,-0.63,-0.07,-0.1,1.78,0.77,1.27
1991-10,2.6,1.03,1.62,2.53,3.07,2.82,2.29,0.95,1.1,2.05,1.26,1.86,3.03,2.5,3.45
1991-11,-0.7,-2.71,-2.96,-3.65,-2.52,-0.26,-1.29,-2.41,-2.98,-2.51,-3.39,-3.35,-3.87,-2.82,-2.35
1991-12,4.44,7.99,7.75,6.47,1.62,3.2,6.24,7.45,8.48,7.56,7.92,6.5,6.44,5.3,-0.18
1992-01,8.94,4.13,6.38,10.62,24.17,10.92,6.34,3.07,4.95,5.34,7.16,9.85,11.15,14.01,29.23
1992-02,2.06,3.26,4.12,4.74,7.48,1.29,3.02,3.12,3.4,3.33,4.83,5.99,3.81,4.72,9.06
1992-03,0.85,1.74,-0.56,-2.31,-1.96,1.32,0.24,3.29,0.36,-0.21,-0.86,-0.86,-3.22,-3.05,-1.44
1992-04,1.13,2.04,-1.0,-2.84,-6.34,1.38,0.81,1.32,2.78,-0.85,-1.12,-1.87,-3.54,-5.76,-6.58
1992-05,1.26,0.53,0.88,0.2,0.0,1.27,1.25,0.85,0.23,0.49,1.24,0.72,-0.16,-0.17,0.08
1992-06,-0.39,-2.15,-3.18,-3.53,-5.62,-0.11,-0.73,-1.42,-2.87,-2.73,-3.66,-3.57,-3.49,-5.34,-5.74
1992-07,4.0,3.16,3.5,3.75,1.9,4.13,3.88,3.32,2.99,3.38,3.6,4.07,3.51,3.57,1.21
1992-08,-0.4,-1.67,-1.57,-2.06,-3.55,-0.38,-0.42,-1.32,-2.02,-1.87,-1.32,-1.55,-2.4,-2.65,-3.92
1992-09,1.21,1.59,1.93,2.21,1.07,1.03,1.38,1.42,1.75,2.62,1.27,1.92,2.45,2.27,0.64
1992-10,0.44,1.63,1.94,3.77,2.16,-0.3,1.13,1.93,1.33,2.76,1.19,3.75,3.78,4.04,1.57
1992-11,3.18,4.96,6.43,8.11,8.52,1.53,4.74,3.87,5.99,6.16,6.66,6.65,9.2,9.03,8.33
1992-12,3.03,3.29,4.09,3.91,4.03,2.74,3.31,3.14,3.42,4.25,3.97,3.61,4.08,4.47,3.86
1993-01,2.27,2.45,3.69,4.66,9.18,2.23,2.32,2.2,2.69,3.19,4.15,5.33,4.19,4.77,10.97
1993-02,2.8,0.84,0.14,-1.67,-2.41,3.71,1.94,0.92,0.77,0.43,-0.1,-1.39,-1.87,-3.23,-2.12
1993-03,2.76,3.57,3.63,3.69,2.46,2.47,3.02,3.48,3.64,3.22,3.95,3.69,3.69,3.23,2.19
1993-04,-1.45,-2.45,-2.54,-2.79,-1.57,-0.97,-1.89,-2.03,-2.81,-2.68,-2.44,-3.12,-2.53,-2.82,-1.14
1993-05,0.71,1.95,1.99,4.27,5.09,0.28,1.06,1.79,2.1,1.9,2.08,3.53,4.84,4.28,5.38
1993-06,1.47,0.64,0.77,0.75,1.63,1.63,1.33,0.31,0.96,1.59,0.11,0.3,1.14,0.84,1.92
1993-07,1.75,1.6,1.67,1.3,1.19,2.06,1.47,1.67,1.54,1.49,1.83,1.66,1.03,1.44,1.1
1993-08,3.01,3.48,4.85,4.5,3.88,2.43,3.55,4.1,2.99,5.16,4.55,4.67,4.38,4.82,3.54
1993-09,0.55,0.93,1.61,2.8,3.5,0.42,0.65,1.03,0.83,1.03,2.15,2.55,2.98,3.75,3.4
1993-10,-0.23,0.94,2.59,3.1,5.52,-0.88,0.36,0.64,1.26,2.74,2.45,2.88,3.25,4.65,5.83
1993-11,-2.74,-1.38,-1.73,-1.85,-2.86,-3.29,-2.27,-1.97,-0.76,-1.64,-1.8,-1.39,-2.21,-2.36,-3.02
1993-12,2.05,3.22,3.62,3.44,-0.17,2.45,1.63,2.86,3.52,3.64,3.6,3.45,3.43,2.2,-0.84
1994-01,1.93,3.01,3.44,3.78,6.03,1.77,2.09,2.4,3.55,3.24,3.62,4.03,3.59,4.64,6.41
1994-02,-1.65,-0.71,-0.66,-0.42,-0.61,-1.49,-1.83,-0.92,-0.52,-0.57,-0.74,-0.54,-0.33,-0.66,-0.6
1994-03,-2.8,-3.19,-4.02,-4.96,-4.54,-2.26,-3.37,-3.12,-3.25,-3.76,-4.28,-4.31,-5.41,-4.75,-4.47
1994-04,1.35,0.64,0.92,0.53,-2.89,1.63,1.04,1.11,0.2,0.97,0.87,0.4,0.62,-0.63,-3.47
1994-05,0.3,0.87,0.97,0.1,-0.79,0.03,0.55,0.9,0.84,1.04,0.92,0.52,-0.2,-0.48,-0.86
1994-06,-0.73,-0.77,-0.51,-0.58,-4.17,-0.59,-0.87,-1.23,-0.33,0.13,-1.02,0.06,-1.07,-2.61,-4.58
1994-07,2.16,2.72,2.23,1.77,0.9,2.07,2.26,2.92,2.56,2.54,2.0,2.17,1.47,1.94,0.59
1994-08,3.21,3.19,4.09,4.67,3.86,3.36,3.06,2.61,3.74,3.18,4.83,4.37,4.87,4.89,3.57
1994-09,-2.12,-1.08,-0.86,0.11,1.63,-1.67,-2.57,-1.57,-0.58,-0.96,-0.77,-0.12,0.31,1.49,1.67
1994-10,0.27,-0.21,-0.1,-0.2,0.18,0.31,0.24,0.06,-0.46,0.61,-0.65,-0.61,0.08,0.6,0.07
1994-11,-2.93,-4.22,-4.8,-4.03,-4.55,-2.46,-3.41,-4.05,-4.38,-4.81,-4.8,-4.3,-3.8,-3.5,-4.83
1994-12,1.37,1.68,2.28,1.32,-2.96,1.23,1.52,1.63,1.72,1.64,2.85,1.32,1.32,-0.2,-3.7
1995-01,2.76,2.03,1.06,1.32,4.25,3.1,2.39,1.72,2.32,1.65,0.51,1.12,1.46,1.02,5.22
1995-02,3.2,4.57,4.27,3.87,2.6,3.11,3.28,4.82,4.34,3.75,4.69,4.0,3.79,3.7,2.28
1995-03,0.98,2.34,1.98,2.28,1.67,0.68,1.27,1.92,2.77,2.64,1.42,2.69,1.95,2.43,1.43
1995-04,1.94,2.36,2.45,2.48,2.45,1.54,2.34,2.05,2.61,2.78,2.18,2.68,2.37,2.83,2.34
1995-05,3.25,2.54,2.45,2.18,1.59,3.82,2.7,2.27,2.77,2.96,2.0,1.9,2.38,2.3,1.41
1995-06,2.12,2.57,2.98,4.38,6.99,1.85,2.39,2.42,2.71,3.21,2.78,4.18,4.53,6.41,7.15
1995-07,2.33,3.49,4.92,4.93,7.08,1.68,2.96,3.27,3.67,5.18,4.65,5.77,4.35,6.17,7.33
1995-08,2.64,2.83,3.11,3.06,3.98,2.4,2.87,3.23,2.47,3.02,3.19,3.21,2.94,3.09,4.24
1995-09,3.6,2.52,1.92,1.92,3.12,3.34,3.87,2.59,2.46,2.31,1.59,2.27,1.64,2.27,3.35
1995-10,-0.18,-1.61,-2.61,-3.37,-5.81,0.09,-0.45,-2.14,-1.16,-2.08,-3.08,-4.09,-2.83,-3.31,-6.46
1995-11,3.55,4.01,3.65,3.46,0.39,2.62,4.46,4.21,3.84,3.66,3.64,3.62,3.34,3.36,-0.39
1995-12,2.93,2.42,2.17,3.06,-0.53,3.5,2.43,2.86,2.01,2.28,2.08,2.81,3.23,0.99,-0.91
1996-01,1.36,2.24,1.6,0.36,3.93,1.53,1.19,2.55,1.97,1.98,1.26,0.0,0.64,1.62,4.65
1996-02,1.42,2.02,2.46,2.89,4.75,1.05,1.75,1.82,2.19,2.91,2.06,2.47,3.19,3.8,5.01
1996-03,1.3,1.8,2.52,2.81,2.99,1.25,1.36,1.86,1.75,2.14,2.9,2.56,3.01,3.8,2.78
1996-04,0.34,2.04,3.23,5.39,8.37,-0.52,1.18,1.97,2.11,2.48,3.97,4.47,6.26,6.66,8.84
1996-05,1.41,2.38,2.71,3.86,9.56,1.15,1.7,2.34,2.42,2.45,2.96,3.39,4.28,6.26,10.53
1996-06,1.29,-0.18,-0.59,-1.64,-5.29,1.0,1.59,0.18,-0.49,-0.73,-0.47,-0.88,-2.16,-3.32,-5.76
1996-07,-2.85,-3.7,-4.66,-5.26,-11.59,-2.56,-3.15,-3.08,-4.25,-4.7,-4.63,-5.1,-5.37,-8.04,-12.42
1996-08,3.66,4.16,4.41,4.4,4.67,3.5,3.82,3.82,4.49,4.25,4.55,4.17,4.6,5.01,4.59
1996-09,2.91,4.09,3.52,2.8,2.85,2.55,3.28,4.06,4.13,3.99,3.12,3.11,2.56,3.65,2.65
1996-10,2.38,2.17,1.54,1.0,-5.11,2.53,2.23,2.22,2.12,1.48,1.59,1.19,0.86,-1.48,-6.0
1996-11,4.75,5.85,4.31,3.91,1.04,4.11,5.37,5.87,5.83,4.4,4.23,4.31,3.62,3.3,0.41
1996-12,0.81,1.06,2.48,1.68,-1.89,0.89,0.74,0.56,1.52,2.3,2.66,1.35,1.92,1.39,-2.89
1997-01,2.3,3.56,3.59,3.57,8.62,2.12,2.48,4.01,3.18,2.75,4.31,2.38,4.41,4.66,9.85
1997-02,2.67,2.4,2.4,0.42,-3.61,2.77,2.57,2.39,2.41,2.14,2.66,1.39,-0.2,-2.69,-3.85
1997-03,-1.43,-2.53,-2.22,-2.83,-7.07,-1.1,-1.73,-2.02,-3.0,-2.71,-1.78,-3.11,-2.61,-4.36,-7.84
1997-04,0.91,1.53,0.72,-0.44,-4.39,0.52,1.28,1.77,1.31,0.86,0.6,-0.01,-0.79,-2.46,-4.97
1997-05,5.68,6.73,6.91,9.08,10.27,4.32,7.01,6.74,6.73,6.72,7.08,8.35,9.64,11.15,10.01
1997-06,5.68,5.33,6.06,6.2,3.58,5.03,6.3,5.47,5.18,5.76,6.35,6.59,5.87,5.89,2.87
1997-07,5.3,6.2,5.64,5.57,4.78,4.98,5.61,6.21,6.19,5.91,5.4,5.46,5.66,5.81,4.48
1997-08,0.84,0.91,1.29,2.9,4.45,1.13,0.56,0.89,0.94,1.47,1.13,2.32,3.33,3.71,4.63
1997-09,6.91,6.67,7.84,8.37,9.38,6.9,6.92,7.05,6.33,7.86,7.82,7.84,8.75,9.14,9.45
1997-10,0.24,-1.54,-1.67,-1.86,-2.62,0.74,-0.24,-1.1,-1.93,-1.78,-1.56,-1.78,-1.92,-2.46,-2.67
1997-11,2.87,2.05,1.61,0.34,-4.59,3.58,2.23,2.27,1.84,2.01,1.25,0.95,-0.11,-0.53,-5.6
1997-12,5.61,3.89,3.7,1.07,-7.39,5.75,5.47,4.31,3.45,4.15,3.29,1.8,0.46,-1.29,-9.11
1998-01,-1.44,-1.84,-0.2,-0.25,3.02,-1.52,-1.36,-1.55,-2.09,-0.03,-0.36,-0.42,-0.11,0.13,4.02
1998-02,5.09,6.16,6.96,7.03,6.3,4.32,5.91,6.2,6.12,7.36,6.61,7.17,6.94,7.26,5.95
1998-03,4.63,4.28,5.26,5.95,4.84,5.43,3.87,4.45,4.14,5.46,5.08,5.55,6.22,5.78,4.46
1998-04,0.31,1.24,1.99,1.77,3.61,-0.13,0.74,1.34,1.14,2.09,1.9,1.06,2.24,2.06,4.17
1998-05,-1.89,-2.08,-2.47,-3.35,-6.0,-1.51,-2.22,-2.53,-1.7,-1.87,-3.01,-2.6,-3.93,-5.15,-6.33
1998-06,-0.65,-1.39,-1.14,-0.53,-4.49,-0.28,-1.05,-1.57,-1.21,-1.39,-0.91,-0.53,-0.53,-2.09,-5.26
1998-07,-3.76,-3.95,-4.38,-6.1,-6.55,-2.96,-4.6,-4.19,-3.7,-3.57,-5.07,-5.9,-6.24,-6.2,-6.65
1998-08,-10.37,-14.99,-16.33,-18.34,-23.86,-8.04,-12.67,-15.0,-14.97,-16.32,-16.33,-17.46,-18.97,-21.87,-24.56
1998-09,1.32,2.62,2.67,4.28,4.58,1.27,1.37,3.09,2.17,2.58,2.74,4.08,4.46,4.96,4.43
1998-10,1.0,3.48,3.5,3.75,4.14,-0.54,2.42,2.93,3.99,4.04,3.03,3.28,4.1,5.08,3.79
1998-11,3.09,4.26,4.72,7.11,11.16,2.31,3.79,4.39,4.14,4.79,4.65,5.59,8.39,8.36,12.23
1998-12,2.44,1.6,2.36,3.99,2.28,2.44,2.45,1.71,1.51,2.48,2.27,3.6,4.29,3.3,1.91
1999-01,-3.15,-0.48,-0.86,2.43,14.12,-3.29,-3.02,-0.75,-0.24,-1.36,-0.45,2.48,2.39,6.15,17.06
1999-02,-2.67,-3.17,-3.92,-5.41,-5.57,-2.38,-2.93,-3.19,-3.16,-3.61,-4.2,-3.98,-6.24,-7.49,-4.87
1999-03,-2.25,-1.2,-1.47,-1.65,-0.55,-3.18,-1.27,-1.4,-1.0,-2.09,-0.93,-1.36,-1.86,-1.46,-0.23
1999-04,4.74,7.28,7.8,7.83,10.08,3.16,6.52,7.17,7.39,7.2,8.37,6.72,8.76,9.13,10.47
1999-05,2.58,1.82,2.75,3.19,4.23,3.15,1.9,1.77,1.87,2.42,3.06,2.51,3.67,5.16,3.84
1999-06,2.13,3.79,3.85,4.65,3.91,1.45,2.85,2.99,4.56,2.87,4.76,4.33,4.88,5.25,3.36
1999-07,0.5,-0.43,0.11,0.3,1.47,0.89,0.08,-0.31,-0.56,-0.8,0.93,-0.71,1.03,0.0,2.02
1999-08,-2.6,-3.16,-3.85,-3.45,-3.62,-2.01,-3.24,-3.99,-2.35,-3.63,-4.06,-3.94,-3.08,-2.4,-4.04
1999-09,-3.18,-3.67,-3.38,-2.27,-0.64,-2.72,-3.7,-3.93,-3.37,-2.85,-3.86,-2.53,-2.04,-2.0,-0.13
1999-10,0.69,0.8,-0.25,-1.41,-0.06,0.36,1.05,0.2,1.41,0.13,-0.58,-0.82,-1.81,-0.5,0.09
1999-11,-0.68,0.49,1.28,4.52,17.12,-1.13,-0.11,0.51,0.47,1.66,0.93,2.07,6.46,10.46,19.82
1999-12,-2.04,0.41,1.91,5.91,14.98,-2.7,-1.32,0.18,0.64,1.0,2.76,5.12,6.54,8.62,17.61
2000-01,-2.83,-4.21,-1.7,0.4,11.82,-1.39,-4.29,-3.35,-5.08,-3.26,-0.35,-0.03,0.75,3.82,14.55
2000-02,-3.16,-4.52,-1.8,3.26,25.15,-1.97,-4.71,-4.88,-4.16,-2.69,-0.96,1.32,4.96,12.28,29.39
2000-03,3.16,7.0,6.57,4.84,-3.95,1.73,4.9,7.16,6.85,7.03,6.16,6.17,3.77,2.97,-6.05
2000-04,2.09,1.08,-0.32,-2.45,-17.37,2.03,2.14,2.1,-0.04,-0.38,-0.26,-1.9,-2.88,-7.06,-20.47
2000-05,0.61,1.02,0.64,-1.3,-11.49,0.96,0.19,0.91,1.14,0.88,0.42,-0.18,-2.23,-3.59,-13.31
2000-06,1.03,-0.08,-0.02,2.47,13.78,1.15,0.89,0.42,-0.57,-0.11,0.06,2.13,2.77,4.48,15.9
2000-07,2.61,3.2,2.3,1.29,-5.56,2.43,2.84,3.03,3.39,1.44,3.08,0.49,1.89,0.11,-6.84
2000-08,3.86,4.82,4.45,5.69,7.34,3.82,3.92,5.22,4.41,3.62,5.19,6.15,5.31,7.26,7.37
2000-09,2.17,0.33,1.3,-1.46,-8.06,2.83,1.45,0.23,0.43,1.67,0.93,-0.98,-1.83,-2.68,-9.68
2000-10,-0.34,0.71,-0.16,-2.65,-11.4,-0.2,-0.52,0.96,0.44,0.17,-0.44,-0.73,-4.08,-5.7,-13.26
2000-11,1.45,-0.49,-2.58,-6.15,-21.99,1.59,1.28,0.1,-1.01,-2.17,-2.94,-4.35,-7.41,-13.27,-24.93
2000-12,5.26,7.71,6.73,4.72,-7.47,4.82,5.9,7.78,7.65,6.52,6.93,7.08,3.13,-0.08,-9.68
2001-01,3.3,3.52,6.08,11.32,40.82,3.77,2.65,2.77,4.32,5.57,6.51,8.79,13.14,19.64,47.48
2001-02,1.85,1.05,0.45,-2.22,-15.25,1.69,2.08,0.87,1.22,0.76,0.16,0.22,-4.02,-7.19,-17.42
2001-03,-0.35,-0.08,-1.32,-3.14,-12.68,0.31,-1.43,-0.35,0.19,-1.68,-1.02,-2.14,-3.85,-5.56,-14.73
2001-04,2.98,4.4,5.17,5.28,10.59,2.45,3.75,3.53,5.27,5.26,5.09,4.82,5.65,8.25,11.35
2001-05,5.81,4.9,5.8,6.63,7.91,5.75,5.91,5.49,4.24,5.46,6.11,5.57,7.43,9.03,7.57
2001-06,2.51,2.23,2.49,2.32,0.61,2.06,3.08,2.36,2.1,1.83,3.03,1.54,2.99,4.3,-0.5
2001-07,2.13,2.44,1.13,-0.51,-6.6,2.24,1.96,2.12,2.75,2.14,0.11,0.21,-1.12,-1.85,-8.08
2001-08,0.4,-0.04,-0.68,-2.19,-6.9,0.66,0.05,-0.02,-0.06,-0.12,-1.22,-2.76,-1.65,-3.14,-8.36
2001-09,-4.47,-7.65,-9.36,-11.94,-17.29,-3.45,-5.66,-7.54,-7.73,-8.23,-10.27,-11.58,-12.21,-13.76,-18.6
2001-10,0.1,1.41,3.75,6.8,13.09,0.23,-0.04,1.22,1.56,1.95,5.64,6.39,7.15,9.24,14.52
2001-11,3.12,4.97,6.22,7.0,11.15,2.63,3.74,5.17,4.77,6.01,6.4,7.2,6.85,9.05,11.89
2001-12,3.35,4.54,5.86,6.9,7.7,3.15,3.57,4.06,5.06,5.75,5.96,7.0,6.81,6.94,7.97
2002-01,2.06,1.98,1.54,1.73,1.95,2.21,1.9,2.33,1.63,1.86,1.19,2.06,1.45,0.12,2.71
2002-02,2.4,1.69,0.84,-0.42,-8.72,2.23,2.6,1.7,1.69,1.65,0.07,0.2,-0.88,-4.88,-10.28
2002-03,4.99,5.95,6.56,7.86,9.9,4.79,5.23,6.27,5.6,6.38,6.74,7.89,7.84,9.74,9.96
2002-04,4.16,3.46,3.76,2.69,-3.71,4.01,4.33,4.69,2.28,3.78,3.74,2.43,2.87,-1.82,-4.67
2002-05,0.98,0.42,0.2,-1.76,-4.77,1.57,0.28,0.77,0.08,0.64,-0.17,-1.1,-2.26,-3.49,-5.36
2002-06,-1.52,-1.9,-2.3,-4.06,-11.39,-1.57,-1.48,-2.29,-1.59,-2.71,-1.96,-3.32,-4.61,-7.84,-12.98
2002-07,-5.26,-8.05,-10.56,-12.46,-14.61,-4.76,-5.86,-6.96,-8.97,-10.44,-10.68,-11.2,-13.41,-14.37,-14.7
2002-08,1.52,0.7,1.39,0.28,-0.58,1.36,1.78,1.1,0.3,1.02,1.75,0.33,0.23,-1.47,-0.16
2002-09,-3.18,-6.05,-6.63,-6.85,-12.83,-2.47,-4.45,-5.88,-6.2,-5.22,-7.83,-6.53,-7.1,-9.8,-14.24
2002-10,1.5,2.03,1.94,2.89,8.16,1.5,1.49,2.62,1.5,1.55,2.29,1.63,3.77,5.97,9.25
2002-11,2.43,4.15,5.57,9.64,23.25,2.55,2.21,4.09,4.22,5.09,6.05,8.13,10.92,15.12,27.28
2002-12,1.04,-0.19,-1.4,-4.04,-10.89,1.46,0.29,0.64,-1.14,-1.03,-1.7,-2.71,-5.04,-6.56,-12.63
2003-01,0.85,-2.11,-2.52,-0.83,1.85,1.74,-0.67,-1.79,-2.45,-3.19,-1.94,-0.85,-0.82,0.42,2.4
2003-02,0.09,-1.74,-2.7,-2.88,-3.84,0.52,-0.77,-0.99,-2.48,-2.51,-2.87,-3.13,-2.69,-3.0,-4.17
2003-03,0.99,1.25,0.68,0.85,1.7,0.65,1.58,1.38,1.14,0.28,1.03,1.76,0.16,3.0,1.1
2003-04,5.29,6.2,7.93,8.96,14.26,4.94,5.98,6.09,6.34,7.94,7.92,7.94,9.8,11.93,15.43
2003-05,5.26,6.17,7.76,10.58,23.19,5.33,5.17,6.32,6.03,6.93,8.54,9.51,11.49,17.73,25.84
2003-06,1.62,2.15,3.75,3.88,8.18,1.65,1.57,2.3,2.01,3.7,3.8,4.19,3.65,4.75,9.51
2003-07,3.26,4.11,4.3,6.55,10.31,3.18,3.37,4.23,4.01,4.29,4.32,5.85,7.09,8.85,10.82
2003-08,2.25,2.87,3.73,4.89,6.69,1.87,2.64,2.53,3.21,3.29,4.12,4.58,5.14,5.26,7.2
2003-09,1.3,0.19,-0.5,-0.23,4.64,1.49,1.1,1.28,-0.83,-1.33,0.18,-0.16,-0.28,0.11,6.1
2003-10,5.09,6.15,7.07,7.81,10.5,4.63,5.54,6.01,6.28,6.53,7.58,7.23,8.27,9.26,10.94
2003-11,2.81,2.57,3.82,3.87,4.16,2.13,3.48,2.51,2.63,4.3,3.4,4.08,3.71,5.41,3.69
2003-12,4.35,3.82,3.96,3.6,3.15,4.03,4.68,4.06,3.61,4.44,3.57,3.42,3.77,3.47,3.04
2004-01,1.81,2.69,2.84,4.49,11.03,1.71,1.9,2.96,2.42,2.32,3.26,3.72,5.18,6.27,12.82
2004-02,2.49,2.46,2.39,2.33,-0.27,1.95,3.09,2.83,2.08,2.79,2.06,2.55,2.17,1.57,-0.92
2004-03,0.29,0.75,0.5,1.25,-0.2,0.97,-0.36,0.66,0.84,0.5,0.5,0.81,1.61,0.78,-0.59
2004-04,-1.68,-1.57,-1.46,-1.51,-4.74,-2.34,-1.02,-1.25,-1.86,-1.12,-1.77,-1.44,-1.56,-2.7,-5.57
2004-05,0.51,0.19,0.43,0.09,-0.19,0.24,0.77,0.21,0.18,0.29,0.56,0.29,-0.08,0.89,-0.61
2004-06,2.23,2.84,3.73,3.6,1.81,1.92,2.55,3.09,2.61,3.73,3.72,3.92,3.37,3.68,1.16
2004-07,-1.79,-2.38,-3.24,-4.24,-9.96,-1.79,-1.79,-1.7,-3.05,-3.44,-3.06,-3.49,-4.89,-7.18,-10.95
2004-08,1.46,0.72,-0.06,-0.69,-2.91,1.57,1.35,1.25,0.28,0.29,-0.43,-0.38,-0.95,-2.19,-3.18
2004-09,1.53,2.97,4.16,4.3,4.76,1.39,1.68,2.84,3.07,4.05,4.26,4.64,4.05,4.71,4.78
2004-10,1.88,1.85,2.21,2.12,1.77,1.55,2.22,2.06,1.66,2.34,2.08,1.31,2.74,2.44,1.54
2004-11,4.38,5.97,7.42,7.53,11.07,3.91,4.89,5.39,6.49,7.44,7.41,7.78,7.32,9.09,11.76
2004-12,2.93,3.58,3.19,4.87,8.49,2.78,3.1,4.02,3.18,2.9,3.48,3.79,5.83,6.12,9.24
2005-01,-1.52,-1.85,-1.6,-1.73,-5.5,-1.23,-1.81,-1.88,-1.82,-1.92,-1.27,-1.93,-1.58,-2.95,-6.31
2005-02,0.8,1.8,1.6,2.68,0.18,0.54,1.08,1.53,2.03,1.66,1.56,2.54,2.79,2.05,-0.48
2005-03,-0.83,-0.49,-0.77,-2.08,-4.75,-0.84,-0.82,-0.28,-0.67,-0.45,-1.09,-1.74,-2.35,-3.38,-5.23
2005-04,-1.92,-3.16,-4.26,-5.0,-7.87,-1.02,-2.88,-2.42,-3.76,-4.06,-4.44,-5.08,-4.92,-5.95,-8.57
2005-05,2.69,3.6,4.88,5.63,5.69,2.11,3.35,3.52,3.68,4.88,4.89,5.48,5.77,4.68,6.1
2005-06,1.89,2.34,3.55,4.17,3.74,1.87,1.92,2.32,2.35,3.4,3.66,4.1,4.21,4.06,3.61
2005-07,3.32,4.49,5.45,6.45,7.97,2.48,4.02,3.87,5.03,5.39,5.51,6.35,6.54,8.27,7.85
2005-08,-0.67,-0.95,-1.05,-1.28,-1.19,-0.86,-0.48,-1.28,-0.65,-0.72,-1.33,-1.26,-1.3,-0.42,-1.52
2005-09,0.05,0.02,0.45,0.86,0.86,-0.13,0.25,0.21,-0.13,0.14,0.69,0.92,0.81,0.99,0.8
2005-10,-1.11,-1.47,-2.07,-2.86,-4.64,-1.2,-1.01,-2.15,-0.91,-1.87,-2.23,-2.65,-3.03,-3.09,-5.33
2005-11,2.85,3.72,3.56,4.28,3.59,2.5,3.24,3.39,3.96,3.18,3.9,4.92,3.64,4.7,3.11
2005-12,0.73,0.1,0.2,0.93,1.41,0.67,0.79,0.29,-0.05,0.28,0.13,0.57,1.22,1.47,1.39
2006-01,2.05,3.53,5.46,7.96,11.38,1.61,2.55,3.19,3.81,5.47,5.46,7.44,8.4,10.02,11.92
2006-02,1.34,1.29,1.27,-0.21,0.24,1.31,1.36,1.69,0.96,1.82,0.73,0.38,-0.84,-0.3,0.44
2006-03,1.75,3.44,3.36,4.49,5.26,1.94,1.55,2.91,3.93,3.23,3.49,4.44,4.53,4.04,5.72
2006-04,0.74,0.05,0.25,0.84,0.92,0.77,0.71,0.3,-0.2,0.02,0.51,1.16,0.58,1.05,0.87
2006-05,-0.46,-1.92,-3.51,-4.64,-7.22,-0.07,-0.85,-1.53,-2.3,-3.35,-3.66,-4.35,-4.9,-5.79,-7.81
2006-06,0.26,0.15,-0.24,-0.79,-1.7,-0.05,0.57,0.37,-0.06,0.17,-0.63,-0.36,-1.24,-0.86,-2.07
2006-07,0.7,-0.59,-1.98,-3.83,-5.91,1.18,0.15,-0.07,-1.07,-2.1,-1.88,-3.99,-3.67,-5.65,-6.03
2006-08,1.58,2.53,2.71,2.25,1.76,1.48,1.69,2.54,2.52,2.38,3.01,2.33,2.19,1.43,1.91
2006-09,1.4,1.84,1.8,1.55,0.03,0.97,1.84,1.97,1.74,1.45,2.17,2.01,1.14,1.15,-0.44
2006-10,2.51,3.56,4.23,5.55,6.04,2.47,2.54,3.16,3.97,4.23,4.22,5.04,6.06,5.92,6.09
2006-11,1.97,2.4,2.0,2.86,2.96,1.91,2.03,2.2,2.59,2.02,1.98,3.37,2.44,2.22,3.29
2006-12,1.74,1.82,1.45,1.28,1.1,1.57,1.89,1.68,1.95,1.25,1.62,1.22,1.33,1.08,1.1
2007-01,0.94,1.75,2.09,2.55,2.86,0.19,1.67,2.01,1.51,1.94,2.22,3.17,2.01,2.41,3.02
2007-02,0.51,0.2,0.3,0.11,0.13,0.79,0.22,0.06,0.33,0.49,0.1,0.8,-0.59,0.3,0.06
2007-03,0.38,0.57,1.18,0.59,-0.04,0.23,0.54,0.33,0.78,0.94,1.41,0.69,0.49,1.01,-0.45
2007-04,1.54,1.74,1.77,2.73,2.86,1.01,2.15,1.21,2.24,1.13,2.39,2.66,2.8,2.09,3.2
2007-05,2.08,3.12,3.58,3.27,1.41,1.62,2.62,2.8,3.42,3.82,3.36,3.38,3.16,3.51,0.52
2007-06,-1.33,-1.22,-0.94,-0.18,-0.54,-1.03,-1.65,-1.37,-1.09,-1.24,-0.68,-0.67,0.23,-0.38,-0.61
2007-07,-4.17,-4.39,-5.48,-5.53,-5.46,-3.92,-4.42,-3.82,-4.94,-5.18,-5.75,-5.44,-5.62,-5.25,-5.57
2007-08,1.48,0.86,0.68,-0.91,-3.01,1.02,1.98,1.55,0.31,0.76,0.62,-0.25,-1.52,-2.01,-3.57
2007-09,1.62,1.6,1.73,2.23,0.99,1.54,1.72,1.34,1.82,1.31,2.1,2.24,2.22,1.22,0.84
2007-10,1.04,0.65,1.74,1.81,0.2,0.3,1.88,0.42,0.86,2.07,1.38,2.19,1.42,0.14,0.25
2007-11,-3.18,-4.76,-6.43,-8.62,-12.6,-2.45,-4.0,-4.24,-5.25,-6.57,-6.29,-8.26,-8.96,-10.69,-13.91
2007-12,-1.07,-0.47,-1.08,-1.47,-2.09,-1.34,-0.81,-0.52,-0.43,-0.67,-1.43,-1.66,-1.3,-1.27,-2.6
2008-01,-4.36,-5.06,-5.42,-5.93,-5.14,-4.18,-4.55,-4.63,-5.37,-5.18,-5.63,-5.45,-6.52,-5.56,-4.88
2008-02,-0.95,-1.44,-1.74,-3.17,-4.28,-1.01,-0.89,-1.34,-1.55,-2.04,-1.5,-2.19,-4.03,-4.82,-3.83
2008-03,-0.93,-0.7,-0.69,-2.63,-5.08,-1.19,-0.65,-1.0,-0.45,-1.22,-0.25,-1.45,-3.49,-3.32,-6.45
2008-04,1.99,3.28,2.77,3.18,1.67,1.28,2.71,2.99,3.54,2.59,2.95,2.93,3.39,2.55,1.03
2008-05,2.6,3.55,3.69,3.96,3.22,2.22,3.01,3.62,3.49,3.95,3.47,4.01,3.91,3.75,2.9
2008-06,-5.55,-8.88,-8.27,-10.13,-10.85,-4.67,-6.54,-8.52,-9.18,-7.93,-8.57,-10.99,-9.41,-10.96,-10.79
2008-07,1.58,1.95,1.77,1.78,-0.21,0.99,2.11,0.51,2.96,2.57,0.98,1.73,1.83,1.07,-0.8
2008-08,3.16,3.56,3.46,2.88,0.83,2.87,3.4,3.91,3.23,4.26,2.74,2.6,3.17,1.22,0.53
2008-09,-5.9,-9.29,-10.14,-11.02,-14.16,-4.58,-6.97,-8.78,-9.85,-9.99,-10.29,-10.63,-11.34,-12.34,-15.67
2008-10,-14.58,-18.72,-21.72,-23.59,-24.14,-12.02,-16.75,-17.25,-20.08,-21.21,-22.24,-22.81,-24.36,-25.33,-23.16
2008-11,-8.14,-9.72,-13.85,-16.06,-19.13,-7.73,-8.6,-9.26,-10.12,-13.1,-14.6,-14.82,-17.28,-16.48,-21.1
2008-12,2.78,3.51,4.48,5.6,-0.57,1.88,3.72,3.82,3.25,4.47,4.48,6.29,4.91,-0.93,-0.27
2009-01,-4.33,-6.37,-7.05,-5.12,0.52,-3.51,-5.07,-6.16,-6.53,-7.38,-6.74,-5.39,-4.84,-3.92,4.8
2009-02,-8.54,-9.09,-11.13,-13.24,-14.23,-8.38,-8.67,-9.23,-8.99,-11.01,-11.25,-12.43,-13.93,-12.15,-15.63
2009-03,4.17,8.31,10.32,12.45,19.52,3.22,4.89,7.97,8.62,10.39,10.26,10.37,14.57,15.0,22.97
2009-04,5.34,13.28,17.44,25.09,32.52,2.79,7.26,12.09,14.26,16.03,18.67,23.73,26.5,35.26,30.29
2009-05,2.99,4.72,7.08,11.87,15.7,2.79,3.14,4.74,4.69,6.14,8.01,12.05,11.71,14.03,17.35
2009-06,3.35,3.02,2.46,4.42,3.86,5.35,2.09,3.73,2.41,2.44,2.48,5.98,2.93,3.4,4.29
2009-07,5.94,6.76,8.37,10.89,9.77,5.11,6.46,5.9,7.49,8.03,8.73,10.28,11.49,10.35,9.36
2009-08,2.02,1.55,2.25,5.65,13.08,1.19,2.59,1.37,1.71,2.85,1.61,4.65,6.44,7.58,16.49
2009-09,3.21,4.83,5.73,7.1,9.45,2.02,4.09,4.77,4.88,5.13,6.29,6.59,7.56,9.17,9.61
2009-10,-1.35,-4.16,-5.07,-7.07,-9.1,-1.11,-1.53,-3.89,-4.41,-4.97,-5.17,-5.59,-8.56,-7.47,-10.05
2009-11,3.65,2.7,2.13,2.37,0.84,4.12,3.35,3.07,2.4,2.94,1.33,2.62,2.13,1.81,0.23
2009-12,4.38,6.02,6.64,8.34,6.55,4.2,4.5,5.3,6.58,6.91,6.37,7.67,8.9,7.59,5.91
2010-01,-2.62,-2.86,-2.33,-1.43,1.84,-2.17,-3.0,-2.84,-2.89,-2.03,-2.66,-1.45,-1.42,-0.22,2.84
2010-02,2.88,3.99,4.3,4.65,3.44,2.22,3.45,3.85,4.11,4.27,4.33,3.8,5.31,4.35,2.99
2010-03,5.27,7.05,7.85,9.02,8.25,4.57,5.82,6.81,7.29,7.43,8.23,8.88,9.14,9.46,7.61
2010-04,2.58,4.14,5.16,7.21,11.31,2.21,2.88,3.66,4.64,5.06,5.24,6.88,7.52,10.24,11.86
2010-05,-5.42,-6.32,-7.26,-7.96,-10.01,-5.36,-5.47,-6.43,-6.23,-7.16,-7.35,-7.68,-8.24,-9.13,-10.51
2010-06,-2.44,-4.56,-6.55,-7.67,-11.4,-1.17,-3.32,-3.63,-5.31,-6.65,-6.44,-7.65,-7.69,-9.16,-12.7
2010-07,4.18,4.6,5.85,6.53,6.54,4.72,3.81,4.16,4.98,5.24,6.53,6.69,6.4,6.63,6.49
2010-08,-2.67,-5.49,-7.23,-6.22,-9.12,-0.9,-3.97,-5.56,-5.43,-7.31,-7.15,-6.08,-6.35,-8.48,-9.52
2010-09,6.39,10.08,10.77,12.61,11.55,4.77,7.56,9.53,10.6,10.44,11.11,12.35,12.87,13.24,10.56
2010-10,3.06,3.76,4.6,5.16,4.16,2.92,3.18,3.26,4.2,4.42,4.76,5.12,5.2,4.66,3.84
2010-11,0.4,2.64,3.1,3.88,1.2,0.01,0.73,2.25,3.02,2.93,3.27,3.87,3.89,3.51,-0.08
2010-12,5.43,7.06,7.87,9.09,9.53,4.04,6.6,6.65,7.4,7.25,8.45,8.94,9.22,9.26,9.67
2011-01,0.88,1.74,0.75,0.97,3.4,0.87,0.89,2.29,1.22,0.64,0.83,0.98,0.97,2.67,3.78
2011-02,3.32,4.14,4.91,4.96,3.68,2.24,4.15,3.8,4.46,4.75,5.08,5.53,4.38,4.27,3.38
2011-03,1.39,1.98,2.28,2.69,-0.43,1.38,1.4,2.21,1.79,2.2,2.36,2.29,3.08,0.69,-0.97
2011-04,2.88,2.31,2.11,2.6,-0.12,2.7,3.01,2.03,2.56,2.16,2.07,2.79,2.45,0.59,-0.46
2011-05,0.14,-0.93,-1.49,-2.06,-3.48,0.64,-0.24,-0.48,-1.37,-0.76,-2.19,-1.59,-2.46,-1.94,-4.29
2011-06,-0.9,-1.15,-1.92,-1.87,-4.3,-0.97,-0.84,-1.45,-0.82,-1.99,-1.86,-1.97,-1.78,-1.98,-5.35
2011-07,-2.72,-3.18,-2.82,-2.6,-2.11,-2.19,-3.1,-3.46,-2.87,-2.81,-2.83,-3.2,-2.19,-3.51,-1.41
2011-08,-2.77,-6.67,-8.3,-10.8,-12.03,-0.57,-4.52,-5.76,-7.59,-7.82,-8.78,-10.46,-11.15,-10.58,-12.8
2011-09,-4.21,-7.48,-10.68,-11.35,-15.43,-2.42,-5.99,-6.6,-8.41,-10.92,-10.4,-11.68,-11.06,-13.7,-16.45
2011-10,5.84,10.49,12.95,14.73,14.06,3.67,8.06,9.23,11.8,12.46,13.45,15.27,14.3,15.11,13.44
2011-11,0.43,-0.22,-0.51,-2.06,-4.78,1.06,-0.14,0.68,-1.19,0.2,-1.16,-1.59,-2.5,-4.09,-5.2
2011-12,1.9,0.39,0.07,0.27,-1.31,2.58,1.35,0.02,0.74,-0.36,0.51,1.02,-0.39,-0.51,-1.81
2012-01,2.68,6.07,7.52,9.47,13.92,1.4,3.82,5.44,6.63,6.11,8.82,9.0,9.89,11.74,15.24
2012-02,2.7,3.83,4.44,3.52,4.62,2.24,3.11,4.01,3.62,4.83,4.13,3.31,3.69,4.68,4.58
2012-03,2.68,3.04,3.73,3.11,3.28,2.61,2.74,3.01,3.06,3.09,4.23,2.23,3.79,3.4,3.21
2012-04,0.84,-0.58,-0.74,-1.66,-2.38,0.88,0.81,-0.47,-0.67,-0.41,-1.07,-1.75,-1.57,-1.51,-2.86
2012-05,-3.06,-4.97,-6.47,-7.79,-8.67,-2.42,-3.52,-4.91,-5.03,-5.58,-7.4,-7.24,-8.28,-7.24,-9.59
2012-06,4.1,3.52,4.12,5.14,2.97,3.98,4.17,3.54,3.5,3.3,4.92,5.15,5.13,5.12,1.74
2012-07,0.15,-0.63,-1.0,-0.81,-1.82,1.48,-0.56,-1.28,0.04,-1.08,-0.94,-0.52,-1.1,-1.68,-1.9
2012-08,0.88,2.67,2.75,3.92,2.59,-0.78,2.06,2.18,3.2,1.56,3.81,3.86,3.98,3.77,1.95
2012-09,2.99,3.18,3.43,4.36,4.32,2.46,3.36,2.83,3.53,3.49,3.37,3.71,5.04,3.84,4.64
2012-10,-0.26,-0.54,-1.28,-2.02,-3.48,-0.27,-0.26,-0.47,-0.62,-1.04,-1.52,-1.66,-2.31,-3.49,-3.47
2012-11,0.44,1.03,1.16,0.52,-0.44,-0.32,0.99,1.51,0.65,1.76,0.61,0.6,0.45,-0.64,-0.31
2012-12,1.1,2.49,3.23,3.96,1.67,0.25,1.7,2.26,2.7,3.35,3.13,4.33,3.63,3.05,0.87
2013-01,5.38,6.42,6.72,7.21,8.84,5.47,5.3,6.35,6.48,6.89,6.55,6.85,7.62,8.36,9.15
2013-02,2.25,1.92,1.46,1.31,0.13,3.06,1.56,2.58,1.33,1.71,1.23,1.06,1.53,0.77,-0.22
2013-03,4.44,4.24,4.35,4.51,4.42,4.46,4.42,4.95,3.68,4.3,4.39,4.39,4.61,5.05,4.06
2013-04,1.11,0.19,-0.94,-0.31,-0.27,1.64,0.68,0.38,0.0,-0.72,-1.15,0.34,-0.94,-0.49,-0.15
2013-05,0.94,3.95,5.27,5.82,6.0,-0.48,1.93,4.1,3.82,5.51,5.04,6.4,5.33,6.05,5.97
2013-06,0.63,0.69,-0.17,0.39,-0.66,1.12,0.22,0.95,0.4,-0.07,-0.26,-0.3,0.94,0.25,-1.23
2013-07,5.59,6.54,7.28,7.31,8.98,5.13,6.04,6.66,6.43,7.54,7.04,6.63,7.87,7.99,9.6
2013-08,-2.75,-2.55,-2.74,-2.17,-1.41,-2.15,-3.34,-2.58,-2.52,-2.44,-3.03,-2.33,-2.05,-1.62,-1.3
2013-09,3.36,5.47,5.52,5.62,6.71,2.82,3.91,5.24,5.67,5.39,5.64,6.2,5.05,6.8,6.65
2013-10,3.8,3.87,4.08,3.36,0.7,3.6,4.0,3.8,3.93,4.54,3.65,3.08,3.64,2.25,-0.18
2013-11,2.56,3.68,4.8,4.43,4.58,2.53,2.6,3.39,3.99,4.69,4.9,4.38,4.48,4.33,4.73
2013-12,2.08,2.07,2.41,2.36,3.98,1.84,2.31,2.19,1.95,2.57,2.28,2.72,2.01,4.26,3.84
2014-01,-2.13,-3.36,-3.61,-1.22,4.51,-2.14,-2.11,-3.43,-3.29,-3.68,-3.54,-1.96,-0.59,-0.41,7.13
2014-02,3.76,3.78,4.36,4.62,5.27,2.98,4.61,3.86,3.7,4.34,4.39,4.16,5.04,4.74,5.53
2014-03,1.35,1.52,1.29,0.09,-1.7,1.85,0.82,1.49,1.56,1.41,1.19,0.53,-0.22,-0.32,-2.36
2014-04,0.02,-2.49,-2.86,-2.22,-7.22,1.03,-0.98,-2.19,-2.8,-2.63,-3.08,-2.15,-2.29,-4.52,-8.52
2014-05,1.31,1.23,0.87,0.51,-1.37,1.17,1.42,1.56,0.94,1.73,0.12,0.45,0.56,0.01,-2.13
2014-06,3.22,3.61,3.53,3.91,6.55,2.7,3.68,3.43,3.79,3.22,3.8,3.66,4.15,4.97,7.41
2014-07,-3.2,-3.19,-3.98,-4.21,-6.6,-3.41,-3.02,-2.87,-3.47,-4.09,-3.88,-3.81,-4.54,-4.77,-7.57
2014-08,4.0,3.68,3.77,4.2,4.21,3.69,4.32,3.84,3.55,3.5,4.01,4.51,3.9,4.5,4.06
2014-09,-1.92,-3.63,-4.28,-4.71,-6.57,-1.57,-2.32,-3.46,-3.77,-4.08,-4.44,-4.76,-4.67,-5.52,-7.26
2014-10,5.26,5.31,4.74,3.97,-0.3,4.57,5.98,5.26,5.35,5.43,4.06,4.45,3.5,1.44,-1.47
2014-11,1.96,1.15,0.8,-0.35,-1.74,2.08,1.84,1.79,0.67,0.89,0.72,0.05,-0.67,-0.48,-2.53
2014-12,2.11,2.41,2.5,2.7,1.05,1.67,2.55,2.45,2.39,2.17,2.77,2.22,3.09,1.82,0.48
2015-01,-2.05,-3.51,-3.89,-3.47,-3.38,-1.49,-2.59,-3.18,-3.84,-3.52,-4.29,-3.03,-3.87,-3.4,-3.37
2015-02,3.99,6.08,6.6,6.34,7.96,3.96,4.01,5.57,6.54,6.52,6.66,6.03,6.61,7.37,8.32
2015-03,0.7,1.42,1.66,1.34,-2.0,0.61,0.8,1.5,1.35,1.52,1.79,1.5,1.19,0.86,-4.0
2015-04,-0.99,-1.3,-0.64,-0.9,1.83,-0.56,-1.47,-1.42,-1.2,-0.77,-0.49,-1.27,-0.59,-0.41,3.43
2015-05,1.53,1.38,1.22,1.05,0.75,1.68,1.37,1.35,1.4,0.53,1.82,1.06,1.04,1.67,0.14
2015-06,0.97,0.81,0.68,0.28,-1.63,1.21,0.72,0.3,1.24,1.04,0.37,0.21,0.34,0.67,-3.1
2015-07,2.1,-0.06,-1.09,-2.49,-6.64,2.29,1.91,0.37,-0.5,-1.07,-1.1,-2.09,-2.89,-4.6,-7.78
2015-08,-3.34,-4.77,-4.67,-4.45,-4.92,-2.91,-3.74,-4.68,-4.85,-4.65,-4.7,-4.53,-4.39,-5.45,-4.6
2015-09,-0.24,-2.48,-4.0,-5.09,-10.75,0.29,-0.84,-2.0,-2.93,-3.87,-4.1,-4.77,-5.38,-8.58,-12.51
2015-10,4.8,5.65,5.87,5.65,4.4,4.51,5.16,4.65,6.72,6.57,5.15,6.45,4.96,5.02,3.92
2015-11,2.33,1.95,2.49,2.12,2.97,2.66,1.96,1.92,1.99,2.26,2.74,2.16,2.08,1.83,3.84
2015-12,-1.35,-3.72,-3.78,-4.22,-7.39,-0.51,-2.17,-3.56,-3.86,-3.29,-4.24,-4.41,-4.06,-5.44,-8.8
2016-01,-2.94,-6.09,-7.26,-9.21,-15.3,-1.93,-4.02,-5.84,-6.3,-7.12,-7.39,-8.5,-9.8,-15.3,-15.3
2016-02,0.63,0.4,0.43,1.56,-0.91,0.93,0.33,-0.18,0.86,0.49,0.37,2.4,0.92,0.27,-1.89
2016-03,5.1,6.66,7.03,7.39,12.04,4.24,5.87,6.3,7.02,6.58,7.45,7.97,6.91,8.48,15.29
2016-04,1.05,1.37,2.08,3.39,7.49,0.69,1.36,1.61,1.11,1.68,2.42,3.55,3.24,6.99,7.96
2016-05,2.28,2.03,1.5,-0.35,-1.04,2.19,2.36,1.76,2.3,1.23,1.79,-0.57,-0.14,0.3,-2.29
2016-06,1.61,-0.57,-1.3,-0.39,-0.8,2.43,0.95,-0.42,-0.72,-1.33,-1.27,-0.13,-0.59,-0.16,-1.34
2016-07,2.27,4.11,5.32,7.48,7.36,1.26,3.11,3.86,4.35,5.04,5.64,7.46,7.49,6.74,7.82
2016-08,0.16,1.78,1.67,2.09,3.4,-0.61,0.89,1.63,1.93,2.43,0.82,0.84,3.0,3.88,3.09
2016-09,-0.03,0.55,1.25,2.54,4.4,0.09,-0.13,0.67,0.45,0.75,1.77,2.46,2.61,3.66,4.91
2016-10,-0.59,-1.19,-2.94,-4.9,-10.81,-0.72,-0.48,-0.96,-1.42,-2.8,-3.06,-4.0,-5.7,-7.78,-12.68
2016-11,8.66,9.55,10.24,9.35,8.19,8.54,8.77,8.81,10.19,10.41,10.08,9.66,9.1,8.54,7.98
2016-12,3.71,3.71,3.69,2.55,-0.78,3.07,4.36,4.32,3.2,4.04,3.36,2.81,2.31,0.67,-1.63
2017-01,1.2,1.09,0.08,0.45,3.62,1.12,1.26,1.17,1.02,0.54,-0.37,-0.15,0.89,1.88,4.58
2017-02,3.03,2.29,1.98,1.38,1.37,3.2,2.89,2.77,1.88,2.29,1.7,1.35,1.41,0.67,1.74
2017-03,0.59,0.32,0.39,1.26,0.37,0.31,0.82,0.33,0.32,-0.11,0.89,1.33,1.21,1.21,-0.04
2017-04,1.67,1.51,1.75,1.32,-2.21,1.63,1.7,1.55,1.46,1.64,1.82,1.52,1.16,0.54,-3.65
2017-05,1.94,-0.04,-1.23,-2.36,-4.53,2.35,1.62,0.49,-0.44,-1.21,-1.24,-2.11,-2.56,-2.23,-5.54
2017-06,0.73,2.03,2.97,4.17,5.08,0.23,1.11,1.6,2.39,2.56,3.37,4.04,4.28,4.3,5.49
2017-07,1.37,0.94,0.65,-0.09,-1.45,1.66,1.14,0.49,1.34,0.71,0.6,0.59,-0.66,0.91,-2.86
2017-08,0.44,-1.05,-1.36,-1.92,-2.67,1.16,-0.18,-1.16,-0.95,-1.64,-1.1,-2.1,-1.74,-1.55,-3.32
2017-09,2.01,5.8,6.56,7.22,9.78,0.79,3.09,5.08,6.46,6.06,6.99,6.49,7.96,7.91,10.94
2017-10,2.53,2.08,1.33,0.51,-2.48,2.6,2.48,2.26,1.92,1.0,1.68,0.68,0.35,-0.45,-3.74
2017-11,3.32,2.69,3.09,3.3,3.98,3.34,3.31,2.61,2.76,3.91,2.4,3.15,3.43,2.66,4.68
2017-12,-0.26,0.19,-0.06,0.97,2.67,-1.3,0.63,0.13,0.22,-0.72,0.55,1.32,0.69,0.77,3.62
2018-01,2.8,3.29,3.33,3.12,2.94,1.42,4.07,3.08,3.47,3.35,3.29,2.5,3.78,2.91,2.95
2018-02,-3.5,-3.86,-3.27,-3.55,-4.91,-3.67,-3.33,-3.95,-3.79,-3.7,-2.78,-2.95,-4.16,-3.33,-5.67
2018-03,1.33,0.99,0.98,0.99,0.75,1.97,0.68,0.66,1.31,0.41,1.54,1.46,0.58,1.22,0.54
2018-04,0.87,0.82,0.35,1.01,0.68,1.02,0.73,0.54,1.11,0.7,0.05,-0.23,1.87,0.96,0.54
2018-05,2.49,3.35,4.46,6.03,6.31,2.11,2.84,3.7,3.0,4.39,4.52,4.53,7.13,5.19,6.89
2018-06,1.57,0.9,0.9,1.35,0.44,1.79,1.41,0.64,1.19,0.55,1.19,0.98,1.63,2.85,-0.75
2018-07,2.0,2.31,2.55,1.12,-2.06,1.86,2.13,1.96,2.7,2.44,2.63,1.2,1.06,0.59,-3.25
2018-08,2.19,2.15,2.48,4.12,4.58,1.74,2.66,2.34,1.98,2.28,2.68,3.5,4.7,4.9,4.43
2018-09,-1.33,-1.68,-1.22,-1.82,-1.95,-0.87,-1.72,-1.53,-1.84,-1.15,-1.29,-1.64,-2.01,-2.45,-1.7
2018-10,-6.24,-8.04,-9.18,-10.32,-13.17,-5.28,-7.24,-7.38,-8.64,-8.27,-10.08,-10.01,-10.59,-12.5,-13.51
2018-11,3.23,2.04,1.64,-1.31,-2.67,3.53,2.94,2.32,1.73,1.8,1.52,-0.42,-1.97,-2.76,-2.63
2018-12,-8.49,-10.12,-10.53,-12.9,-17.27,-6.77,-10.18,-10.03,-10.22,-9.59,-11.35,-11.99,-13.9,-14.25,-18.5
2019-01,6.32,9.05,10.69,12.9,20.53,4.64,8.11,8.63,9.52,10.9,10.5,12.01,13.76,16.23,22.77
2019-02,4.32,5.25,4.66,5.51,6.07,3.8,4.88,5.68,4.81,4.9,4.43,4.84,6.25,5.39,6.43
2019-03,-0.96,-2.51,-2.33,-2.41,-0.09,-0.23,-1.7,-1.96,-3.08,-2.5,-2.15,-2.41,-2.4,-1.38,0.53
2019-04,3.66,4.41,4.54,3.0,0.18,3.15,4.08,4.38,4.45,5.14,3.95,3.54,2.6,0.78,-0.1
2019-05,-3.01,-6.46,-7.75,-8.64,-10.78,-1.21,-4.76,-6.16,-6.73,-7.56,-7.95,-8.13,-9.07,-10.38,-10.97
2019-06,4.9,6.53,7.82,7.34,3.59,3.87,5.82,6.73,6.35,7.91,7.74,7.9,6.82,4.08,3.34
2019-07,1.36,1.7,1.04,-0.22,-4.12,0.79,1.79,1.29,2.09,1.19,0.9,-1.1,0.56,-1.57,-5.58
2019-08,-0.51,-4.07,-5.7,-6.3,-6.86,0.98,-1.67,-4.46,-3.7,-5.48,-5.88,-6.46,-6.15,-7.65,-6.23
2019-09,2.26,3.69,3.89,2.3,0.92,2.07,2.42,3.11,4.36,4.05,3.74,3.5,1.28,2.7,-0.46
2019-10,0.93,2.18,1.47,1.17,-2.47,0.3,1.49,2.02,2.34,1.8,1.1,1.5,0.87,-0.49,-4.3
2019-11,1.51,3.54,4.44,4.41,4.53,0.97,1.97,2.97,4.09,4.67,4.19,4.47,4.35,5.11,4.07
2019-12,2.69,2.47,2.11,3.68,9.48,2.78,2.62,2.46,2.48,1.76,2.42,2.88,4.41,6.14,11.77
2020-01,-1.94,-2.34,-3.09,-3.33,0.68,-1.42,-2.5,-3.02,-1.69,-2.52,-3.59,-3.56,-3.11,-1.08,1.67
2020-02,-9.11,-8.95,-8.19,-8.78,-4.99,-8.45,-9.81,-8.79,-9.12,-8.39,-8.02,-8.93,-8.63,-6.88,-4.06
2020-03,-16.71,-19.55,-21.69,-26.19,-24.58,-15.57,-18.24,-17.81,-21.55,-21.36,-21.96,-24.0,-28.07,-26.47,-23.45
2020-04,9.57,13.01,15.97,22.72,31.08,8.63,10.62,13.81,12.25,14.07,17.41,19.63,25.71,26.0,35.13
2020-05,5.43,6.91,6.86,10.56,9.46,5.13,5.8,6.29,7.6,6.27,7.45,9.34,11.77,10.65,8.45
2020-06,0.68,3.0,7.74,8.82,10.63,0.82,0.55,3.47,2.62,8.43,7.09,6.93,10.88,9.13,11.93
2020-07,5.01,4.08,2.23,2.35,7.54,5.96,4.25,4.41,3.85,2.09,2.34,2.39,2.32,7.24,7.81
2020-08,2.61,3.9,5.67,6.67,3.25,2.15,2.95,3.57,4.17,5.16,6.07,6.14,7.14,8.15,-0.66
2020-09,-1.87,-3.13,-2.91,-3.54,-2.26,-1.7,-2.02,-3.09,-3.17,-2.98,-2.85,-3.58,-3.49,-2.58,-2.06
2020-10,0.0,2.28,4.1,3.04,-1.6,-0.33,0.33,1.79,2.65,3.04,5.07,3.82,2.24,-0.21,-2.38
2020-11,9.39,13.62,16.79,22.2,27.82,7.47,11.35,12.91,14.16,16.59,16.94,20.24,24.22,25.96,28.95
2020-12,4.92,7.03,8.33,11.91,10.99,2.98,6.56,6.45,7.53,8.41,8.27,9.19,14.49,8.54,13.0
2021-01,-0.6,0.94,3.12,7.24,28.08,-0.85,-0.4,0.34,1.48,2.74,3.43,5.61,8.81,15.09,38.6
2021-02,2.61,6.57,9.76,10.52,11.22,1.31,3.81,6.41,6.71,8.86,10.45,10.51,10.54,12.47,10.33
2021-03,6.56,6.38,4.08,1.48,-2.3,6.8,6.33,6.43,6.33,4.11,4.06,3.29,-0.63,-0.92,-2.93
2021-04,3.93,3.65,2.94,3.09,-1.84,3.55,4.3,4.14,3.28,2.91,2.96,4.08,2.0,1.8,-3.51
2021-05,0.67,2.57,2.62,1.26,0.6,0.73,0.62,2.32,2.75,2.88,2.37,1.66,0.88,1.13,0.35
2021-06,-0.63,-0.84,-1.25,2.73,7.17,-0.42,-0.9,-0.32,-1.34,-1.4,-1.11,1.02,4.16,4.39,8.6
2021-07,1.59,0.8,-0.38,-2.38,-10.05,1.3,2.04,0.89,0.74,-0.83,0.06,-1.91,-2.78,-7.62,-11.34
2021-08,1.27,2.47,2.11,2.34,2.9,0.73,2.09,2.27,2.61,2.16,2.06,2.81,1.91,1.17,3.9
2021-09,-2.75,-2.75,-1.51,-2.43,-3.64,-2.05,-3.84,-2.9,-2.6,-2.36,-0.44,-2.43,-2.43,-3.42,-3.77
2021-10,3.42,4.27,4.33,2.5,0.04,2.78,4.45,4.49,4.07,4.58,4.03,2.83,2.18,1.45,-0.76
2021-11,-0.92,-1.96,-2.39,-5.18,-10.0,-0.2,-2.04,-1.45,-2.34,-1.66,-3.1,-4.24,-5.89,-10.06,-9.97
2021-12,3.85,5.6,4.28,0.4,-6.81,2.58,6.06,5.41,5.8,4.98,3.62,2.85,-1.72,-3.21,-8.82
2022-01,-1.93,-3.66,-5.26,-7.39,-14.78,-1.13,-3.3,-3.38,-3.93,-4.96,-5.52,-6.17,-8.45,-11.74,-16.45
2022-02,0.35,-0.01,0.38,0.85,-1.94,0.63,-0.09,-0.54,0.54,-0.29,1.03,1.91,-0.06,0.35,-3.1
2022-03,1.51,0.06,-0.01,1.3,2.74,1.62,1.3,0.28,-0.19,-0.79,0.61,-0.42,2.52,3.34,2.45
2022-04,-2.88,-6.26,-7.03,-9.83,-18.69,-1.68,-5.13,-5.74,-6.8,-7.05,-7.01,-7.48,-11.56,-14.34,-20.89
2022-05,0.77,1.83,0.91,-2.08,-6.68,0.38,1.51,2.67,1.05,1.33,0.54,-0.17,-3.47,-4.23,-8.11
2022-06,-2.81,-6.36,-8.03,-10.39,-6.29,-1.94,-4.78,-5.53,-7.22,-7.28,-8.67,-9.57,-10.96,-7.54,-5.62
2022-07,3.57,7.45,9.72,10.32,9.23,2.81,5.45,7.07,7.86,9.21,10.17,9.55,10.93,9.21,9.25
2022-08,-1.67,-2.86,-2.97,-1.06,2.71,-1.06,-3.27,-2.93,-2.79,-3.33,-2.64,-1.45,-0.79,1.65,3.22
2022-09,-3.92,-8.1,-10.96,-11.07,-14.46,-2.79,-6.83,-7.51,-8.73,-10.7,-11.19,-10.81,-11.28,-12.18,-15.72
2022-10,6.59,10.66,10.33,8.85,3.43,4.88,10.35,10.46,10.82,11.04,9.75,9.57,8.22,7.14,1.55
2022-11,2.72,5.0,4.61,2.71,-4.93,1.87,4.69,5.15,4.84,6.33,3.14,2.78,2.64,-0.5,-7.04
2022-12,-2.46,-4.51,-4.64,-5.86,-8.75,-1.59,-4.37,-4.61,-4.39,-5.32,-3.98,-5.56,-6.15,-6.84,-9.79
2023-01,1.82,6.84,11.32,15.33,25.72,1.02,3.21,5.66,7.93,10.21,12.37,15.85,14.86,20.84,28.43
2023-02,-0.57,-0.98,-1.39,-2.64,-7.36,-0.5,-0.68,-1.37,-0.6,-1.44,-1.35,-0.99,-4.13,-4.09,-8.99
2023-03,-3.62,-5.17,-3.95,-3.48,-9.85,-2.59,-5.4,-4.93,-5.41,-4.2,-3.73,-3.33,-3.6,-6.83,-10.92
2023-04,0.09,-1.13,-2.84,-2.43,-2.68,0.57,-0.68,-0.66,-1.58,-2.72,-2.95,-2.57,-2.33,-2.52,-2.75
2023-05,-2.53,-3.03,-1.59,-0.7,1.7,-1.91,-3.49,-4.3,-1.95,-0.92,-2.13,-1.51,-0.03,1.57,1.75
2023-06,3.44,7.7,8.53,8.17,4.2,2.14,5.58,6.91,8.51,8.64,8.42,8.74,7.69,7.1,2.71
2023-07,1.27,3.65,5.15,6.97,5.22,0.53,2.43,2.52,4.75,4.51,5.66,6.61,7.28,5.65,5.03
2023-08,-1.05,-2.32,-3.65,-4.65,-11.17,-1.39,-0.58,-2.01,-2.62,-3.21,-4.0,-3.98,-5.17,-7.19,-12.78
